country_name,country_code,year,Share of seats in parliament (% held by women)
Afghanistan,AFG,2010,27.635
Afghanistan,AFG,2011,27.635
Afghanistan,AFG,2012,27.635
Afghanistan,AFG,2013,27.635
Afghanistan,AFG,2014,27.635
Afghanistan,AFG,2015,27.445
Afghanistan,AFG,2016,27.445
Afghanistan,AFG,2017,27.445
Afghanistan,AFG,2019,27.244
Angola,AGO,2010,38.636
Angola,AGO,2011,38.182
Angola,AGO,2012,34.091
Angola,AGO,2013,34.091
Angola,AGO,2014,36.818
Angola,AGO,2015,36.818
Angola,AGO,2016,36.818
Angola,AGO,2017,30.455
Angola,AGO,2019,30.0
Angola,AGO,2018,30.455
Albania,ALB,2010,16.429
Albania,ALB,2011,15.714
Albania,ALB,2012,15.714
Albania,ALB,2013,17.857
Albania,ALB,2014,20.0
Albania,ALB,2015,20.714
Albania,ALB,2016,22.857
Albania,ALB,2017,27.857
Albania,ALB,2019,29.508
Albania,ALB,2018,27.857
Andorra,AND,2010,35.714
Andorra,AND,2011,50.0
Andorra,AND,2012,50.0
Andorra,AND,2013,50.0
Andorra,AND,2014,50.0
Andorra,AND,2015,39.286
Andorra,AND,2016,32.143
Andorra,AND,2017,32.143
Andorra,AND,2019,46.429
Andorra,AND,2018,32.143
United Arab Emirates,ARE,2010,22.5
United Arab Emirates,ARE,2011,17.5
United Arab Emirates,ARE,2012,17.5
United Arab Emirates,ARE,2013,17.5
United Arab Emirates,ARE,2014,17.5
United Arab Emirates,ARE,2015,22.5
United Arab Emirates,ARE,2016,22.5
United Arab Emirates,ARE,2017,22.5
United Arab Emirates,ARE,2019,50.0
United Arab Emirates,ARE,2018,22.5
Argentina,ARG,2010,37.805
Argentina,ARG,2011,37.69
Argentina,ARG,2012,37.69
Argentina,ARG,2013,37.082
Argentina,ARG,2014,37.082
Argentina,ARG,2015,37.082
Argentina,ARG,2016,37.082
Argentina,ARG,2017,38.906
Argentina,ARG,2019,39.877
Argentina,ARG,2018,39.514
Armenia,ARM,2010,9.16
Armenia,ARM,2011,8.397
Armenia,ARM,2012,10.687
Armenia,ARM,2013,10.687
Armenia,ARM,2014,10.687
Armenia,ARM,2015,10.687
Armenia,ARM,2016,10.687
Armenia,ARM,2017,18.095
Armenia,ARM,2019,23.485
Armenia,ARM,2018,18.095
Antigua and Barbuda,ATG,2010,19.444
Antigua and Barbuda,ATG,2011,19.444
Antigua and Barbuda,ATG,2012,19.444
Antigua and Barbuda,ATG,2013,19.444
Antigua and Barbuda,ATG,2014,21.212
Antigua and Barbuda,ATG,2015,25.714
Antigua and Barbuda,ATG,2016,25.714
Antigua and Barbuda,ATG,2017,20.0
Antigua and Barbuda,ATG,2019,31.429
Antigua and Barbuda,ATG,2018,31.429
Australia,AUS,2010,28.319
Australia,AUS,2011,29.204
Australia,AUS,2012,29.204
Australia,AUS,2013,31.111
Australia,AUS,2014,30.088
Australia,AUS,2015,30.531
Australia,AUS,2016,31.416
Australia,AUS,2017,32.743
Australia,AUS,2019,36.564
Australia,AUS,2018,32.743
Austria,AUT,2010,28.279
Austria,AUT,2011,28.689
Austria,AUT,2012,28.689
Austria,AUT,2013,32.245
Austria,AUT,2014,31.429
Austria,AUT,2015,30.328
Austria,AUT,2016,30.328
Austria,AUT,2017,33.607
Austria,AUT,2019,38.525
Austria,AUT,2018,34.836
Azerbaijan,AZE,2010,16.0
Azerbaijan,AZE,2011,16.0
Azerbaijan,AZE,2012,16.0
Azerbaijan,AZE,2013,15.574
Azerbaijan,AZE,2014,15.574
Azerbaijan,AZE,2015,16.935
Azerbaijan,AZE,2016,16.8
Azerbaijan,AZE,2017,16.8
Azerbaijan,AZE,2019,16.807
Azerbaijan,AZE,2018,16.8
Burundi,BDI,2010,36.054
Burundi,BDI,2011,34.932
Burundi,BDI,2012,34.932
Burundi,BDI,2013,34.932
Burundi,BDI,2014,34.932
Burundi,BDI,2015,37.805
Burundi,BDI,2016,37.805
Burundi,BDI,2017,37.805
Burundi,BDI,2019,38.75
Burundi,BDI,2018,38.75
Belgium,BEL,2010,38.914
Belgium,BEL,2011,38.914
Belgium,BEL,2012,38.914
Belgium,BEL,2013,38.914
Belgium,BEL,2014,42.381
Belgium,BEL,2015,42.381
Belgium,BEL,2016,42.381
Belgium,BEL,2017,41.429
Belgium,BEL,2019,43.333
Belgium,BEL,2018,41.429
Benin,BEN,2010,10.843
Benin,BEN,2011,8.434
Benin,BEN,2012,8.434
Benin,BEN,2013,8.434
Benin,BEN,2014,8.434
Benin,BEN,2015,7.229
Benin,BEN,2016,7.229
Benin,BEN,2017,7.229
Benin,BEN,2019,7.229
Benin,BEN,2018,7.229
Burkina Faso,BFA,2010,15.315
Burkina Faso,BFA,2011,15.315
Burkina Faso,BFA,2012,15.748
Burkina Faso,BFA,2013,15.748
Burkina Faso,BFA,2014,15.748
Burkina Faso,BFA,2015,9.449
Burkina Faso,BFA,2016,9.449
Burkina Faso,BFA,2017,11.024
Burkina Faso,BFA,2019,13.386
Burkina Faso,BFA,2018,11.024
Bangladesh,BGD,2010,18.551
Bangladesh,BGD,2011,19.714
Bangladesh,BGD,2012,19.714
Bangladesh,BGD,2013,19.714
Bangladesh,BGD,2014,19.828
Bangladesh,BGD,2015,20.0
Bangladesh,BGD,2016,20.0
Bangladesh,BGD,2017,20.286
Bangladesh,BGD,2019,20.63
Bangladesh,BGD,2018,20.286
Bulgaria,BGR,2010,20.833
Bulgaria,BGR,2011,20.833
Bulgaria,BGR,2012,22.917
Bulgaria,BGR,2013,24.583
Bulgaria,BGR,2014,20.0
Bulgaria,BGR,2015,20.417
Bulgaria,BGR,2016,20.417
Bulgaria,BGR,2017,23.75
Bulgaria,BGR,2019,25.833
Bulgaria,BGR,2018,23.75
Bahrain,BHR,2010,15.0
Bahrain,BHR,2011,18.75
Bahrain,BHR,2012,18.75
Bahrain,BHR,2013,18.75
Bahrain,BHR,2014,17.5
Bahrain,BHR,2015,15.0
Bahrain,BHR,2016,15.0
Bahrain,BHR,2017,15.0
Bahrain,BHR,2019,18.75
Bahrain,BHR,2018,18.75
Bahamas,BHS,2010,17.857
Bahamas,BHS,2011,17.857
Bahamas,BHS,2012,16.667
Bahamas,BHS,2013,16.667
Bahamas,BHS,2014,16.667
Bahamas,BHS,2015,16.667
Bahamas,BHS,2016,16.667
Bahamas,BHS,2017,21.818
Bahamas,BHS,2019,21.818
Bahamas,BHS,2018,21.818
Bosnia and Herzegovina,BIH,2010,15.789
Bosnia and Herzegovina,BIH,2011,19.298
Bosnia and Herzegovina,BIH,2012,19.298
Bosnia and Herzegovina,BIH,2013,19.298
Bosnia and Herzegovina,BIH,2014,19.298
Bosnia and Herzegovina,BIH,2015,19.298
Bosnia and Herzegovina,BIH,2016,19.298
Bosnia and Herzegovina,BIH,2017,19.298
Bosnia and Herzegovina,BIH,2019,21.053
Bosnia and Herzegovina,BIH,2018,19.298
Belarus,BLR,2010,32.143
Belarus,BLR,2011,32.143
Belarus,BLR,2012,29.518
Belarus,BLR,2013,29.518
Belarus,BLR,2014,29.518
Belarus,BLR,2015,29.167
Belarus,BLR,2016,33.929
Belarus,BLR,2017,33.133
Belarus,BLR,2019,34.94
Belarus,BLR,2018,33.133
Belize,BLZ,2010,11.111
Belize,BLZ,2011,11.111
Belize,BLZ,2012,13.333
Belize,BLZ,2013,13.333
Belize,BLZ,2014,13.333
Belize,BLZ,2015,13.333
Belize,BLZ,2016,13.333
Belize,BLZ,2017,11.111
Belize,BLZ,2019,11.111
Belize,BLZ,2018,11.111
Bolivia (Plurinational State of),BOL,2010,30.12
Bolivia (Plurinational State of),BOL,2011,30.12
Bolivia (Plurinational State of),BOL,2012,30.12
Bolivia (Plurinational State of),BOL,2013,30.12
Bolivia (Plurinational State of),BOL,2014,51.807
Bolivia (Plurinational State of),BOL,2015,51.807
Bolivia (Plurinational State of),BOL,2016,51.807
Bolivia (Plurinational State of),BOL,2017,51.807
Bolivia (Plurinational State of),BOL,2019,51.807
Bolivia (Plurinational State of),BOL,2018,51.807
Brazil,BRA,2010,9.596
Brazil,BRA,2011,9.596
Brazil,BRA,2012,9.596
Brazil,BRA,2013,9.596
Brazil,BRA,2014,10.438
Brazil,BRA,2015,10.774
Brazil,BRA,2016,10.774
Brazil,BRA,2017,11.279
Brazil,BRA,2019,14.983
Brazil,BRA,2018,14.983
Barbados,BRB,2010,19.608
Barbados,BRB,2011,19.608
Barbados,BRB,2012,19.608
Barbados,BRB,2013,21.569
Barbados,BRB,2014,21.569
Barbados,BRB,2015,19.608
Barbados,BRB,2016,19.608
Barbados,BRB,2017,19.608
Barbados,BRB,2019,29.412
Barbados,BRB,2018,27.451
Bhutan,BTN,2010,13.889
Bhutan,BTN,2011,13.889
Bhutan,BTN,2012,13.889
Bhutan,BTN,2013,6.944
Bhutan,BTN,2014,8.333
Bhutan,BTN,2015,8.333
Bhutan,BTN,2016,8.333
Bhutan,BTN,2017,8.333
Bhutan,BTN,2019,15.278
Bhutan,BTN,2018,15.278
Botswana,BWA,2010,7.937
Botswana,BWA,2011,7.937
Botswana,BWA,2012,7.937
Botswana,BWA,2013,7.937
Botswana,BWA,2014,9.524
Botswana,BWA,2015,9.524
Botswana,BWA,2016,9.524
Botswana,BWA,2017,9.524
Botswana,BWA,2019,10.769
Botswana,BWA,2018,9.524
Central African Republic,CAF,2010,9.615
Central African Republic,CAF,2011,12.5
Central African Republic,CAF,2012,12.5
Central African Republic,CAF,2016,7.194
Central African Republic,CAF,2017,8.571
Central African Republic,CAF,2019,8.571
Central African Republic,CAF,2018,8.571
Canada,CAN,2010,24.938
Canada,CAN,2011,27.654
Canada,CAN,2012,27.981
Canada,CAN,2013,27.981
Canada,CAN,2014,28.536
Canada,CAN,2015,28.266
Canada,CAN,2016,29.773
Canada,CAN,2017,30.115
Canada,CAN,2019,33.183
Canada,CAN,2018,31.663
Switzerland,CHE,2010,27.642
Switzerland,CHE,2011,26.829
Switzerland,CHE,2012,27.236
Switzerland,CHE,2013,28.862
Switzerland,CHE,2014,28.862
Switzerland,CHE,2015,28.862
Switzerland,CHE,2016,28.862
Switzerland,CHE,2017,29.268
Switzerland,CHE,2019,38.618
Switzerland,CHE,2018,29.268
Chile,CHL,2010,13.924
Chile,CHL,2011,13.924
Chile,CHL,2012,13.924
Chile,CHL,2013,16.456
Chile,CHL,2014,16.456
Chile,CHL,2015,15.823
Chile,CHL,2016,15.823
Chile,CHL,2019,22.727
Chile,CHL,2018,22.727
China,CHN,2010,21.326
China,CHN,2011,21.323
China,CHN,2012,21.323
China,CHN,2013,23.401
China,CHN,2014,23.401
China,CHN,2015,23.623
China,CHN,2016,23.623
China,CHN,2017,24.248
China,CHN,2019,24.941
China,CHN,2018,24.899
Cote d'Ivoire,CIV,2010,8.867
Cote d'Ivoire,CIV,2011,11.024
Cote d'Ivoire,CIV,2012,10.442
Cote d'Ivoire,CIV,2013,10.442
Cote d'Ivoire,CIV,2014,9.449
Cote d'Ivoire,CIV,2015,9.163
Cote d'Ivoire,CIV,2016,9.163
Cote d'Ivoire,CIV,2017,10.588
Cote d'Ivoire,CIV,2019,13.277
Cote d'Ivoire,CIV,2018,10.903
Cameroon,CMR,2010,13.889
Cameroon,CMR,2011,13.889
Cameroon,CMR,2012,13.889
Cameroon,CMR,2013,27.143
Cameroon,CMR,2014,27.143
Cameroon,CMR,2015,27.143
Cameroon,CMR,2016,27.143
Cameroon,CMR,2017,27.143
Cameroon,CMR,2019,29.286
Cameroon,CMR,2018,29.286
Congo (Democratic Republic of the),COD,2010,7.73
Congo (Democratic Republic of the),COD,2012,8.333
Congo (Democratic Republic of the),COD,2013,8.333
Congo (Democratic Republic of the),COD,2014,9.736
Congo (Democratic Republic of the),COD,2015,8.167
Congo (Democratic Republic of the),COD,2016,8.167
Congo (Democratic Republic of the),COD,2017,8.167
Congo (Democratic Republic of the),COD,2019,11.987
Congo (Democratic Republic of the),COD,2018,8.167
Congo,COG,2010,9.179
Congo,COG,2011,9.569
Congo,COG,2012,9.615
Congo,COG,2013,9.615
Congo,COG,2014,11.538
Congo,COG,2015,11.538
Congo,COG,2016,11.538
Congo,COG,2017,13.964
Congo,COG,2019,13.636
Congo,COG,2018,13.964
Colombia,COL,2010,13.806
Colombia,COL,2011,13.585
Colombia,COL,2012,13.585
Colombia,COL,2013,13.585
Colombia,COL,2014,20.896
Colombia,COL,2015,20.896
Colombia,COL,2016,20.896
Colombia,COL,2017,19.776
Colombia,COL,2019,19.565
Colombia,COL,2018,18.996
Comoros,COM,2010,3.03
Comoros,COM,2011,3.03
Comoros,COM,2012,3.03
Comoros,COM,2013,3.03
Comoros,COM,2014,3.03
Comoros,COM,2015,3.03
Comoros,COM,2016,3.03
Comoros,COM,2017,6.061
Comoros,COM,2019,6.061
Comoros,COM,2018,6.061
Cabo Verde,CPV,2010,18.056
Cabo Verde,CPV,2011,20.833
Cabo Verde,CPV,2012,20.833
Cabo Verde,CPV,2013,20.833
Cabo Verde,CPV,2014,20.833
Cabo Verde,CPV,2015,20.833
Cabo Verde,CPV,2016,23.611
Cabo Verde,CPV,2017,23.611
Cabo Verde,CPV,2019,23.611
Cabo Verde,CPV,2018,23.611
Costa Rica,CRI,2010,38.596
Costa Rica,CRI,2011,38.596
Costa Rica,CRI,2012,38.596
Costa Rica,CRI,2013,38.596
Costa Rica,CRI,2014,33.333
Costa Rica,CRI,2015,33.333
Costa Rica,CRI,2016,33.333
Costa Rica,CRI,2017,35.088
Costa Rica,CRI,2019,45.614
Costa Rica,CRI,2018,45.614
Cuba,CUB,2010,43.16
Cuba,CUB,2011,45.222
Cuba,CUB,2012,45.222
Cuba,CUB,2013,48.856
Cuba,CUB,2014,48.856
Cuba,CUB,2015,48.856
Cuba,CUB,2016,48.856
Cuba,CUB,2017,48.856
Cuba,CUB,2019,53.223
Cuba,CUB,2018,53.223
Cyprus,CYP,2010,12.5
Cyprus,CYP,2011,10.714
Cyprus,CYP,2012,10.714
Cyprus,CYP,2013,10.714
Cyprus,CYP,2014,12.5
Cyprus,CYP,2015,12.5
Cyprus,CYP,2016,17.857
Cyprus,CYP,2017,17.857
Cyprus,CYP,2019,17.857
Cyprus,CYP,2018,17.857
Czechia,CZE,2010,20.996
Czechia,CZE,2011,20.996
Czechia,CZE,2012,20.641
Czechia,CZE,2013,18.861
Czechia,CZE,2014,18.505
Czechia,CZE,2015,19.573
Czechia,CZE,2016,19.643
Czechia,CZE,2017,21.071
Czechia,CZE,2019,20.641
Czechia,CZE,2018,20.285
Germany,DEU,2010,31.693
Germany,DEU,2011,32.366
Germany,DEU,2012,32.366
Germany,DEU,2013,35.571
Germany,DEU,2014,35.571
Germany,DEU,2015,36.857
Germany,DEU,2016,36.857
Germany,DEU,2017,31.491
Germany,DEU,2019,31.62
Germany,DEU,2018,31.491
Djibouti,DJI,2010,13.846
Djibouti,DJI,2011,13.846
Djibouti,DJI,2012,13.846
Djibouti,DJI,2013,12.727
Djibouti,DJI,2014,12.727
Djibouti,DJI,2015,12.727
Djibouti,DJI,2016,12.727
Djibouti,DJI,2017,10.769
Djibouti,DJI,2019,26.154
Djibouti,DJI,2018,26.154
Dominica,DMA,2010,12.5
Dominica,DMA,2011,12.5
Dominica,DMA,2012,12.5
Dominica,DMA,2013,12.5
Dominica,DMA,2014,12.903
Dominica,DMA,2015,21.875
Dominica,DMA,2016,21.875
Dominica,DMA,2017,25.0
Dominica,DMA,2019,25.0
Dominica,DMA,2018,25.0
Denmark,DNK,2010,37.989
Denmark,DNK,2011,39.106
Denmark,DNK,2012,39.106
Denmark,DNK,2013,39.106
Denmark,DNK,2014,39.106
Denmark,DNK,2015,37.43
Denmark,DNK,2016,37.43
Denmark,DNK,2017,37.43
Denmark,DNK,2019,39.106
Denmark,DNK,2018,37.43
Dominican Republic,DOM,2010,19.07
Dominican Republic,DOM,2011,19.07
Dominican Republic,DOM,2012,19.07
Dominican Republic,DOM,2013,19.07
Dominican Republic,DOM,2014,19.07
Dominican Republic,DOM,2015,19.07
Dominican Republic,DOM,2016,24.324
Dominican Republic,DOM,2017,24.324
Dominican Republic,DOM,2019,24.324
Dominican Republic,DOM,2018,24.324
Algeria,DZA,2010,7.048
Algeria,DZA,2011,7.238
Algeria,DZA,2012,25.828
Algeria,DZA,2013,25.828
Algeria,DZA,2014,25.743
Algeria,DZA,2015,25.743
Algeria,DZA,2016,25.785
Algeria,DZA,2017,21.322
Algeria,DZA,2019,21.549
Algeria,DZA,2018,21.322
Ecuador,ECU,2010,32.258
Ecuador,ECU,2011,32.258
Ecuador,ECU,2012,32.258
Ecuador,ECU,2013,38.686
Ecuador,ECU,2014,41.606
Ecuador,ECU,2015,41.606
Ecuador,ECU,2016,41.606
Ecuador,ECU,2017,37.956
Ecuador,ECU,2019,37.956
Ecuador,ECU,2018,37.956
Eritrea,ERI,2010,22.0
Eritrea,ERI,2011,22.0
Eritrea,ERI,2012,22.0
Eritrea,ERI,2013,22.0
Eritrea,ERI,2014,22.0
Eritrea,ERI,2015,22.0
Eritrea,ERI,2016,22.0
Eritrea,ERI,2017,22.0
Eritrea,ERI,2019,22.0
Eritrea,ERI,2018,22.0
Spain,ESP,2010,34.095
Spain,ESP,2011,34.91
Spain,ESP,2012,35.227
Spain,ESP,2013,35.227
Spain,ESP,2014,37.013
Spain,ESP,2015,37.987
Spain,ESP,2016,38.636
Spain,ESP,2017,38.636
Spain,ESP,2019,41.857
Spain,ESP,2018,38.636
Estonia,EST,2010,22.772
Estonia,EST,2011,19.802
Estonia,EST,2012,20.792
Estonia,EST,2013,20.792
Estonia,EST,2014,19.0
Estonia,EST,2015,23.762
Estonia,EST,2016,23.762
Estonia,EST,2017,26.733
Estonia,EST,2019,29.703
Estonia,EST,2018,26.733
Ethiopia,ETH,2010,25.513
Ethiopia,ETH,2011,25.513
Ethiopia,ETH,2012,25.513
Ethiopia,ETH,2013,25.513
Ethiopia,ETH,2014,25.513
Ethiopia,ETH,2015,37.286
Ethiopia,ETH,2016,37.286
Ethiopia,ETH,2017,37.286
Ethiopia,ETH,2019,37.286
Ethiopia,ETH,2018,37.286
Finland,FIN,2010,40.0
Finland,FIN,2011,42.5
Finland,FIN,2012,42.5
Finland,FIN,2013,42.5
Finland,FIN,2014,42.5
Finland,FIN,2015,41.5
Finland,FIN,2016,41.5
Finland,FIN,2017,42.0
Finland,FIN,2019,47.0
Finland,FIN,2018,42.0
France,FRA,2010,20.0
France,FRA,2011,20.13
France,FRA,2012,25.108
France,FRA,2013,25.108
France,FRA,2014,25.73
France,FRA,2015,25.73
France,FRA,2016,25.73
France,FRA,2017,35.351
France,FRA,2019,36.865
France,FRA,2018,35.714
Micronesia (Federated States of),FSM,2010,0.1
Micronesia (Federated States of),FSM,2011,0.1
Micronesia (Federated States of),FSM,2012,0.1
Micronesia (Federated States of),FSM,2013,0.1
Micronesia (Federated States of),FSM,2014,0.1
Micronesia (Federated States of),FSM,2015,0.1
Micronesia (Federated States of),FSM,2016,0.1
Micronesia (Federated States of),FSM,2017,0.1
Micronesia (Federated States of),FSM,2019,0.1
Micronesia (Federated States of),FSM,2018,0.1
Gabon,GAB,2010,16.055
Gabon,GAB,2011,15.766
Gabon,GAB,2012,16.667
Gabon,GAB,2013,16.667
Gabon,GAB,2014,15.766
Gabon,GAB,2015,15.982
Gabon,GAB,2016,15.982
Gabon,GAB,2017,17.352
Gabon,GAB,2019,17.949
United Kingdom,GBR,2010,20.969
United Kingdom,GBR,2011,22.072
United Kingdom,GBR,2012,22.553
United Kingdom,GBR,2013,22.553
United Kingdom,GBR,2014,23.023
United Kingdom,GBR,2015,26.746
United Kingdom,GBR,2016,27.348
United Kingdom,GBR,2017,28.522
United Kingdom,GBR,2019,28.909
United Kingdom,GBR,2018,28.938
Georgia,GEO,2010,6.522
Georgia,GEO,2011,6.569
Georgia,GEO,2012,12.0
Georgia,GEO,2013,12.0
Georgia,GEO,2014,12.0
Georgia,GEO,2015,11.333
Georgia,GEO,2016,16.0
Georgia,GEO,2017,16.0
Georgia,GEO,2019,14.765
Georgia,GEO,2018,16.0
Ghana,GHA,2010,8.261
Ghana,GHA,2011,8.261
Ghana,GHA,2013,10.909
Ghana,GHA,2014,10.909
Ghana,GHA,2015,10.909
Ghana,GHA,2016,10.909
Ghana,GHA,2017,12.727
Ghana,GHA,2019,13.091
Ghana,GHA,2018,12.727
Gambia,GMB,2010,7.547
Gambia,GMB,2011,7.547
Gambia,GMB,2012,7.547
Gambia,GMB,2013,7.547
Gambia,GMB,2014,9.434
Gambia,GMB,2015,9.434
Gambia,GMB,2016,9.434
Gambia,GMB,2017,10.345
Gambia,GMB,2019,10.345
Gambia,GMB,2018,10.345
Guinea-Bissau,GNB,2010,10.0
Guinea-Bissau,GNB,2011,10.0
Guinea-Bissau,GNB,2012,14.0
Guinea-Bissau,GNB,2013,14.0
Guinea-Bissau,GNB,2014,13.725
Guinea-Bissau,GNB,2015,13.725
Guinea-Bissau,GNB,2016,13.725
Guinea-Bissau,GNB,2017,13.725
Guinea-Bissau,GNB,2019,13.725
Guinea-Bissau,GNB,2018,13.725
Equatorial Guinea,GNQ,2010,10.0
Equatorial Guinea,GNQ,2011,10.0
Equatorial Guinea,GNQ,2012,10.0
Equatorial Guinea,GNQ,2013,10.286
Equatorial Guinea,GNQ,2014,18.286
Equatorial Guinea,GNQ,2015,19.653
Equatorial Guinea,GNQ,2016,19.653
Equatorial Guinea,GNQ,2019,19.186
Equatorial Guinea,GNQ,2018,18.023
Greece,GRC,2010,17.333
Greece,GRC,2011,18.667
Greece,GRC,2012,21.0
Greece,GRC,2013,21.0
Greece,GRC,2014,21.0
Greece,GRC,2015,19.667
Greece,GRC,2016,19.667
Greece,GRC,2017,18.333
Greece,GRC,2019,20.667
Greece,GRC,2018,18.667
Grenada,GRD,2010,21.429
Grenada,GRD,2011,17.857
Grenada,GRD,2012,17.857
Grenada,GRD,2013,25.0
Grenada,GRD,2014,25.0
Grenada,GRD,2015,25.0
Grenada,GRD,2016,25.0
Grenada,GRD,2017,25.0
Grenada,GRD,2019,39.286
Grenada,GRD,2018,39.286
Guatemala,GTM,2010,12.025
Guatemala,GTM,2011,13.291
Guatemala,GTM,2012,13.291
Guatemala,GTM,2013,13.291
Guatemala,GTM,2014,13.291
Guatemala,GTM,2015,13.924
Guatemala,GTM,2016,13.924
Guatemala,GTM,2017,12.658
Guatemala,GTM,2019,19.375
Guatemala,GTM,2018,12.658
Guyana,GUY,2010,30.0
Guyana,GUY,2011,31.343
Guyana,GUY,2012,31.343
Guyana,GUY,2013,31.343
Guyana,GUY,2014,31.343
Guyana,GUY,2015,30.435
Guyana,GUY,2016,30.435
Guyana,GUY,2017,31.884
Guyana,GUY,2019,31.884
Guyana,GUY,2018,31.884
Honduras,HND,2010,17.969
Honduras,HND,2011,19.531
Honduras,HND,2012,19.531
Honduras,HND,2014,25.781
Honduras,HND,2015,25.781
Honduras,HND,2016,25.781
Honduras,HND,2017,25.781
Honduras,HND,2019,21.094
Honduras,HND,2018,21.094
Croatia,HRV,2010,23.529
Croatia,HRV,2011,23.841
Croatia,HRV,2012,23.841
Croatia,HRV,2013,23.841
Croatia,HRV,2014,23.841
Croatia,HRV,2015,15.232
Croatia,HRV,2016,12.583
Croatia,HRV,2017,18.543
Croatia,HRV,2019,20.53
Croatia,HRV,2018,18.543
Hungary,HUN,2010,9.067
Hungary,HUN,2011,8.808
Hungary,HUN,2012,8.808
Hungary,HUN,2013,8.808
Hungary,HUN,2014,10.05
Hungary,HUN,2015,10.101
Hungary,HUN,2016,10.101
Hungary,HUN,2017,10.05
Hungary,HUN,2019,12.563
Hungary,HUN,2018,12.563
Indonesia,IDN,2010,18.036
Indonesia,IDN,2011,18.214
Indonesia,IDN,2012,18.571
Indonesia,IDN,2013,18.571
Indonesia,IDN,2014,16.937
Indonesia,IDN,2015,17.117
Indonesia,IDN,2016,17.117
Indonesia,IDN,2017,19.821
Indonesia,IDN,2019,17.391
Indonesia,IDN,2018,19.821
India,IND,2010,10.673
India,IND,2011,10.914
India,IND,2012,10.886
India,IND,2013,10.886
India,IND,2014,11.832
India,IND,2015,12.214
India,IND,2016,11.69
India,IND,2017,11.578
India,IND,2019,13.486
India,IND,2018,11.682
Ireland,IRL,2010,16.071
Ireland,IRL,2011,19.027
Ireland,IRL,2012,19.027
Ireland,IRL,2013,19.912
Ireland,IRL,2014,19.469
Ireland,IRL,2015,19.912
Ireland,IRL,2016,24.312
Ireland,IRL,2017,24.312
Ireland,IRL,2019,24.312
Ireland,IRL,2018,24.312
Iran (Islamic Republic of),IRN,2010,2.759
Iran (Islamic Republic of),IRN,2011,2.759
Iran (Islamic Republic of),IRN,2012,3.103
Iran (Islamic Republic of),IRN,2013,3.103
Iran (Islamic Republic of),IRN,2014,3.103
Iran (Islamic Republic of),IRN,2015,3.103
Iran (Islamic Republic of),IRN,2016,5.882
Iran (Islamic Republic of),IRN,2017,5.882
Iran (Islamic Republic of),IRN,2019,5.882
Iran (Islamic Republic of),IRN,2018,5.882
Iraq,IRQ,2010,25.231
Iraq,IRQ,2011,25.231
Iraq,IRQ,2012,25.231
Iraq,IRQ,2013,25.231
Iraq,IRQ,2014,25.305
Iraq,IRQ,2015,26.524
Iraq,IRQ,2016,26.524
Iraq,IRQ,2017,25.305
Iraq,IRQ,2019,25.228
Iraq,IRQ,2018,25.228
Iceland,ISL,2010,42.857
Iceland,ISL,2011,39.683
Iceland,ISL,2012,39.683
Iceland,ISL,2013,39.683
Iceland,ISL,2014,39.683
Iceland,ISL,2015,41.27
Iceland,ISL,2016,47.619
Iceland,ISL,2017,38.095
Iceland,ISL,2019,38.095
Iceland,ISL,2018,38.095
Israel,ISR,2010,19.167
Israel,ISR,2011,20.0
Israel,ISR,2012,20.0
Israel,ISR,2013,22.5
Israel,ISR,2014,22.5
Israel,ISR,2015,26.667
Israel,ISR,2016,26.667
Israel,ISR,2017,27.5
Israel,ISR,2019,23.333
Israel,ISR,2018,27.5
Italy,ITA,2010,20.273
Italy,ITA,2011,20.588
Italy,ITA,2012,20.61
Italy,ITA,2013,30.599
Italy,ITA,2014,30.623
Italy,ITA,2015,30.074
Italy,ITA,2016,30.074
Italy,ITA,2017,30.105
Italy,ITA,2019,35.263
Italy,ITA,2018,35.579
Jamaica,JAM,2010,13.58
Jamaica,JAM,2011,15.476
Jamaica,JAM,2012,15.476
Jamaica,JAM,2013,15.476
Jamaica,JAM,2014,16.667
Jamaica,JAM,2015,16.667
Jamaica,JAM,2016,19.048
Jamaica,JAM,2017,19.048
Jamaica,JAM,2019,19.048
Jamaica,JAM,2018,19.048
Jordan,JOR,2010,12.222
Jordan,JOR,2011,11.111
Jordan,JOR,2012,11.111
Jordan,JOR,2013,12.108
Jordan,JOR,2014,12.0
Jordan,JOR,2015,11.556
Jordan,JOR,2016,15.385
Jordan,JOR,2017,15.385
Jordan,JOR,2019,15.385
Jordan,JOR,2018,15.385
Japan,JPN,2010,13.573
Japan,JPN,2011,13.435
Japan,JPN,2012,11.313
Japan,JPN,2013,10.803
Japan,JPN,2014,10.803
Japan,JPN,2015,11.576
Japan,JPN,2016,13.25
Japan,JPN,2017,13.72
Japan,JPN,2019,14.507
Japan,JPN,2018,13.72
Kazakhstan,KAZ,2010,13.636
Kazakhstan,KAZ,2011,13.636
Kazakhstan,KAZ,2012,18.182
Kazakhstan,KAZ,2013,18.182
Kazakhstan,KAZ,2014,19.753
Kazakhstan,KAZ,2015,20.13
Kazakhstan,KAZ,2016,20.779
Kazakhstan,KAZ,2017,22.078
Kazakhstan,KAZ,2019,22.078
Kazakhstan,KAZ,2018,22.078
Kenya,KEN,2010,9.821
Kenya,KEN,2011,9.821
Kenya,KEN,2012,9.821
Kenya,KEN,2013,19.856
Kenya,KEN,2014,20.335
Kenya,KEN,2015,20.813
Kenya,KEN,2016,20.813
Kenya,KEN,2017,23.261
Kenya,KEN,2019,23.261
Kenya,KEN,2018,23.261
Kyrgyzstan,KGZ,2010,23.333
Kyrgyzstan,KGZ,2011,23.333
Kyrgyzstan,KGZ,2012,23.333
Kyrgyzstan,KGZ,2013,23.333
Kyrgyzstan,KGZ,2014,23.333
Kyrgyzstan,KGZ,2015,19.167
Kyrgyzstan,KGZ,2016,19.167
Kyrgyzstan,KGZ,2017,19.167
Kyrgyzstan,KGZ,2019,19.167
Kyrgyzstan,KGZ,2018,19.167
Cambodia,KHM,2010,19.022
Cambodia,KHM,2011,18.478
Cambodia,KHM,2012,18.478
Cambodia,KHM,2013,18.478
Cambodia,KHM,2014,18.478
Cambodia,KHM,2015,19.022
Cambodia,KHM,2016,19.022
Cambodia,KHM,2017,18.478
Cambodia,KHM,2019,19.251
Cambodia,KHM,2018,19.251
Kiribati,KIR,2010,4.348
Kiribati,KIR,2011,8.696
Kiribati,KIR,2012,8.696
Kiribati,KIR,2013,8.696
Kiribati,KIR,2014,8.696
Kiribati,KIR,2015,8.696
Kiribati,KIR,2016,6.522
Kiribati,KIR,2017,6.522
Kiribati,KIR,2019,6.522
Kiribati,KIR,2018,6.522
Saint Kitts and Nevis,KNA,2010,6.667
Saint Kitts and Nevis,KNA,2011,6.667
Saint Kitts and Nevis,KNA,2012,6.667
Saint Kitts and Nevis,KNA,2013,6.667
Saint Kitts and Nevis,KNA,2014,6.667
Saint Kitts and Nevis,KNA,2015,13.333
Saint Kitts and Nevis,KNA,2016,13.333
Saint Kitts and Nevis,KNA,2017,13.333
Saint Kitts and Nevis,KNA,2019,13.333
Saint Kitts and Nevis,KNA,2018,13.333
Korea (Republic of),KOR,2010,14.716
Korea (Republic of),KOR,2011,14.716
Korea (Republic of),KOR,2012,15.667
Korea (Republic of),KOR,2013,15.667
Korea (Republic of),KOR,2014,16.333
Korea (Republic of),KOR,2015,16.333
Korea (Republic of),KOR,2016,17.0
Korea (Republic of),KOR,2017,17.0
Korea (Republic of),KOR,2019,16.667
Korea (Republic of),KOR,2018,17.0
Kuwait,KWT,2010,7.692
Kuwait,KWT,2011,7.692
Kuwait,KWT,2012,6.154
Kuwait,KWT,2013,6.154
Kuwait,KWT,2014,1.538
Kuwait,KWT,2015,1.538
Kuwait,KWT,2016,2.0
Kuwait,KWT,2017,3.077
Kuwait,KWT,2019,4.615
Kuwait,KWT,2018,3.077
Lao People's Democratic Republic,LAO,2010,25.217
Lao People's Democratic Republic,LAO,2011,25.0
Lao People's Democratic Republic,LAO,2012,25.0
Lao People's Democratic Republic,LAO,2013,25.0
Lao People's Democratic Republic,LAO,2014,25.0
Lao People's Democratic Republic,LAO,2015,25.0
Lao People's Democratic Republic,LAO,2016,27.517
Lao People's Democratic Republic,LAO,2017,27.517
Lao People's Democratic Republic,LAO,2019,27.517
Lao People's Democratic Republic,LAO,2018,27.517
Lebanon,LBN,2010,3.125
Lebanon,LBN,2011,3.125
Lebanon,LBN,2012,3.125
Lebanon,LBN,2013,3.125
Lebanon,LBN,2014,3.125
Lebanon,LBN,2015,3.125
Lebanon,LBN,2016,3.125
Lebanon,LBN,2017,3.125
Lebanon,LBN,2019,4.688
Lebanon,LBN,2018,4.688
Liberia,LBR,2010,13.83
Liberia,LBR,2011,10.68
Liberia,LBR,2012,11.65
Liberia,LBR,2013,11.65
Liberia,LBR,2014,11.65
Liberia,LBR,2015,10.68
Liberia,LBR,2016,10.68
Liberia,LBR,2017,9.901
Liberia,LBR,2019,11.65
Liberia,LBR,2018,11.65
Libya,LBY,2010,7.692
Libya,LBY,2012,16.5
Libya,LBY,2013,16.5
Libya,LBY,2014,15.957
Libya,LBY,2015,15.957
Libya,LBY,2016,15.957
Libya,LBY,2017,15.957
Libya,LBY,2019,15.957
Libya,LBY,2018,15.957
Saint Lucia,LCA,2010,20.69
Saint Lucia,LCA,2011,24.138
Saint Lucia,LCA,2012,17.241
Saint Lucia,LCA,2013,17.241
Saint Lucia,LCA,2014,17.241
Saint Lucia,LCA,2015,20.69
Saint Lucia,LCA,2016,20.69
Saint Lucia,LCA,2017,20.69
Saint Lucia,LCA,2019,20.69
Saint Lucia,LCA,2018,20.69
Liechtenstein,LIE,2010,24.0
Liechtenstein,LIE,2011,24.0
Liechtenstein,LIE,2012,24.0
Liechtenstein,LIE,2013,20.0
Liechtenstein,LIE,2014,20.0
Liechtenstein,LIE,2015,20.0
Liechtenstein,LIE,2016,20.0
Liechtenstein,LIE,2017,12.0
Liechtenstein,LIE,2019,12.0
Liechtenstein,LIE,2018,12.0
Sri Lanka,LKA,2010,5.333
Sri Lanka,LKA,2011,5.778
Sri Lanka,LKA,2012,5.778
Sri Lanka,LKA,2013,5.778
Sri Lanka,LKA,2014,5.778
Sri Lanka,LKA,2015,4.889
Sri Lanka,LKA,2016,5.778
Sri Lanka,LKA,2017,5.778
Sri Lanka,LKA,2019,5.333
Sri Lanka,LKA,2018,5.778
Lesotho,LSO,2010,22.876
Lesotho,LSO,2011,23.529
Lesotho,LSO,2012,26.797
Lesotho,LSO,2013,26.797
Lesotho,LSO,2014,26.797
Lesotho,LSO,2015,24.837
Lesotho,LSO,2016,24.837
Lesotho,LSO,2017,22.727
Lesotho,LSO,2019,23.026
Lesotho,LSO,2018,22.727
Lithuania,LTU,2010,19.149
Lithuania,LTU,2011,19.149
Lithuania,LTU,2012,24.46
Lithuania,LTU,2013,24.113
Lithuania,LTU,2014,24.113
Lithuania,LTU,2015,23.404
Lithuania,LTU,2016,21.277
Lithuania,LTU,2017,21.277
Lithuania,LTU,2019,21.277
Lithuania,LTU,2018,21.277
Luxembourg,LUX,2010,20.0
Luxembourg,LUX,2011,25.0
Luxembourg,LUX,2012,21.667
Luxembourg,LUX,2013,28.333
Luxembourg,LUX,2014,28.333
Luxembourg,LUX,2015,28.333
Luxembourg,LUX,2016,28.333
Luxembourg,LUX,2017,28.333
Luxembourg,LUX,2019,25.0
Luxembourg,LUX,2018,20.0
Latvia,LVA,2010,20.0
Latvia,LVA,2011,23.0
Latvia,LVA,2012,23.0
Latvia,LVA,2013,23.0
Latvia,LVA,2014,18.0
Latvia,LVA,2015,18.0
Latvia,LVA,2016,18.0
Latvia,LVA,2017,16.0
Latvia,LVA,2019,30.0
Latvia,LVA,2018,31.0
Morocco,MAR,2010,6.723
Morocco,MAR,2011,10.977
Morocco,MAR,2012,10.977
Morocco,MAR,2013,10.977
Morocco,MAR,2014,10.977
Morocco,MAR,2015,15.728
Morocco,MAR,2016,18.447
Morocco,MAR,2017,18.447
Morocco,MAR,2019,18.447
Morocco,MAR,2018,18.447
Monaco,MCO,2010,26.087
Monaco,MCO,2011,19.048
Monaco,MCO,2012,19.048
Monaco,MCO,2013,20.833
Monaco,MCO,2014,20.833
Monaco,MCO,2015,20.833
Monaco,MCO,2016,20.833
Monaco,MCO,2017,20.833
Monaco,MCO,2019,33.333
Monaco,MCO,2018,33.333
Moldova (Republic of),MDA,2010,18.812
Moldova (Republic of),MDA,2011,19.802
Moldova (Republic of),MDA,2012,19.802
Moldova (Republic of),MDA,2013,19.802
Moldova (Republic of),MDA,2014,17.822
Moldova (Republic of),MDA,2015,21.782
Moldova (Republic of),MDA,2016,21.782
Moldova (Republic of),MDA,2017,22.772
Moldova (Republic of),MDA,2019,25.743
Moldova (Republic of),MDA,2018,22.772
Madagascar,MDG,2010,12.139
Madagascar,MDG,2011,12.139
Madagascar,MDG,2012,15.849
Madagascar,MDG,2013,15.849
Madagascar,MDG,2014,20.53
Madagascar,MDG,2015,20.53
Madagascar,MDG,2016,20.093
Madagascar,MDG,2017,19.626
Madagascar,MDG,2019,16.901
Madagascar,MDG,2018,19.626
Maldives,MDV,2010,6.494
Maldives,MDV,2011,6.494
Maldives,MDV,2012,6.494
Maldives,MDV,2013,6.494
Maldives,MDV,2014,5.882
Maldives,MDV,2015,5.882
Maldives,MDV,2016,5.882
Maldives,MDV,2017,5.882
Maldives,MDV,2019,4.598
Maldives,MDV,2018,5.882
Mexico,MEX,2010,24.841
Mexico,MEX,2011,25.478
Mexico,MEX,2012,35.987
Mexico,MEX,2013,35.987
Mexico,MEX,2014,36.783
Mexico,MEX,2015,40.575
Mexico,MEX,2016,40.605
Mexico,MEX,2017,41.401
Mexico,MEX,2019,48.408
Mexico,MEX,2018,48.408
Marshall Islands,MHL,2010,3.03
Marshall Islands,MHL,2011,3.03
Marshall Islands,MHL,2012,3.03
Marshall Islands,MHL,2013,3.03
Marshall Islands,MHL,2014,3.03
Marshall Islands,MHL,2015,9.091
Marshall Islands,MHL,2016,9.091
Marshall Islands,MHL,2017,9.091
Marshall Islands,MHL,2019,6.061
Marshall Islands,MHL,2018,9.091
North Macedonia,MKD,2010,32.5
North Macedonia,MKD,2011,30.894
North Macedonia,MKD,2012,32.52
North Macedonia,MKD,2013,34.146
North Macedonia,MKD,2014,33.333
North Macedonia,MKD,2015,33.333
North Macedonia,MKD,2016,33.333
North Macedonia,MKD,2017,37.5
North Macedonia,MKD,2019,39.167
North Macedonia,MKD,2018,38.333
Mali,MLI,2010,10.204
Mali,MLI,2011,10.204
Mali,MLI,2012,10.204
Mali,MLI,2014,9.524
Mali,MLI,2015,8.844
Mali,MLI,2016,8.844
Mali,MLI,2017,8.844
Mali,MLI,2019,9.524
Mali,MLI,2018,8.844
Malta,MLT,2010,8.696
Malta,MLT,2011,8.696
Malta,MLT,2012,8.696
Malta,MLT,2013,14.286
Malta,MLT,2014,14.286
Malta,MLT,2015,12.857
Malta,MLT,2016,12.857
Malta,MLT,2017,11.94
Malta,MLT,2019,14.925
Malta,MLT,2018,11.94
Myanmar,MMR,2010,4.049
Myanmar,MMR,2011,2.936
Myanmar,MMR,2012,4.58
Myanmar,MMR,2013,4.58
Myanmar,MMR,2014,4.288
Myanmar,MMR,2015,13.035
Myanmar,MMR,2016,10.046
Myanmar,MMR,2017,10.245
Myanmar,MMR,2019,11.568
Myanmar,MMR,2018,10.245
Montenegro,MNE,2010,11.111
Montenegro,MNE,2011,12.346
Montenegro,MNE,2012,17.284
Montenegro,MNE,2013,16.049
Montenegro,MNE,2014,17.284
Montenegro,MNE,2015,17.284
Montenegro,MNE,2016,23.457
Montenegro,MNE,2017,23.457
Montenegro,MNE,2019,28.395
Montenegro,MNE,2018,23.457
Mongolia,MNG,2010,3.947
Mongolia,MNG,2011,3.947
Mongolia,MNG,2012,14.865
Mongolia,MNG,2013,14.865
Mongolia,MNG,2014,14.865
Mongolia,MNG,2015,14.474
Mongolia,MNG,2016,17.105
Mongolia,MNG,2017,17.105
Mongolia,MNG,2019,17.333
Mongolia,MNG,2018,17.105
Mozambique,MOZ,2010,39.2
Mozambique,MOZ,2011,39.2
Mozambique,MOZ,2012,39.2
Mozambique,MOZ,2013,39.2
Mozambique,MOZ,2014,39.2
Mozambique,MOZ,2015,39.6
Mozambique,MOZ,2016,39.6
Mozambique,MOZ,2017,39.6
Mozambique,MOZ,2019,41.2
Mozambique,MOZ,2018,39.6
Mauritania,MRT,2010,19.205
Mauritania,MRT,2011,19.205
Mauritania,MRT,2012,19.205
Mauritania,MRT,2014,22.167
Mauritania,MRT,2015,22.167
Mauritania,MRT,2016,22.167
Mauritania,MRT,2017,25.17
Mauritania,MRT,2019,20.261
Mauritania,MRT,2018,20.261
Mauritius,MUS,2010,18.841
Mauritius,MUS,2011,18.841
Mauritius,MUS,2012,18.841
Mauritius,MUS,2013,18.841
Mauritius,MUS,2014,18.841
Mauritius,MUS,2015,11.594
Mauritius,MUS,2016,11.594
Mauritius,MUS,2017,11.594
Mauritius,MUS,2019,20.0
Mauritius,MUS,2018,11.594
Malawi,MWI,2010,20.833
Malawi,MWI,2011,22.28
Malawi,MWI,2012,22.28
Malawi,MWI,2013,22.28
Malawi,MWI,2014,16.667
Malawi,MWI,2015,16.667
Malawi,MWI,2016,16.667
Malawi,MWI,2017,16.667
Malawi,MWI,2019,22.917
Malawi,MWI,2018,16.667
Malaysia,MYS,2010,13.986
Malaysia,MYS,2011,12.937
Malaysia,MYS,2012,13.24
Malaysia,MYS,2013,13.879
Malaysia,MYS,2014,14.235
Malaysia,MYS,2015,13.24
Malaysia,MYS,2016,12.937
Malaysia,MYS,2017,13.103
Malaysia,MYS,2019,15.517
Malaysia,MYS,2018,15.808
Namibia,NAM,2010,25.0
Namibia,NAM,2011,25.0
Namibia,NAM,2012,25.0
Namibia,NAM,2013,25.0
Namibia,NAM,2015,37.692
Namibia,NAM,2016,36.301
Namibia,NAM,2017,36.301
Namibia,NAM,2019,36.957
Namibia,NAM,2018,39.726
Nigeria,NGA,2010,7.281
Nigeria,NGA,2011,6.725
Nigeria,NGA,2012,6.61
Nigeria,NGA,2013,6.61
Nigeria,NGA,2014,6.61
Nigeria,NGA,2015,5.769
Nigeria,NGA,2016,5.769
Nigeria,NGA,2017,5.769
Nigeria,NGA,2019,4.113
Nigeria,NGA,2018,5.769
Nicaragua,NIC,2010,20.652
Nicaragua,NIC,2011,40.217
Nicaragua,NIC,2012,40.217
Nicaragua,NIC,2013,40.217
Nicaragua,NIC,2014,42.391
Nicaragua,NIC,2015,41.304
Nicaragua,NIC,2016,45.652
Nicaragua,NIC,2017,45.652
Nicaragua,NIC,2019,44.565
Nicaragua,NIC,2018,45.652
Netherlands,NLD,2010,38.667
Netherlands,NLD,2011,39.111
Netherlands,NLD,2012,37.778
Netherlands,NLD,2013,37.778
Netherlands,NLD,2014,37.778
Netherlands,NLD,2015,36.444
Netherlands,NLD,2016,36.444
Netherlands,NLD,2017,35.556
Netherlands,NLD,2019,33.778
Netherlands,NLD,2018,35.556
Norway,NOR,2010,39.645
Norway,NOR,2011,39.645
Norway,NOR,2012,39.645
Norway,NOR,2013,39.645
Norway,NOR,2014,39.645
Norway,NOR,2015,39.645
Norway,NOR,2016,39.645
Norway,NOR,2017,41.42
Norway,NOR,2019,40.828
Norway,NOR,2018,41.42
Nepal,NPL,2010,33.165
Nepal,NPL,2011,33.165
Nepal,NPL,2012,33.165
Nepal,NPL,2013,29.481
Nepal,NPL,2014,29.481
Nepal,NPL,2015,29.549
Nepal,NPL,2016,29.58
Nepal,NPL,2017,29.58
Nepal,NPL,2019,33.533
Nepal,NPL,2018,33.533
Nauru,NRU,2010,0.1
Nauru,NRU,2011,0.1
Nauru,NRU,2012,0.1
Nauru,NRU,2013,5.263
Nauru,NRU,2014,5.263
Nauru,NRU,2015,5.263
Nauru,NRU,2016,5.263
Nauru,NRU,2017,10.526
Nauru,NRU,2019,10.526
Nauru,NRU,2018,10.526
New Zealand,NZL,2010,33.607
New Zealand,NZL,2011,32.231
New Zealand,NZL,2012,32.231
New Zealand,NZL,2013,32.231
New Zealand,NZL,2014,29.752
New Zealand,NZL,2015,31.405
New Zealand,NZL,2016,31.405
New Zealand,NZL,2017,38.333
New Zealand,NZL,2019,40.833
New Zealand,NZL,2018,38.333
Oman,OMN,2010,8.974
Oman,OMN,2011,9.581
Oman,OMN,2012,9.581
Oman,OMN,2013,9.581
Oman,OMN,2014,9.581
Oman,OMN,2015,8.235
Oman,OMN,2016,8.824
Oman,OMN,2017,8.824
Oman,OMN,2019,9.884
Oman,OMN,2018,8.824
Pakistan,PAK,2010,21.041
Pakistan,PAK,2011,21.267
Pakistan,PAK,2012,21.076
Pakistan,PAK,2013,19.672
Pakistan,PAK,2014,19.672
Pakistan,PAK,2015,20.045
Pakistan,PAK,2016,20.045
Pakistan,PAK,2017,20.045
Pakistan,PAK,2019,20.0
Pakistan,PAK,2018,20.0
Panama,PAN,2010,8.451
Panama,PAN,2011,8.451
Panama,PAN,2012,8.451
Panama,PAN,2013,8.451
Panama,PAN,2014,19.298
Panama,PAN,2015,18.31
Panama,PAN,2016,18.31
Panama,PAN,2017,18.31
Panama,PAN,2019,21.127
Panama,PAN,2018,18.31
Peru,PER,2010,27.5
Peru,PER,2011,21.538
Peru,PER,2012,21.538
Peru,PER,2013,21.538
Peru,PER,2014,22.308
Peru,PER,2015,22.308
Peru,PER,2016,27.692
Peru,PER,2017,27.692
Peru,PER,2019,30.0
Peru,PER,2018,27.692
Philippines,PHL,2010,21.452
Philippines,PHL,2011,22.15
Philippines,PHL,2012,22.15
Philippines,PHL,2013,27.157
Philippines,PHL,2014,27.157
Philippines,PHL,2015,27.07
Philippines,PHL,2016,29.43
Philippines,PHL,2017,29.114
Philippines,PHL,2019,28.049
Philippines,PHL,2018,29.114
Palau,PLW,2010,6.897
Palau,PLW,2011,6.897
Palau,PLW,2012,10.345
Palau,PLW,2013,10.345
Palau,PLW,2014,10.345
Palau,PLW,2015,10.345
Palau,PLW,2016,13.793
Palau,PLW,2017,13.793
Palau,PLW,2019,13.793
Palau,PLW,2018,13.793
Papua New Guinea,PNG,2010,0.917
Papua New Guinea,PNG,2011,0.917
Papua New Guinea,PNG,2012,2.703
Papua New Guinea,PNG,2013,2.703
Papua New Guinea,PNG,2014,2.703
Papua New Guinea,PNG,2015,2.703
Papua New Guinea,PNG,2016,2.703
Papua New Guinea,PNG,2017,0.1
Papua New Guinea,PNG,2019,0.1
Papua New Guinea,PNG,2018,0.1
Poland,POL,2010,17.857
Poland,POL,2011,21.786
Poland,POL,2012,21.786
Poland,POL,2013,21.786
Poland,POL,2014,22.321
Poland,POL,2015,24.821
Poland,POL,2016,24.821
Poland,POL,2017,25.536
Poland,POL,2019,27.857
Poland,POL,2018,25.536
Korea (Democratic People's Rep. of),PRK,2010,15.575
Korea (Democratic People's Rep. of),PRK,2011,15.575
Korea (Democratic People's Rep. of),PRK,2012,15.575
Korea (Democratic People's Rep. of),PRK,2013,15.575
Korea (Democratic People's Rep. of),PRK,2014,16.303
Korea (Democratic People's Rep. of),PRK,2015,16.303
Korea (Democratic People's Rep. of),PRK,2016,16.303
Korea (Democratic People's Rep. of),PRK,2017,16.303
Korea (Democratic People's Rep. of),PRK,2019,17.613
Korea (Democratic People's Rep. of),PRK,2018,16.303
Portugal,PRT,2010,27.391
Portugal,PRT,2011,28.696
Portugal,PRT,2012,28.696
Portugal,PRT,2013,31.304
Portugal,PRT,2014,31.304
Portugal,PRT,2015,34.783
Portugal,PRT,2016,34.783
Portugal,PRT,2017,34.783
Portugal,PRT,2019,38.696
Portugal,PRT,2018,34.783
Paraguay,PRY,2010,13.6
Paraguay,PRY,2011,13.6
Paraguay,PRY,2012,13.6
Paraguay,PRY,2013,18.4
Paraguay,PRY,2014,16.8
Paraguay,PRY,2015,16.8
Paraguay,PRY,2016,16.8
Paraguay,PRY,2017,16.0
Paraguay,PRY,2019,16.8
Paraguay,PRY,2018,16.0
Qatar,QAT,2010,0.1
Qatar,QAT,2011,0.1
Qatar,QAT,2012,0.1
Qatar,QAT,2013,0.1
Qatar,QAT,2014,0.1
Qatar,QAT,2015,0.1
Qatar,QAT,2016,0.1
Qatar,QAT,2017,9.756
Qatar,QAT,2019,9.756
Qatar,QAT,2018,9.756
Romania,ROU,2010,9.766
Romania,ROU,2011,9.657
Romania,ROU,2012,11.565
Romania,ROU,2013,11.565
Romania,ROU,2014,11.664
Romania,ROU,2015,11.951
Romania,ROU,2016,11.951
Romania,ROU,2017,18.71
Romania,ROU,2019,19.57
Romania,ROU,2018,18.71
Russian Federation,RUS,2010,11.47
Russian Federation,RUS,2011,11.147
Russian Federation,RUS,2012,12.072
Russian Federation,RUS,2013,12.072
Russian Federation,RUS,2014,12.072
Russian Federation,RUS,2015,14.516
Russian Federation,RUS,2016,13.871
Russian Federation,RUS,2017,16.129
Russian Federation,RUS,2019,16.452
Russian Federation,RUS,2018,16.129
Rwanda,RWA,2010,50.943
Rwanda,RWA,2011,51.887
Rwanda,RWA,2012,51.887
Rwanda,RWA,2013,57.547
Rwanda,RWA,2014,57.547
Rwanda,RWA,2015,57.547
Rwanda,RWA,2016,57.547
Rwanda,RWA,2017,55.66
Rwanda,RWA,2019,55.66
Rwanda,RWA,2018,55.66
Saudi Arabia,SAU,2010,0.1
Saudi Arabia,SAU,2011,0.1
Saudi Arabia,SAU,2012,0.1
Saudi Arabia,SAU,2013,19.868
Saudi Arabia,SAU,2014,19.868
Saudi Arabia,SAU,2015,19.868
Saudi Arabia,SAU,2016,19.868
Saudi Arabia,SAU,2017,19.868
Saudi Arabia,SAU,2019,19.868
Saudi Arabia,SAU,2018,19.868
Sudan,SDN,2010,24.187
Sudan,SDN,2011,24.084
Sudan,SDN,2012,24.084
Sudan,SDN,2013,24.084
Sudan,SDN,2014,23.76
Sudan,SDN,2015,31.042
Sudan,SDN,2016,31.042
Sudan,SDN,2017,31.042
Sudan,SDN,2019,27.536
Sudan,SDN,2018,31.042
Senegal,SEN,2010,29.6
Senegal,SEN,2011,29.6
Senegal,SEN,2012,42.667
Senegal,SEN,2013,42.667
Senegal,SEN,2014,43.333
Senegal,SEN,2015,42.667
Senegal,SEN,2016,42.667
Senegal,SEN,2017,41.818
Senegal,SEN,2019,41.818
Senegal,SEN,2018,41.818
Singapore,SGP,2010,23.404
Singapore,SGP,2011,22.222
Singapore,SGP,2012,24.242
Singapore,SGP,2013,24.242
Singapore,SGP,2014,25.253
Singapore,SGP,2015,23.913
Singapore,SGP,2016,23.762
Singapore,SGP,2017,23.0
Singapore,SGP,2019,23.0
Singapore,SGP,2018,23.0
Solomon Islands,SLB,2010,0.1
Solomon Islands,SLB,2011,0.1
Solomon Islands,SLB,2012,2.0
Solomon Islands,SLB,2013,2.0
Solomon Islands,SLB,2014,2.0
Solomon Islands,SLB,2015,2.0
Solomon Islands,SLB,2016,2.0
Solomon Islands,SLB,2017,2.0
Solomon Islands,SLB,2019,4.082
Solomon Islands,SLB,2018,2.041
Sierra Leone,SLE,2010,13.223
Sierra Leone,SLE,2011,12.903
Sierra Leone,SLE,2012,12.397
Sierra Leone,SLE,2013,12.397
Sierra Leone,SLE,2014,12.097
Sierra Leone,SLE,2015,12.397
Sierra Leone,SLE,2016,12.397
Sierra Leone,SLE,2017,12.397
Sierra Leone,SLE,2019,12.329
Sierra Leone,SLE,2018,12.329
El Salvador,SLV,2010,19.048
El Salvador,SLV,2011,19.048
El Salvador,SLV,2012,26.19
El Salvador,SLV,2013,26.19
El Salvador,SLV,2014,27.381
El Salvador,SLV,2015,32.143
El Salvador,SLV,2016,32.143
El Salvador,SLV,2017,32.143
El Salvador,SLV,2019,30.952
El Salvador,SLV,2018,30.952
San Marino,SMR,2010,16.667
San Marino,SMR,2011,18.333
San Marino,SMR,2012,16.667
San Marino,SMR,2013,18.333
San Marino,SMR,2014,18.333
San Marino,SMR,2015,16.667
San Marino,SMR,2016,23.333
San Marino,SMR,2017,26.667
San Marino,SMR,2019,25.0
San Marino,SMR,2018,26.667
Somalia,SOM,2010,6.777
Somalia,SOM,2011,6.777
Somalia,SOM,2012,13.818
Somalia,SOM,2013,13.818
Somalia,SOM,2014,13.818
Somalia,SOM,2015,13.818
Somalia,SOM,2017,24.316
Somalia,SOM,2019,24.316
Somalia,SOM,2018,24.316
Serbia,SRB,2010,21.6
Serbia,SRB,2011,22.0
Serbia,SRB,2012,33.2
Serbia,SRB,2013,33.2
Serbia,SRB,2014,34.0
Serbia,SRB,2015,34.0
Serbia,SRB,2016,34.0
Serbia,SRB,2017,34.4
Serbia,SRB,2019,37.652
Serbia,SRB,2018,34.4
Sao Tome and Principe,STP,2010,18.182
Sao Tome and Principe,STP,2011,18.182
Sao Tome and Principe,STP,2012,18.182
Sao Tome and Principe,STP,2013,18.182
Sao Tome and Principe,STP,2014,18.182
Sao Tome and Principe,STP,2015,18.182
Sao Tome and Principe,STP,2016,18.182
Sao Tome and Principe,STP,2017,18.182
Sao Tome and Principe,STP,2019,14.545
Sao Tome and Principe,STP,2018,14.545
Suriname,SUR,2010,9.804
Suriname,SUR,2011,11.765
Suriname,SUR,2012,11.765
Suriname,SUR,2013,11.765
Suriname,SUR,2014,11.765
Suriname,SUR,2015,25.49
Suriname,SUR,2016,25.49
Suriname,SUR,2017,25.49
Suriname,SUR,2019,31.373
Suriname,SUR,2018,25.49
Slovakia,SVK,2010,15.333
Slovakia,SVK,2011,16.0
Slovakia,SVK,2012,18.667
Slovakia,SVK,2013,18.667
Slovakia,SVK,2014,18.667
Slovakia,SVK,2015,18.667
Slovakia,SVK,2016,20.0
Slovakia,SVK,2017,20.0
Slovakia,SVK,2019,20.0
Slovakia,SVK,2018,20.0
Slovenia,SVN,2010,10.769
Slovenia,SVN,2011,23.077
Slovenia,SVN,2012,24.615
Slovenia,SVN,2013,24.615
Slovenia,SVN,2014,26.923
Slovenia,SVN,2015,27.692
Slovenia,SVN,2016,27.692
Slovenia,SVN,2017,28.682
Slovenia,SVN,2019,22.308
Slovenia,SVN,2018,20.0
Sweden,SWE,2010,44.986
Sweden,SWE,2011,44.699
Sweden,SWE,2012,44.699
Sweden,SWE,2013,44.986
Sweden,SWE,2014,44.699
Sweden,SWE,2015,43.553
Sweden,SWE,2016,43.553
Sweden,SWE,2017,43.553
Sweden,SWE,2019,47.278
Sweden,SWE,2018,46.132
Eswatini (Kingdom of),SWZ,2010,21.875
Eswatini (Kingdom of),SWZ,2011,21.875
Eswatini (Kingdom of),SWZ,2012,21.875
Eswatini (Kingdom of),SWZ,2013,14.737
Eswatini (Kingdom of),SWZ,2014,14.737
Eswatini (Kingdom of),SWZ,2015,14.737
Eswatini (Kingdom of),SWZ,2016,14.737
Eswatini (Kingdom of),SWZ,2017,14.737
Eswatini (Kingdom of),SWZ,2019,12.121
Eswatini (Kingdom of),SWZ,2018,12.121
Seychelles,SYC,2010,23.529
Seychelles,SYC,2011,43.75
Seychelles,SYC,2012,43.75
Seychelles,SYC,2013,43.75
Seychelles,SYC,2014,43.75
Seychelles,SYC,2015,43.75
Seychelles,SYC,2016,21.212
Seychelles,SYC,2017,21.212
Seychelles,SYC,2019,21.212
Seychelles,SYC,2018,21.212
Syrian Arab Republic,SYR,2010,12.4
Syrian Arab Republic,SYR,2011,12.4
Syrian Arab Republic,SYR,2012,12.0
Syrian Arab Republic,SYR,2013,12.0
Syrian Arab Republic,SYR,2014,12.0
Syrian Arab Republic,SYR,2015,12.4
Syrian Arab Republic,SYR,2016,13.2
Syrian Arab Republic,SYR,2017,13.2
Syrian Arab Republic,SYR,2019,13.2
Syrian Arab Republic,SYR,2018,13.2
Chad,TCD,2010,5.161
Chad,TCD,2011,12.766
Chad,TCD,2012,14.894
Chad,TCD,2013,14.894
Chad,TCD,2014,14.894
Chad,TCD,2015,14.894
Chad,TCD,2016,14.894
Chad,TCD,2017,12.766
Chad,TCD,2019,14.881
Chad,TCD,2018,15.254
Togo,TGO,2010,11.111
Togo,TGO,2011,11.111
Togo,TGO,2012,11.111
Togo,TGO,2013,15.385
Togo,TGO,2014,17.582
Togo,TGO,2015,17.582
Togo,TGO,2016,17.582
Togo,TGO,2017,17.582
Togo,TGO,2019,16.484
Togo,TGO,2018,17.582
Thailand,THA,2010,13.965
Thailand,THA,2011,15.716
Thailand,THA,2012,15.716
Thailand,THA,2013,15.716
Thailand,THA,2014,6.091
Thailand,THA,2015,6.091
Thailand,THA,2016,6.091
Thailand,THA,2017,4.8
Thailand,THA,2019,14.133
Thailand,THA,2018,5.285
Tajikistan,TJK,2010,17.526
Tajikistan,TJK,2011,17.526
Tajikistan,TJK,2012,17.526
Tajikistan,TJK,2013,17.526
Tajikistan,TJK,2014,15.217
Tajikistan,TJK,2015,14.737
Tajikistan,TJK,2016,20.0
Tajikistan,TJK,2017,20.0
Tajikistan,TJK,2019,20.0
Tajikistan,TJK,2018,20.0
Turkmenistan,TKM,2010,16.8
Turkmenistan,TKM,2011,16.8
Turkmenistan,TKM,2012,16.8
Turkmenistan,TKM,2013,16.8
Turkmenistan,TKM,2014,26.4
Turkmenistan,TKM,2015,25.806
Turkmenistan,TKM,2016,25.806
Turkmenistan,TKM,2017,25.806
Turkmenistan,TKM,2019,25.0
Turkmenistan,TKM,2018,24.8
Timor-Leste,TLS,2010,29.231
Timor-Leste,TLS,2011,32.308
Timor-Leste,TLS,2012,38.462
Timor-Leste,TLS,2013,38.462
Timor-Leste,TLS,2014,38.462
Timor-Leste,TLS,2015,38.462
Timor-Leste,TLS,2016,38.462
Timor-Leste,TLS,2017,32.308
Timor-Leste,TLS,2019,38.462
Timor-Leste,TLS,2018,33.846
Tonga,TON,2010,0.1
Tonga,TON,2011,3.571
Tonga,TON,2012,3.571
Tonga,TON,2013,3.571
Tonga,TON,2014,0.1
Tonga,TON,2015,0.1
Tonga,TON,2016,0.1
Tonga,TON,2017,7.692
Tonga,TON,2019,7.407
Tonga,TON,2018,7.407
Trinidad and Tobago,TTO,2010,27.397
Trinidad and Tobago,TTO,2011,27.397
Trinidad and Tobago,TTO,2012,26.027
Trinidad and Tobago,TTO,2013,26.027
Trinidad and Tobago,TTO,2014,24.658
Trinidad and Tobago,TTO,2015,31.507
Trinidad and Tobago,TTO,2016,31.507
Trinidad and Tobago,TTO,2017,30.137
Trinidad and Tobago,TTO,2019,32.877
Trinidad and Tobago,TTO,2018,30.137
Tunisia,TUN,2010,23.313
Tunisia,TUN,2011,26.728
Tunisia,TUN,2012,26.728
Tunisia,TUN,2013,26.728
Tunisia,TUN,2014,31.336
Tunisia,TUN,2015,31.336
Tunisia,TUN,2016,31.336
Tunisia,TUN,2017,31.336
Tunisia,TUN,2019,22.581
Tunisia,TUN,2018,31.336
Turkey,TUR,2010,9.107
Turkey,TUR,2011,14.182
Turkey,TUR,2012,14.182
Turkey,TUR,2013,14.416
Turkey,TUR,2014,14.416
Turkey,TUR,2015,14.909
Turkey,TUR,2016,14.909
Turkey,TUR,2017,14.572
Turkey,TUR,2019,17.45
Turkey,TUR,2018,17.45
Tuvalu,TUV,2010,0.1
Tuvalu,TUV,2011,6.667
Tuvalu,TUV,2012,6.667
Tuvalu,TUV,2013,6.667
Tuvalu,TUV,2014,6.667
Tuvalu,TUV,2015,6.667
Tuvalu,TUV,2016,6.667
Tuvalu,TUV,2017,6.667
Tuvalu,TUV,2019,6.25
Tuvalu,TUV,2018,6.667
Uganda,UGA,2010,31.288
Uganda,UGA,2011,34.974
Uganda,UGA,2012,34.974
Uganda,UGA,2013,34.974
Uganda,UGA,2014,34.974
Uganda,UGA,2015,34.974
Uganda,UGA,2016,33.489
Uganda,UGA,2017,34.298
Uganda,UGA,2019,34.858
Uganda,UGA,2018,34.298
Ukraine,UKR,2010,8.0
Ukraine,UKR,2011,8.0
Ukraine,UKR,2012,9.438
Ukraine,UKR,2013,9.438
Ukraine,UKR,2014,11.667
Ukraine,UKR,2015,12.085
Ukraine,UKR,2016,12.019
Ukraine,UKR,2017,12.293
Ukraine,UKR,2019,20.519
Ukraine,UKR,2018,12.293
Uruguay,URY,2010,14.615
Uruguay,URY,2011,12.308
Uruguay,URY,2012,12.308
Uruguay,URY,2013,12.308
Uruguay,URY,2014,11.538
Uruguay,URY,2015,19.231
Uruguay,URY,2016,19.231
Uruguay,URY,2017,22.308
Uruguay,URY,2019,20.93
Uruguay,URY,2018,22.308
United States,USA,2010,16.822
United States,USA,2011,16.854
United States,USA,2012,18.352
United States,USA,2013,18.233
United States,USA,2014,19.439
United States,USA,2015,19.476
United States,USA,2016,19.549
United States,USA,2017,19.663
United States,USA,2019,23.729
United States,USA,2018,23.596
Uzbekistan,UZB,2010,19.2
Uzbekistan,UZB,2011,19.2
Uzbekistan,UZB,2012,19.2
Uzbekistan,UZB,2013,19.2
Uzbekistan,UZB,2014,19.2
Uzbekistan,UZB,2015,16.4
Uzbekistan,UZB,2016,16.4
Uzbekistan,UZB,2017,16.4
Uzbekistan,UZB,2019,16.4
Uzbekistan,UZB,2018,16.4
Saint Vincent and the Grenadines,VCT,2010,14.286
Saint Vincent and the Grenadines,VCT,2011,17.391
Saint Vincent and the Grenadines,VCT,2012,17.391
Saint Vincent and the Grenadines,VCT,2013,13.043
Saint Vincent and the Grenadines,VCT,2014,13.043
Saint Vincent and the Grenadines,VCT,2015,13.043
Saint Vincent and the Grenadines,VCT,2016,13.043
Saint Vincent and the Grenadines,VCT,2017,13.043
Saint Vincent and the Grenadines,VCT,2019,13.043
Saint Vincent and the Grenadines,VCT,2018,13.043
Venezuela (Bolivarian Republic of),VEN,2010,16.97
Venezuela (Bolivarian Republic of),VEN,2011,16.97
Venezuela (Bolivarian Republic of),VEN,2012,16.97
Venezuela (Bolivarian Republic of),VEN,2013,16.97
Venezuela (Bolivarian Republic of),VEN,2014,16.97
Venezuela (Bolivarian Republic of),VEN,2015,16.97
Venezuela (Bolivarian Republic of),VEN,2016,14.371
Venezuela (Bolivarian Republic of),VEN,2017,22.156
Venezuela (Bolivarian Republic of),VEN,2019,22.156
Venezuela (Bolivarian Republic of),VEN,2018,22.156
Viet Nam,VNM,2010,25.761
Viet Nam,VNM,2011,24.4
Viet Nam,VNM,2012,24.4
Viet Nam,VNM,2013,24.4
Viet Nam,VNM,2014,24.297
Viet Nam,VNM,2015,24.297
Viet Nam,VNM,2016,26.721
Viet Nam,VNM,2017,26.721
Viet Nam,VNM,2019,26.721
Viet Nam,VNM,2018,26.721
Vanuatu,VUT,2010,3.846
Vanuatu,VUT,2011,1.923
Vanuatu,VUT,2012,0.1
Vanuatu,VUT,2013,0.1
Vanuatu,VUT,2014,0.1
Vanuatu,VUT,2015,0.1
Vanuatu,VUT,2016,0.1
Vanuatu,VUT,2017,0.1
Vanuatu,VUT,2019,0.1
Vanuatu,VUT,2018,0.1
Samoa,WSM,2010,8.163
Samoa,WSM,2011,4.082
Samoa,WSM,2012,4.082
Samoa,WSM,2013,4.082
Samoa,WSM,2014,6.122
Samoa,WSM,2015,6.122
Samoa,WSM,2016,10.0
Samoa,WSM,2017,10.0
Samoa,WSM,2019,10.0
Samoa,WSM,2018,10.0
Yemen,YEM,2010,0.728
Yemen,YEM,2011,0.728
Yemen,YEM,2012,0.728
Yemen,YEM,2013,0.728
Yemen,YEM,2014,0.728
Yemen,YEM,2015,0.487
Yemen,YEM,2016,0.518
Yemen,YEM,2017,0.518
Yemen,YEM,2019,0.971
Yemen,YEM,2018,0.518
South Africa,ZAF,2010,42.731
South Africa,ZAF,2011,41.06
South Africa,ZAF,2012,41.06
South Africa,ZAF,2013,41.06
South Africa,ZAF,2014,40.749
South Africa,ZAF,2015,41.189
South Africa,ZAF,2016,41.189
South Africa,ZAF,2017,41.031
South Africa,ZAF,2019,45.333
South Africa,ZAF,2018,41.834
Zambia,ZMB,2010,14.013
Zambia,ZMB,2011,11.465
Zambia,ZMB,2012,11.465
Zambia,ZMB,2013,11.465
Zambia,ZMB,2014,10.759
Zambia,ZMB,2015,12.658
Zambia,ZMB,2016,17.964
Zambia,ZMB,2017,17.964
Zambia,ZMB,2019,17.964
Zambia,ZMB,2018,17.964
Zimbabwe,ZWE,2010,17.891
Zimbabwe,ZWE,2011,17.891
Zimbabwe,ZWE,2012,17.891
Zimbabwe,ZWE,2013,35.143
Zimbabwe,ZWE,2014,35.143
Zimbabwe,ZWE,2015,35.143
Zimbabwe,ZWE,2016,35.143
Zimbabwe,ZWE,2017,36.152
Zimbabwe,ZWE,2019,34.571
Zimbabwe,ZWE,2018,34.286
Haiti,HTI,2011,4.0
Haiti,HTI,2012,3.478
Haiti,HTI,2013,3.478
Haiti,HTI,2014,3.478
Haiti,HTI,2015,3.478
Haiti,HTI,2016,0.1
Haiti,HTI,2017,2.74
Haiti,HTI,2019,2.74
Haiti,HTI,2018,2.74
Niger,NER,2011,13.274
Niger,NER,2012,13.274
Niger,NER,2013,13.274
Niger,NER,2014,13.274
Niger,NER,2015,13.274
Niger,NER,2016,14.62
Niger,NER,2017,16.959
Niger,NER,2019,16.959
Niger,NER,2018,16.959
South Sudan,SSD,2011,24.346
South Sudan,SSD,2012,24.346
South Sudan,SSD,2013,24.346
South Sudan,SSD,2014,24.346
South Sudan,SSD,2015,24.346
South Sudan,SSD,2016,26.559
South Sudan,SSD,2017,26.559
South Sudan,SSD,2019,26.559
South Sudan,SSD,2018,26.559
Tanzania (United Republic of),TZA,2011,36.0
Tanzania (United Republic of),TZA,2012,36.0
Tanzania (United Republic of),TZA,2013,36.0
Tanzania (United Republic of),TZA,2014,36.0
Tanzania (United Republic of),TZA,2015,36.0
Tanzania (United Republic of),TZA,2016,36.559
Tanzania (United Republic of),TZA,2017,37.179
Tanzania (United Republic of),TZA,2019,36.896
Tanzania (United Republic of),TZA,2018,37.179
Egypt,EGY,2012,2.18
Egypt,EGY,2016,14.933
Egypt,EGY,2017,14.933
Egypt,EGY,2019,14.933
Egypt,EGY,2018,14.933
Fiji,FJI,2014,14.0
Fiji,FJI,2015,16.0
Fiji,FJI,2016,16.0
Fiji,FJI,2017,16.0
Fiji,FJI,2019,19.608
Fiji,FJI,2018,19.608
Guinea,GIN,2014,21.93
Guinea,GIN,2015,21.93
Guinea,GIN,2016,21.93
Guinea,GIN,2017,21.93
Guinea,GIN,2019,22.807
Guinea,GIN,2018,21.93
Brunei Darussalam,BRN,2016,6.452
Brunei Darussalam,BRN,2017,9.091
Brunei Darussalam,BRN,2019,9.091
Brunei Darussalam,BRN,2018,9.091
