country_name,country_code,year,Gender Development Index (GDI)
Afghanistan,AFG,2010,0.595
Afghanistan,AFG,2011,0.609
Afghanistan,AFG,2012,0.618
Afghanistan,AFG,2013,0.627
Afghanistan,AFG,2014,0.634
Afghanistan,AFG,2015,0.639
Afghanistan,AFG,2016,0.646
Afghanistan,AFG,2017,0.658
Afghanistan,AFG,2018,0.663
Afghanistan,AFG,2019,0.659
Albania,ALB,2010,0.961
Albania,ALB,2011,0.958
Albania,ALB,2012,0.972
Albania,ALB,2013,0.966
Albania,ALB,2014,0.964
Albania,ALB,2015,0.969
Albania,ALB,2016,0.965
Albania,ALB,2017,0.964
Albania,ALB,2018,0.971
Albania,ALB,2019,0.967
Argentina,ARG,2010,0.993
Argentina,ARG,2011,0.992
Argentina,ARG,2012,0.992
Argentina,ARG,2013,0.994
Argentina,ARG,2014,0.992
Argentina,ARG,2015,0.993
Argentina,ARG,2016,0.994
Argentina,ARG,2017,0.993
Argentina,ARG,2018,0.992
Argentina,ARG,2019,0.993
Armenia,ARM,2010,0.964
Armenia,ARM,2011,0.97
Armenia,ARM,2012,0.971
Armenia,ARM,2013,0.975
Armenia,ARM,2014,0.978
Armenia,ARM,2015,0.975
Armenia,ARM,2016,0.974
Armenia,ARM,2017,0.978
Armenia,ARM,2018,0.978
Armenia,ARM,2019,0.982
Australia,AUS,2010,0.976
Australia,AUS,2011,0.976
Australia,AUS,2012,0.976
Australia,AUS,2013,0.975
Australia,AUS,2014,0.975
Australia,AUS,2015,0.975
Australia,AUS,2016,0.975
Australia,AUS,2017,0.976
Australia,AUS,2018,0.976
Australia,AUS,2019,0.976
Austria,AUT,2010,0.97
Austria,AUT,2011,0.961
Austria,AUT,2012,0.962
Austria,AUT,2013,0.963
Austria,AUT,2014,0.972
Austria,AUT,2015,0.965
Austria,AUT,2016,0.964
Austria,AUT,2017,0.965
Austria,AUT,2018,0.966
Austria,AUT,2019,0.964
Azerbaijan,AZE,2010,0.947
Azerbaijan,AZE,2011,0.942
Azerbaijan,AZE,2012,0.935
Azerbaijan,AZE,2013,0.934
Azerbaijan,AZE,2014,0.944
Azerbaijan,AZE,2015,0.943
Azerbaijan,AZE,2016,0.938
Azerbaijan,AZE,2017,0.939
Azerbaijan,AZE,2018,0.939
Azerbaijan,AZE,2019,0.943
Burundi,BDI,2010,0.911
Burundi,BDI,2011,0.98
Burundi,BDI,2012,0.984
Burundi,BDI,2013,0.986
Burundi,BDI,2014,0.987
Burundi,BDI,2015,0.991
Burundi,BDI,2016,0.992
Burundi,BDI,2017,0.995
Burundi,BDI,2018,0.996
Burundi,BDI,2019,0.999
Belgium,BEL,2010,0.971
Belgium,BEL,2011,0.971
Belgium,BEL,2012,0.97
Belgium,BEL,2013,0.972
Belgium,BEL,2014,0.971
Belgium,BEL,2015,0.973
Belgium,BEL,2016,0.973
Belgium,BEL,2017,0.972
Belgium,BEL,2018,0.973
Belgium,BEL,2019,0.974
Benin,BEN,2010,0.828
Benin,BEN,2011,0.829
Benin,BEN,2012,0.833
Benin,BEN,2013,0.84
Benin,BEN,2014,0.842
Benin,BEN,2015,0.86
Benin,BEN,2016,0.859
Benin,BEN,2017,0.845
Benin,BEN,2018,0.855
Benin,BEN,2019,0.855
Burkina Faso,BFA,2010,0.833
Burkina Faso,BFA,2011,0.839
Burkina Faso,BFA,2012,0.848
Burkina Faso,BFA,2013,0.856
Burkina Faso,BFA,2014,0.863
Burkina Faso,BFA,2015,0.868
Burkina Faso,BFA,2016,0.872
Burkina Faso,BFA,2017,0.874
Burkina Faso,BFA,2018,0.865
Burkina Faso,BFA,2019,0.867
Bangladesh,BGD,2010,0.848
Bangladesh,BGD,2011,0.838
Bangladesh,BGD,2012,0.845
Bangladesh,BGD,2013,0.866
Bangladesh,BGD,2014,0.877
Bangladesh,BGD,2015,0.885
Bangladesh,BGD,2016,0.891
Bangladesh,BGD,2017,0.895
Bangladesh,BGD,2018,0.896
Bangladesh,BGD,2019,0.904
Bulgaria,BGR,2010,0.992
Bulgaria,BGR,2011,0.992
Bulgaria,BGR,2012,0.992
Bulgaria,BGR,2013,0.992
Bulgaria,BGR,2014,0.993
Bulgaria,BGR,2015,0.994
Bulgaria,BGR,2016,0.995
Bulgaria,BGR,2017,0.995
Bulgaria,BGR,2018,0.994
Bulgaria,BGR,2019,0.995
Bahrain,BHR,2010,0.973
Bahrain,BHR,2011,0.971
Bahrain,BHR,2012,0.944
Bahrain,BHR,2013,0.946
Bahrain,BHR,2014,0.944
Bahrain,BHR,2015,0.938
Bahrain,BHR,2016,0.933
Bahrain,BHR,2017,0.936
Bahrain,BHR,2018,0.936
Bahrain,BHR,2019,0.922
Bosnia and Herzegovina,BIH,2010,0.934
Bosnia and Herzegovina,BIH,2011,0.936
Bosnia and Herzegovina,BIH,2012,0.919
Bosnia and Herzegovina,BIH,2013,0.917
Bosnia and Herzegovina,BIH,2014,0.92
Bosnia and Herzegovina,BIH,2015,0.926
Bosnia and Herzegovina,BIH,2016,0.929
Bosnia and Herzegovina,BIH,2017,0.931
Bosnia and Herzegovina,BIH,2018,0.932
Bosnia and Herzegovina,BIH,2019,0.937
Belarus,BLR,2010,1.026
Belarus,BLR,2011,1.022
Belarus,BLR,2012,1.021
Belarus,BLR,2013,1.019
Belarus,BLR,2014,1.018
Belarus,BLR,2015,1.015
Belarus,BLR,2016,1.014
Belarus,BLR,2017,1.013
Belarus,BLR,2018,1.009
Belarus,BLR,2019,1.007
Belize,BLZ,2010,0.95
Belize,BLZ,2011,0.951
Belize,BLZ,2012,0.963
Belize,BLZ,2013,0.963
Belize,BLZ,2014,0.964
Belize,BLZ,2015,0.967
Belize,BLZ,2016,0.974
Belize,BLZ,2017,0.974
Belize,BLZ,2018,0.977
Belize,BLZ,2019,0.976
Bolivia (Plurinational State of),BOL,2010,0.92
Bolivia (Plurinational State of),BOL,2011,0.924
Bolivia (Plurinational State of),BOL,2012,0.923
Bolivia (Plurinational State of),BOL,2013,0.926
Bolivia (Plurinational State of),BOL,2014,0.93
Bolivia (Plurinational State of),BOL,2015,0.931
Bolivia (Plurinational State of),BOL,2016,0.931
Bolivia (Plurinational State of),BOL,2017,0.94
Bolivia (Plurinational State of),BOL,2018,0.945
Bolivia (Plurinational State of),BOL,2019,0.945
Brazil,BRA,2010,1.001
Brazil,BRA,2011,0.992
Brazil,BRA,2012,0.995
Brazil,BRA,2013,0.995
Brazil,BRA,2014,0.995
Brazil,BRA,2015,0.996
Brazil,BRA,2016,0.996
Brazil,BRA,2017,0.995
Brazil,BRA,2018,0.995
Brazil,BRA,2019,0.993
Barbados,BRB,2010,1.009
Barbados,BRB,2011,1.009
Barbados,BRB,2012,1.008
Barbados,BRB,2013,1.008
Barbados,BRB,2014,1.01
Barbados,BRB,2015,1.009
Barbados,BRB,2016,1.009
Barbados,BRB,2017,1.009
Barbados,BRB,2018,1.008
Barbados,BRB,2019,1.008
Brunei Darussalam,BRN,2010,0.962
Brunei Darussalam,BRN,2011,0.968
Brunei Darussalam,BRN,2012,0.972
Brunei Darussalam,BRN,2013,0.975
Brunei Darussalam,BRN,2014,0.976
Brunei Darussalam,BRN,2015,0.978
Brunei Darussalam,BRN,2016,0.978
Brunei Darussalam,BRN,2017,0.978
Brunei Darussalam,BRN,2018,0.978
Brunei Darussalam,BRN,2019,0.981
Bhutan,BTN,2010,0.903
Bhutan,BTN,2011,0.906
Bhutan,BTN,2012,0.913
Bhutan,BTN,2013,0.903
Bhutan,BTN,2014,0.901
Bhutan,BTN,2015,0.906
Bhutan,BTN,2016,0.908
Bhutan,BTN,2017,0.909
Bhutan,BTN,2018,0.91
Bhutan,BTN,2019,0.921
Botswana,BWA,2010,0.977
Botswana,BWA,2011,0.981
Botswana,BWA,2012,0.982
Botswana,BWA,2013,0.99
Botswana,BWA,2014,0.992
Botswana,BWA,2015,0.993
Botswana,BWA,2016,0.994
Botswana,BWA,2017,0.995
Botswana,BWA,2018,0.995
Botswana,BWA,2019,0.998
Central African Republic,CAF,2010,0.758
Central African Republic,CAF,2011,0.765
Central African Republic,CAF,2012,0.772
Central African Republic,CAF,2013,0.769
Central African Republic,CAF,2014,0.776
Central African Republic,CAF,2015,0.784
Central African Republic,CAF,2016,0.793
Central African Republic,CAF,2017,0.797
Central African Republic,CAF,2018,0.8
Central African Republic,CAF,2019,0.801
Canada,CAN,2010,0.988
Canada,CAN,2011,0.988
Canada,CAN,2012,0.988
Canada,CAN,2013,0.989
Canada,CAN,2014,0.989
Canada,CAN,2015,0.989
Canada,CAN,2016,0.99
Canada,CAN,2017,0.99
Canada,CAN,2018,0.99
Canada,CAN,2019,0.986
Switzerland,CHE,2010,0.966
Switzerland,CHE,2011,0.964
Switzerland,CHE,2012,0.967
Switzerland,CHE,2013,0.968
Switzerland,CHE,2014,0.969
Switzerland,CHE,2015,0.969
Switzerland,CHE,2016,0.968
Switzerland,CHE,2017,0.967
Switzerland,CHE,2018,0.968
Switzerland,CHE,2019,0.968
Chile,CHL,2010,0.96
Chile,CHL,2011,0.962
Chile,CHL,2012,0.963
Chile,CHL,2013,0.961
Chile,CHL,2014,0.961
Chile,CHL,2015,0.963
Chile,CHL,2016,0.963
Chile,CHL,2017,0.963
Chile,CHL,2018,0.964
Chile,CHL,2019,0.963
China,CHN,2010,0.945
China,CHN,2011,0.948
China,CHN,2012,0.952
China,CHN,2013,0.957
China,CHN,2014,0.959
China,CHN,2015,0.958
China,CHN,2016,0.959
China,CHN,2017,0.96
China,CHN,2018,0.959
China,CHN,2019,0.957
Cote d'Ivoire,CIV,2010,0.76
Cote d'Ivoire,CIV,2011,0.762
Cote d'Ivoire,CIV,2012,0.778
Cote d'Ivoire,CIV,2013,0.815
Cote d'Ivoire,CIV,2014,0.787
Cote d'Ivoire,CIV,2015,0.795
Cote d'Ivoire,CIV,2016,0.799
Cote d'Ivoire,CIV,2017,0.842
Cote d'Ivoire,CIV,2018,0.804
Cote d'Ivoire,CIV,2019,0.811
Cameroon,CMR,2010,0.854
Cameroon,CMR,2011,0.861
Cameroon,CMR,2012,0.865
Cameroon,CMR,2013,0.866
Cameroon,CMR,2014,0.835
Cameroon,CMR,2015,0.868
Cameroon,CMR,2016,0.867
Cameroon,CMR,2017,0.869
Cameroon,CMR,2018,0.87
Cameroon,CMR,2019,0.864
Congo (Democratic Republic of the),COD,2010,0.82
Congo (Democratic Republic of the),COD,2011,0.822
Congo (Democratic Republic of the),COD,2012,0.826
Congo (Democratic Republic of the),COD,2013,0.822
Congo (Democratic Republic of the),COD,2014,0.816
Congo (Democratic Republic of the),COD,2015,0.829
Congo (Democratic Republic of the),COD,2016,0.841
Congo (Democratic Republic of the),COD,2017,0.848
Congo (Democratic Republic of the),COD,2018,0.849
Congo (Democratic Republic of the),COD,2019,0.845
Congo,COG,2010,0.914
Congo,COG,2011,0.916
Congo,COG,2012,0.92
Congo,COG,2013,0.922
Congo,COG,2014,0.924
Congo,COG,2015,0.927
Congo,COG,2016,0.928
Congo,COG,2017,0.928
Congo,COG,2018,0.928
Congo,COG,2019,0.929
Colombia,COL,2010,0.986
Colombia,COL,2011,0.985
Colombia,COL,2012,0.986
Colombia,COL,2013,0.988
Colombia,COL,2014,0.984
Colombia,COL,2015,0.987
Colombia,COL,2016,0.989
Colombia,COL,2017,0.989
Colombia,COL,2018,0.99
Colombia,COL,2019,0.989
Comoros,COM,2010,0.876
Comoros,COM,2011,0.879
Comoros,COM,2012,0.882
Comoros,COM,2013,0.886
Comoros,COM,2014,0.904
Comoros,COM,2015,0.888
Comoros,COM,2016,0.889
Comoros,COM,2017,0.889
Comoros,COM,2018,0.89
Comoros,COM,2019,0.891
Cabo Verde,CPV,2010,0.962
Cabo Verde,CPV,2011,0.96
Cabo Verde,CPV,2012,0.97
Cabo Verde,CPV,2013,0.971
Cabo Verde,CPV,2014,0.971
Cabo Verde,CPV,2015,0.98
Cabo Verde,CPV,2016,0.97
Cabo Verde,CPV,2017,0.971
Cabo Verde,CPV,2018,0.972
Cabo Verde,CPV,2019,0.974
Costa Rica,CRI,2010,0.967
Costa Rica,CRI,2011,0.973
Costa Rica,CRI,2012,0.979
Costa Rica,CRI,2013,0.98
Costa Rica,CRI,2014,0.979
Costa Rica,CRI,2015,0.982
Costa Rica,CRI,2016,0.979
Costa Rica,CRI,2017,0.978
Costa Rica,CRI,2018,0.981
Costa Rica,CRI,2019,0.981
Cuba,CUB,2010,0.967
Cuba,CUB,2011,0.964
Cuba,CUB,2012,0.959
Cuba,CUB,2013,0.959
Cuba,CUB,2014,0.952
Cuba,CUB,2015,0.951
Cuba,CUB,2016,0.952
Cuba,CUB,2017,0.95
Cuba,CUB,2018,0.953
Cuba,CUB,2019,0.944
Cyprus,CYP,2010,0.962
Cyprus,CYP,2011,0.97
Cyprus,CYP,2012,0.974
Cyprus,CYP,2013,0.976
Cyprus,CYP,2014,0.98
Cyprus,CYP,2015,0.985
Cyprus,CYP,2016,0.985
Cyprus,CYP,2017,0.984
Cyprus,CYP,2018,0.983
Cyprus,CYP,2019,0.979
Czechia,CZE,2010,0.976
Czechia,CZE,2011,0.979
Czechia,CZE,2012,0.981
Czechia,CZE,2013,0.985
Czechia,CZE,2014,0.983
Czechia,CZE,2015,0.984
Czechia,CZE,2016,0.985
Czechia,CZE,2017,0.985
Czechia,CZE,2018,0.985
Czechia,CZE,2019,0.985
Germany,DEU,2010,0.96
Germany,DEU,2011,0.963
Germany,DEU,2012,0.963
Germany,DEU,2013,0.966
Germany,DEU,2014,0.964
Germany,DEU,2015,0.968
Germany,DEU,2016,0.969
Germany,DEU,2017,0.969
Germany,DEU,2018,0.968
Germany,DEU,2019,0.972
Denmark,DNK,2010,0.991
Denmark,DNK,2011,0.983
Denmark,DNK,2012,0.982
Denmark,DNK,2013,0.978
Denmark,DNK,2014,0.974
Denmark,DNK,2015,0.98
Denmark,DNK,2016,0.981
Denmark,DNK,2017,0.981
Denmark,DNK,2018,0.981
Denmark,DNK,2019,0.983
Dominican Republic,DOM,2010,0.979
Dominican Republic,DOM,2011,0.985
Dominican Republic,DOM,2012,0.991
Dominican Republic,DOM,2013,0.99
Dominican Republic,DOM,2014,0.99
Dominican Republic,DOM,2015,0.99
Dominican Republic,DOM,2016,0.987
Dominican Republic,DOM,2017,1.0
Dominican Republic,DOM,2018,0.999
Dominican Republic,DOM,2019,0.999
Algeria,DZA,2010,0.83
Algeria,DZA,2011,0.834
Algeria,DZA,2012,0.836
Algeria,DZA,2013,0.839
Algeria,DZA,2014,0.836
Algeria,DZA,2015,0.854
Algeria,DZA,2016,0.855
Algeria,DZA,2017,0.861
Algeria,DZA,2018,0.86
Algeria,DZA,2019,0.858
Ecuador,ECU,2010,0.959
Ecuador,ECU,2011,0.959
Ecuador,ECU,2012,0.961
Ecuador,ECU,2013,0.965
Ecuador,ECU,2014,0.968
Ecuador,ECU,2015,0.976
Ecuador,ECU,2016,0.98
Ecuador,ECU,2017,0.981
Ecuador,ECU,2018,0.979
Ecuador,ECU,2019,0.967
Egypt,EGY,2010,0.843
Egypt,EGY,2011,0.855
Egypt,EGY,2012,0.866
Egypt,EGY,2013,0.871
Egypt,EGY,2014,0.875
Egypt,EGY,2015,0.878
Egypt,EGY,2016,0.882
Egypt,EGY,2017,0.885
Egypt,EGY,2018,0.88
Egypt,EGY,2019,0.882
Spain,ESP,2010,0.98
Spain,ESP,2011,0.98
Spain,ESP,2012,0.98
Spain,ESP,2013,0.98
Spain,ESP,2014,0.978
Spain,ESP,2015,0.979
Spain,ESP,2016,0.981
Spain,ESP,2017,0.98
Spain,ESP,2018,0.981
Spain,ESP,2019,0.986
Estonia,EST,2010,1.029
Estonia,EST,2011,1.026
Estonia,EST,2012,1.024
Estonia,EST,2013,1.021
Estonia,EST,2014,1.019
Estonia,EST,2015,1.019
Estonia,EST,2016,1.017
Estonia,EST,2017,1.017
Estonia,EST,2018,1.016
Estonia,EST,2019,1.017
Ethiopia,ETH,2010,0.822
Ethiopia,ETH,2011,0.826
Ethiopia,ETH,2012,0.831
Ethiopia,ETH,2013,0.834
Ethiopia,ETH,2014,0.837
Ethiopia,ETH,2015,0.843
Ethiopia,ETH,2016,0.844
Ethiopia,ETH,2017,0.846
Ethiopia,ETH,2018,0.846
Ethiopia,ETH,2019,0.837
Finland,FIN,2010,1.006
Finland,FIN,2011,1.003
Finland,FIN,2012,1.006
Finland,FIN,2013,0.989
Finland,FIN,2014,0.99
Finland,FIN,2015,0.991
Finland,FIN,2016,0.991
Finland,FIN,2017,0.99
Finland,FIN,2018,0.99
Finland,FIN,2019,0.99
France,FRA,2010,0.99
France,FRA,2011,0.991
France,FRA,2012,0.992
France,FRA,2013,0.991
France,FRA,2014,0.989
France,FRA,2015,0.989
France,FRA,2016,0.989
France,FRA,2017,0.988
France,FRA,2018,0.987
France,FRA,2019,0.987
Gabon,GAB,2010,0.916
Gabon,GAB,2011,0.909
Gabon,GAB,2012,0.909
Gabon,GAB,2013,0.908
Gabon,GAB,2014,0.911
Gabon,GAB,2015,0.913
Gabon,GAB,2016,0.913
Gabon,GAB,2017,0.914
Gabon,GAB,2018,0.916
Gabon,GAB,2019,0.916
United Kingdom,GBR,2010,0.965
United Kingdom,GBR,2011,0.965
United Kingdom,GBR,2012,0.965
United Kingdom,GBR,2013,0.965
United Kingdom,GBR,2014,0.963
United Kingdom,GBR,2015,0.968
United Kingdom,GBR,2016,0.967
United Kingdom,GBR,2017,0.968
United Kingdom,GBR,2018,0.968
United Kingdom,GBR,2019,0.97
Georgia,GEO,2010,0.966
Georgia,GEO,2011,0.97
Georgia,GEO,2012,0.971
Georgia,GEO,2013,0.976
Georgia,GEO,2014,0.98
Georgia,GEO,2015,0.982
Georgia,GEO,2016,0.979
Georgia,GEO,2017,0.979
Georgia,GEO,2018,0.979
Georgia,GEO,2019,0.98
Ghana,GHA,2010,0.884
Ghana,GHA,2011,0.885
Ghana,GHA,2012,0.887
Ghana,GHA,2013,0.89
Ghana,GHA,2014,0.892
Ghana,GHA,2015,0.892
Ghana,GHA,2016,0.903
Ghana,GHA,2017,0.904
Ghana,GHA,2018,0.909
Ghana,GHA,2019,0.911
Guinea,GIN,2010,0.817
Guinea,GIN,2011,0.813
Guinea,GIN,2012,0.808
Guinea,GIN,2013,0.813
Guinea,GIN,2014,0.819
Guinea,GIN,2015,0.817
Guinea,GIN,2016,0.816
Guinea,GIN,2017,0.816
Guinea,GIN,2018,0.816
Guinea,GIN,2019,0.817
Gambia,GMB,2010,0.821
Gambia,GMB,2011,0.818
Gambia,GMB,2012,0.823
Gambia,GMB,2013,0.827
Gambia,GMB,2014,0.828
Gambia,GMB,2015,0.828
Gambia,GMB,2016,0.829
Gambia,GMB,2017,0.836
Gambia,GMB,2018,0.843
Gambia,GMB,2019,0.846
Greece,GRC,2010,0.961
Greece,GRC,2011,0.964
Greece,GRC,2012,0.964
Greece,GRC,2013,0.963
Greece,GRC,2014,0.961
Greece,GRC,2015,0.963
Greece,GRC,2016,0.963
Greece,GRC,2017,0.964
Greece,GRC,2018,0.964
Greece,GRC,2019,0.963
Guatemala,GTM,2010,0.913
Guatemala,GTM,2011,0.907
Guatemala,GTM,2012,0.924
Guatemala,GTM,2013,0.924
Guatemala,GTM,2014,0.941
Guatemala,GTM,2015,0.948
Guatemala,GTM,2016,0.947
Guatemala,GTM,2017,0.943
Guatemala,GTM,2018,0.941
Guatemala,GTM,2019,0.941
Guyana,GUY,2010,0.953
Guyana,GUY,2011,0.955
Guyana,GUY,2012,0.958
Guyana,GUY,2013,0.96
Guyana,GUY,2014,0.962
Guyana,GUY,2015,0.963
Guyana,GUY,2016,0.965
Guyana,GUY,2017,0.966
Guyana,GUY,2018,0.967
Guyana,GUY,2019,0.961
"Hong Kong, China (SAR)",HKG,2010,0.966
"Hong Kong, China (SAR)",HKG,2011,0.964
"Hong Kong, China (SAR)",HKG,2012,0.966
"Hong Kong, China (SAR)",HKG,2013,0.967
"Hong Kong, China (SAR)",HKG,2014,0.966
"Hong Kong, China (SAR)",HKG,2015,0.965
"Hong Kong, China (SAR)",HKG,2016,0.964
"Hong Kong, China (SAR)",HKG,2017,0.967
"Hong Kong, China (SAR)",HKG,2018,0.967
"Hong Kong, China (SAR)",HKG,2019,0.972
Honduras,HND,2010,0.973
Honduras,HND,2011,0.966
Honduras,HND,2012,0.964
Honduras,HND,2013,0.97
Honduras,HND,2014,0.971
Honduras,HND,2015,0.974
Honduras,HND,2016,0.973
Honduras,HND,2017,0.971
Honduras,HND,2018,0.978
Honduras,HND,2019,0.978
Croatia,HRV,2010,0.989
Croatia,HRV,2011,0.985
Croatia,HRV,2012,0.985
Croatia,HRV,2013,0.988
Croatia,HRV,2014,0.988
Croatia,HRV,2015,0.987
Croatia,HRV,2016,0.986
Croatia,HRV,2017,0.989
Croatia,HRV,2018,0.99
Croatia,HRV,2019,0.99
Haiti,HTI,2010,0.856
Haiti,HTI,2011,0.864
Haiti,HTI,2012,0.869
Haiti,HTI,2013,0.875
Haiti,HTI,2014,0.88
Haiti,HTI,2015,0.879
Haiti,HTI,2016,0.887
Haiti,HTI,2017,0.881
Haiti,HTI,2018,0.875
Haiti,HTI,2019,0.875
Hungary,HUN,2010,0.993
Hungary,HUN,2011,0.992
Hungary,HUN,2012,0.991
Hungary,HUN,2013,0.992
Hungary,HUN,2014,0.989
Hungary,HUN,2015,0.987
Hungary,HUN,2016,0.985
Hungary,HUN,2017,0.98
Hungary,HUN,2018,0.98
Hungary,HUN,2019,0.981
Indonesia,IDN,2010,0.923
Indonesia,IDN,2011,0.927
Indonesia,IDN,2012,0.93
Indonesia,IDN,2013,0.927
Indonesia,IDN,2014,0.927
Indonesia,IDN,2015,0.932
Indonesia,IDN,2016,0.935
Indonesia,IDN,2017,0.936
Indonesia,IDN,2018,0.938
Indonesia,IDN,2019,0.94
India,IND,2010,0.782
India,IND,2011,0.786
India,IND,2012,0.794
India,IND,2013,0.805
India,IND,2014,0.81
India,IND,2015,0.809
India,IND,2016,0.815
India,IND,2017,0.817
India,IND,2018,0.818
India,IND,2019,0.82
Ireland,IRL,2010,0.976
Ireland,IRL,2011,0.976
Ireland,IRL,2012,0.978
Ireland,IRL,2013,0.98
Ireland,IRL,2014,0.982
Ireland,IRL,2015,0.978
Ireland,IRL,2016,0.976
Ireland,IRL,2017,0.976
Ireland,IRL,2018,0.978
Ireland,IRL,2019,0.981
Iran (Islamic Republic of),IRN,2010,0.865
Iran (Islamic Republic of),IRN,2011,0.861
Iran (Islamic Republic of),IRN,2012,0.856
Iran (Islamic Republic of),IRN,2013,0.85
Iran (Islamic Republic of),IRN,2014,0.849
Iran (Islamic Republic of),IRN,2015,0.854
Iran (Islamic Republic of),IRN,2016,0.865
Iran (Islamic Republic of),IRN,2017,0.87
Iran (Islamic Republic of),IRN,2018,0.87
Iran (Islamic Republic of),IRN,2019,0.866
Iraq,IRQ,2010,0.776
Iraq,IRQ,2011,0.779
Iraq,IRQ,2012,0.779
Iraq,IRQ,2013,0.781
Iraq,IRQ,2014,0.786
Iraq,IRQ,2015,0.788
Iraq,IRQ,2016,0.794
Iraq,IRQ,2017,0.773
Iraq,IRQ,2018,0.771
Iraq,IRQ,2019,0.774
Iceland,ISL,2010,0.983
Iceland,ISL,2011,0.982
Iceland,ISL,2012,0.979
Iceland,ISL,2013,0.978
Iceland,ISL,2014,0.967
Iceland,ISL,2015,0.968
Iceland,ISL,2016,0.967
Iceland,ISL,2017,0.968
Iceland,ISL,2018,0.969
Iceland,ISL,2019,0.969
Israel,ISR,2010,0.97
Israel,ISR,2011,0.97
Israel,ISR,2012,0.972
Israel,ISR,2013,0.972
Israel,ISR,2014,0.972
Israel,ISR,2015,0.974
Israel,ISR,2016,0.973
Israel,ISR,2017,0.973
Israel,ISR,2018,0.973
Israel,ISR,2019,0.973
Italy,ITA,2010,0.971
Italy,ITA,2011,0.972
Italy,ITA,2012,0.973
Italy,ITA,2013,0.97
Italy,ITA,2014,0.969
Italy,ITA,2015,0.968
Italy,ITA,2016,0.968
Italy,ITA,2017,0.969
Italy,ITA,2018,0.969
Italy,ITA,2019,0.968
Jamaica,JAM,2010,0.987
Jamaica,JAM,2011,0.988
Jamaica,JAM,2012,0.987
Jamaica,JAM,2013,0.987
Jamaica,JAM,2014,0.987
Jamaica,JAM,2015,0.987
Jamaica,JAM,2016,0.988
Jamaica,JAM,2017,0.988
Jamaica,JAM,2018,0.988
Jamaica,JAM,2019,0.994
Jordan,JOR,2010,0.855
Jordan,JOR,2011,0.857
Jordan,JOR,2012,0.854
Jordan,JOR,2013,0.851
Jordan,JOR,2014,0.855
Jordan,JOR,2015,0.859
Jordan,JOR,2016,0.871
Jordan,JOR,2017,0.872
Jordan,JOR,2018,0.874
Jordan,JOR,2019,0.875
Japan,JPN,2010,0.96
Japan,JPN,2011,0.962
Japan,JPN,2012,0.964
Japan,JPN,2013,0.968
Japan,JPN,2014,0.971
Japan,JPN,2015,0.971
Japan,JPN,2016,0.974
Japan,JPN,2017,0.976
Japan,JPN,2018,0.977
Japan,JPN,2019,0.978
Kazakhstan,KAZ,2010,1.009
Kazakhstan,KAZ,2011,1.009
Kazakhstan,KAZ,2012,1.01
Kazakhstan,KAZ,2013,1.009
Kazakhstan,KAZ,2014,1.004
Kazakhstan,KAZ,2015,1.003
Kazakhstan,KAZ,2016,1.0
Kazakhstan,KAZ,2017,0.999
Kazakhstan,KAZ,2018,0.997
Kazakhstan,KAZ,2019,0.98
Kenya,KEN,2010,0.924
Kenya,KEN,2011,0.925
Kenya,KEN,2012,0.925
Kenya,KEN,2013,0.925
Kenya,KEN,2014,0.925
Kenya,KEN,2015,0.925
Kenya,KEN,2016,0.925
Kenya,KEN,2017,0.926
Kenya,KEN,2018,0.926
Kenya,KEN,2019,0.937
Kyrgyzstan,KGZ,2010,0.967
Kyrgyzstan,KGZ,2011,0.966
Kyrgyzstan,KGZ,2012,0.966
Kyrgyzstan,KGZ,2013,0.966
Kyrgyzstan,KGZ,2014,0.969
Kyrgyzstan,KGZ,2015,0.974
Kyrgyzstan,KGZ,2016,0.967
Kyrgyzstan,KGZ,2017,0.961
Kyrgyzstan,KGZ,2018,0.957
Kyrgyzstan,KGZ,2019,0.957
Cambodia,KHM,2010,0.897
Cambodia,KHM,2011,0.893
Cambodia,KHM,2012,0.906
Cambodia,KHM,2013,0.906
Cambodia,KHM,2014,0.909
Cambodia,KHM,2015,0.914
Cambodia,KHM,2016,0.917
Cambodia,KHM,2017,0.919
Cambodia,KHM,2018,0.92
Cambodia,KHM,2019,0.922
Korea (Republic of),KOR,2010,0.927
Korea (Republic of),KOR,2011,0.928
Korea (Republic of),KOR,2012,0.929
Korea (Republic of),KOR,2013,0.931
Korea (Republic of),KOR,2014,0.932
Korea (Republic of),KOR,2015,0.932
Korea (Republic of),KOR,2016,0.933
Korea (Republic of),KOR,2017,0.933
Korea (Republic of),KOR,2018,0.936
Korea (Republic of),KOR,2019,0.936
Kuwait,KWT,2010,0.972
Kuwait,KWT,2011,0.969
Kuwait,KWT,2012,0.968
Kuwait,KWT,2013,0.981
Kuwait,KWT,2014,0.981
Kuwait,KWT,2015,0.977
Kuwait,KWT,2016,0.978
Kuwait,KWT,2017,0.974
Kuwait,KWT,2018,0.973
Kuwait,KWT,2019,0.983
Lao People's Democratic Republic,LAO,2010,0.891
Lao People's Democratic Republic,LAO,2011,0.896
Lao People's Democratic Republic,LAO,2012,0.902
Lao People's Democratic Republic,LAO,2013,0.908
Lao People's Democratic Republic,LAO,2014,0.914
Lao People's Democratic Republic,LAO,2015,0.918
Lao People's Democratic Republic,LAO,2016,0.922
Lao People's Democratic Republic,LAO,2017,0.922
Lao People's Democratic Republic,LAO,2018,0.928
Lao People's Democratic Republic,LAO,2019,0.927
Lebanon,LBN,2010,0.894
Lebanon,LBN,2011,0.895
Lebanon,LBN,2012,0.897
Lebanon,LBN,2013,0.897
Lebanon,LBN,2014,0.896
Lebanon,LBN,2015,0.897
Lebanon,LBN,2016,0.901
Lebanon,LBN,2017,0.895
Lebanon,LBN,2018,0.892
Lebanon,LBN,2019,0.892
Liberia,LBR,2010,0.858
Liberia,LBR,2011,0.867
Liberia,LBR,2012,0.884
Liberia,LBR,2013,0.875
Liberia,LBR,2014,0.898
Liberia,LBR,2015,0.877
Liberia,LBR,2016,0.877
Liberia,LBR,2017,0.889
Liberia,LBR,2018,0.895
Liberia,LBR,2019,0.89
Libya,LBY,2010,1.009
Libya,LBY,2011,0.976
Libya,LBY,2012,1.003
Libya,LBY,2013,0.979
Libya,LBY,2014,0.972
Libya,LBY,2015,0.964
Libya,LBY,2016,0.961
Libya,LBY,2017,0.968
Libya,LBY,2018,0.969
Libya,LBY,2019,0.976
Saint Lucia,LCA,2010,0.973
Saint Lucia,LCA,2011,0.971
Saint Lucia,LCA,2012,0.97
Saint Lucia,LCA,2013,0.971
Saint Lucia,LCA,2014,0.969
Saint Lucia,LCA,2015,0.972
Saint Lucia,LCA,2016,0.973
Saint Lucia,LCA,2017,0.975
Saint Lucia,LCA,2018,0.975
Saint Lucia,LCA,2019,0.985
Sri Lanka,LKA,2010,0.926
Sri Lanka,LKA,2011,0.929
Sri Lanka,LKA,2012,0.931
Sri Lanka,LKA,2013,0.936
Sri Lanka,LKA,2014,0.938
Sri Lanka,LKA,2015,0.942
Sri Lanka,LKA,2016,0.936
Sri Lanka,LKA,2017,0.937
Sri Lanka,LKA,2018,0.939
Sri Lanka,LKA,2019,0.955
Lesotho,LSO,2010,1.018
Lesotho,LSO,2011,1.022
Lesotho,LSO,2012,1.023
Lesotho,LSO,2013,1.024
Lesotho,LSO,2014,1.025
Lesotho,LSO,2015,1.024
Lesotho,LSO,2016,1.02
Lesotho,LSO,2017,1.019
Lesotho,LSO,2018,1.019
Lesotho,LSO,2019,1.014
Lithuania,LTU,2010,1.04
Lithuania,LTU,2011,1.037
Lithuania,LTU,2012,1.036
Lithuania,LTU,2013,1.033
Lithuania,LTU,2014,1.031
Lithuania,LTU,2015,1.03
Lithuania,LTU,2016,1.03
Lithuania,LTU,2017,1.03
Lithuania,LTU,2018,1.029
Lithuania,LTU,2019,1.03
Luxembourg,LUX,2010,0.984
Luxembourg,LUX,2011,0.976
Luxembourg,LUX,2012,0.976
Luxembourg,LUX,2013,0.974
Luxembourg,LUX,2014,0.98
Luxembourg,LUX,2015,0.975
Luxembourg,LUX,2016,0.974
Luxembourg,LUX,2017,0.975
Luxembourg,LUX,2018,0.975
Luxembourg,LUX,2019,0.976
Latvia,LVA,2010,1.042
Latvia,LVA,2011,1.034
Latvia,LVA,2012,1.032
Latvia,LVA,2013,1.029
Latvia,LVA,2014,1.026
Latvia,LVA,2015,1.029
Latvia,LVA,2016,1.031
Latvia,LVA,2017,1.033
Latvia,LVA,2018,1.035
Latvia,LVA,2019,1.036
Morocco,MAR,2010,0.822
Morocco,MAR,2011,0.822
Morocco,MAR,2012,0.821
Morocco,MAR,2013,0.824
Morocco,MAR,2014,0.823
Morocco,MAR,2015,0.822
Morocco,MAR,2016,0.826
Morocco,MAR,2017,0.831
Morocco,MAR,2018,0.833
Morocco,MAR,2019,0.835
Moldova (Republic of),MDA,2010,1.007
Moldova (Republic of),MDA,2011,1.008
Moldova (Republic of),MDA,2012,1.008
Moldova (Republic of),MDA,2013,1.011
Moldova (Republic of),MDA,2014,1.012
Moldova (Republic of),MDA,2015,1.014
Moldova (Republic of),MDA,2016,1.013
Moldova (Republic of),MDA,2017,1.013
Moldova (Republic of),MDA,2018,1.013
Moldova (Republic of),MDA,2019,1.014
Madagascar,MDG,2010,0.943
Madagascar,MDG,2011,0.944
Madagascar,MDG,2012,0.944
Madagascar,MDG,2013,0.944
Madagascar,MDG,2014,0.946
Madagascar,MDG,2015,0.973
Madagascar,MDG,2016,0.946
Madagascar,MDG,2017,0.948
Madagascar,MDG,2018,0.949
Madagascar,MDG,2019,0.952
Maldives,MDV,2010,0.925
Maldives,MDV,2011,0.925
Maldives,MDV,2012,0.925
Maldives,MDV,2013,0.924
Maldives,MDV,2014,0.925
Maldives,MDV,2015,0.923
Maldives,MDV,2016,0.92
Maldives,MDV,2017,0.924
Maldives,MDV,2018,0.921
Maldives,MDV,2019,0.923
Mexico,MEX,2010,0.956
Mexico,MEX,2011,0.957
Mexico,MEX,2012,0.956
Mexico,MEX,2013,0.959
Mexico,MEX,2014,0.959
Mexico,MEX,2015,0.96
Mexico,MEX,2016,0.962
Mexico,MEX,2017,0.961
Mexico,MEX,2018,0.962
Mexico,MEX,2019,0.96
North Macedonia,MKD,2010,0.798
North Macedonia,MKD,2011,0.944
North Macedonia,MKD,2012,0.947
North Macedonia,MKD,2013,0.95
North Macedonia,MKD,2014,0.947
North Macedonia,MKD,2015,0.947
North Macedonia,MKD,2016,0.947
North Macedonia,MKD,2017,0.948
North Macedonia,MKD,2018,0.948
North Macedonia,MKD,2019,0.952
Mali,MLI,2010,0.816
Mali,MLI,2011,0.789
Mali,MLI,2012,0.787
Mali,MLI,2013,0.795
Mali,MLI,2014,0.792
Mali,MLI,2015,0.811
Mali,MLI,2016,0.816
Mali,MLI,2017,0.808
Mali,MLI,2018,0.81
Mali,MLI,2019,0.821
Malta,MLT,2010,0.933
Malta,MLT,2011,0.937
Malta,MLT,2012,0.945
Malta,MLT,2013,0.955
Malta,MLT,2014,0.959
Malta,MLT,2015,0.964
Malta,MLT,2016,0.965
Malta,MLT,2017,0.966
Malta,MLT,2018,0.968
Malta,MLT,2019,0.966
Montenegro,MNE,2010,0.955
Montenegro,MNE,2011,0.955
Montenegro,MNE,2012,0.958
Montenegro,MNE,2013,0.958
Montenegro,MNE,2014,0.966
Montenegro,MNE,2015,0.968
Montenegro,MNE,2016,0.966
Montenegro,MNE,2017,0.965
Montenegro,MNE,2018,0.965
Montenegro,MNE,2019,0.966
Mongolia,MNG,2010,1.021
Mongolia,MNG,2011,1.017
Mongolia,MNG,2012,1.025
Mongolia,MNG,2013,1.023
Mongolia,MNG,2014,1.021
Mongolia,MNG,2015,1.022
Mongolia,MNG,2016,1.019
Mongolia,MNG,2017,1.015
Mongolia,MNG,2018,1.02
Mongolia,MNG,2019,1.023
Mozambique,MOZ,2010,0.891
Mozambique,MOZ,2011,0.894
Mozambique,MOZ,2012,0.895
Mozambique,MOZ,2013,0.899
Mozambique,MOZ,2014,0.9
Mozambique,MOZ,2015,0.901
Mozambique,MOZ,2016,0.901
Mozambique,MOZ,2017,0.902
Mozambique,MOZ,2018,0.906
Mozambique,MOZ,2019,0.912
Mauritania,MRT,2010,0.837
Mauritania,MRT,2011,0.838
Mauritania,MRT,2012,0.84
Mauritania,MRT,2013,0.847
Mauritania,MRT,2014,0.849
Mauritania,MRT,2015,0.848
Mauritania,MRT,2016,0.851
Mauritania,MRT,2017,0.853
Mauritania,MRT,2018,0.86
Mauritania,MRT,2019,0.864
Mauritius,MUS,2010,0.942
Mauritius,MUS,2011,0.947
Mauritius,MUS,2012,0.954
Mauritius,MUS,2013,0.961
Mauritius,MUS,2014,0.963
Mauritius,MUS,2015,0.966
Mauritius,MUS,2016,0.968
Mauritius,MUS,2017,0.968
Mauritius,MUS,2018,0.974
Mauritius,MUS,2019,0.976
Malawi,MWI,2010,0.915
Malawi,MWI,2011,0.92
Malawi,MWI,2012,0.912
Malawi,MWI,2013,0.917
Malawi,MWI,2014,0.925
Malawi,MWI,2015,0.929
Malawi,MWI,2016,0.928
Malawi,MWI,2017,0.924
Malawi,MWI,2018,0.926
Malawi,MWI,2019,0.986
Malaysia,MYS,2010,0.956
Malaysia,MYS,2011,0.961
Malaysia,MYS,2012,0.964
Malaysia,MYS,2013,0.97
Malaysia,MYS,2014,0.972
Malaysia,MYS,2015,0.975
Malaysia,MYS,2016,0.973
Malaysia,MYS,2017,0.972
Malaysia,MYS,2018,0.97
Malaysia,MYS,2019,0.972
Namibia,NAM,2010,0.973
Namibia,NAM,2011,0.979
Namibia,NAM,2012,0.985
Namibia,NAM,2013,0.996
Namibia,NAM,2014,1.003
Namibia,NAM,2015,1.001
Namibia,NAM,2016,1.007
Namibia,NAM,2017,1.01
Namibia,NAM,2018,1.007
Namibia,NAM,2019,1.007
Niger,NER,2010,0.699
Niger,NER,2011,0.702
Niger,NER,2012,0.714
Niger,NER,2013,0.715
Niger,NER,2014,0.718
Niger,NER,2015,0.72
Niger,NER,2016,0.723
Niger,NER,2017,0.726
Niger,NER,2018,0.727
Niger,NER,2019,0.724
Nigeria,NGA,2010,0.872
Nigeria,NGA,2011,0.871
Nigeria,NGA,2012,0.871
Nigeria,NGA,2013,0.871
Nigeria,NGA,2014,0.87
Nigeria,NGA,2015,0.872
Nigeria,NGA,2016,0.872
Nigeria,NGA,2017,0.873
Nigeria,NGA,2018,0.874
Nigeria,NGA,2019,0.881
Nicaragua,NIC,2010,0.944
Nicaragua,NIC,2011,0.946
Nicaragua,NIC,2012,0.975
Nicaragua,NIC,2013,0.95
Nicaragua,NIC,2014,1.008
Nicaragua,NIC,2015,1.008
Nicaragua,NIC,2016,1.012
Nicaragua,NIC,2017,1.013
Nicaragua,NIC,2018,1.011
Nicaragua,NIC,2019,1.012
Netherlands,NLD,2010,0.966
Netherlands,NLD,2011,0.968
Netherlands,NLD,2012,0.967
Netherlands,NLD,2013,0.966
Netherlands,NLD,2014,0.966
Netherlands,NLD,2015,0.966
Netherlands,NLD,2016,0.967
Netherlands,NLD,2017,0.967
Netherlands,NLD,2018,0.967
Netherlands,NLD,2019,0.966
Norway,NOR,2010,0.996
Norway,NOR,2011,0.996
Norway,NOR,2012,0.996
Norway,NOR,2013,0.994
Norway,NOR,2014,0.994
Norway,NOR,2015,0.993
Norway,NOR,2016,0.992
Norway,NOR,2017,0.992
Norway,NOR,2018,0.989
Norway,NOR,2019,0.99
Nepal,NPL,2010,0.885
Nepal,NPL,2011,0.891
Nepal,NPL,2012,0.887
Nepal,NPL,2013,0.895
Nepal,NPL,2014,0.902
Nepal,NPL,2015,0.908
Nepal,NPL,2016,0.911
Nepal,NPL,2017,0.916
Nepal,NPL,2018,0.927
Nepal,NPL,2019,0.933
New Zealand,NZL,2010,0.963
New Zealand,NZL,2011,0.963
New Zealand,NZL,2012,0.962
New Zealand,NZL,2013,0.963
New Zealand,NZL,2014,0.962
New Zealand,NZL,2015,0.962
New Zealand,NZL,2016,0.964
New Zealand,NZL,2017,0.964
New Zealand,NZL,2018,0.964
New Zealand,NZL,2019,0.964
Oman,OMN,2010,0.901
Oman,OMN,2011,0.909
Oman,OMN,2012,0.921
Oman,OMN,2013,0.932
Oman,OMN,2014,0.937
Oman,OMN,2015,0.943
Oman,OMN,2016,0.94
Oman,OMN,2017,0.939
Oman,OMN,2018,0.937
Oman,OMN,2019,0.936
Pakistan,PAK,2010,0.716
Pakistan,PAK,2011,0.717
Pakistan,PAK,2012,0.728
Pakistan,PAK,2013,0.73
Pakistan,PAK,2014,0.733
Pakistan,PAK,2015,0.739
Pakistan,PAK,2016,0.74
Pakistan,PAK,2017,0.735
Pakistan,PAK,2018,0.736
Pakistan,PAK,2019,0.745
Panama,PAN,2010,0.99
Panama,PAN,2011,0.99
Panama,PAN,2012,0.997
Panama,PAN,2013,0.996
Panama,PAN,2014,1.003
Panama,PAN,2015,1.006
Panama,PAN,2016,1.005
Panama,PAN,2017,1.008
Panama,PAN,2018,1.009
Panama,PAN,2019,1.019
Peru,PER,2010,0.944
Peru,PER,2011,0.949
Peru,PER,2012,0.955
Peru,PER,2013,0.962
Peru,PER,2014,0.962
Peru,PER,2015,0.959
Peru,PER,2016,0.963
Peru,PER,2017,0.964
Peru,PER,2018,0.964
Peru,PER,2019,0.957
Philippines,PHL,2010,0.999
Philippines,PHL,2011,1.003
Philippines,PHL,2012,1.005
Philippines,PHL,2013,1.007
Philippines,PHL,2014,1.008
Philippines,PHL,2015,1.009
Philippines,PHL,2016,1.007
Philippines,PHL,2017,1.004
Philippines,PHL,2018,1.005
Philippines,PHL,2019,1.007
Poland,POL,2010,1.009
Poland,POL,2011,1.01
Poland,POL,2012,1.009
Poland,POL,2013,1.008
Poland,POL,2014,1.009
Poland,POL,2015,1.008
Poland,POL,2016,1.009
Poland,POL,2017,1.008
Poland,POL,2018,1.008
Poland,POL,2019,1.007
Portugal,PRT,2010,0.989
Portugal,PRT,2011,0.99
Portugal,PRT,2012,0.989
Portugal,PRT,2013,0.986
Portugal,PRT,2014,0.986
Portugal,PRT,2015,0.985
Portugal,PRT,2016,0.985
Portugal,PRT,2017,0.985
Portugal,PRT,2018,0.985
Portugal,PRT,2019,0.988
Paraguay,PRY,2010,0.95
Paraguay,PRY,2011,0.958
Paraguay,PRY,2012,0.964
Paraguay,PRY,2013,0.965
Paraguay,PRY,2014,0.962
Paraguay,PRY,2015,0.965
Paraguay,PRY,2016,0.964
Paraguay,PRY,2017,0.965
Paraguay,PRY,2018,0.967
Paraguay,PRY,2019,0.966
"Palestine, State of",PSE,2010,0.84
"Palestine, State of",PSE,2011,0.855
"Palestine, State of",PSE,2012,0.858
"Palestine, State of",PSE,2013,0.86
"Palestine, State of",PSE,2014,0.865
"Palestine, State of",PSE,2015,0.87
"Palestine, State of",PSE,2016,0.87
"Palestine, State of",PSE,2017,0.868
"Palestine, State of",PSE,2018,0.87
"Palestine, State of",PSE,2019,0.87
Qatar,QAT,2010,0.972
Qatar,QAT,2011,0.986
Qatar,QAT,2012,1.025
Qatar,QAT,2013,1.024
Qatar,QAT,2014,1.03
Qatar,QAT,2015,1.032
Qatar,QAT,2016,1.029
Qatar,QAT,2017,1.032
Qatar,QAT,2018,1.031
Qatar,QAT,2019,1.03
Romania,ROU,2010,0.986
Romania,ROU,2011,0.985
Romania,ROU,2012,0.984
Romania,ROU,2013,0.985
Romania,ROU,2014,0.987
Romania,ROU,2015,0.986
Romania,ROU,2016,0.985
Romania,ROU,2017,0.986
Romania,ROU,2018,0.989
Romania,ROU,2019,0.991
Russian Federation,RUS,2010,1.026
Russian Federation,RUS,2011,1.024
Russian Federation,RUS,2012,1.019
Russian Federation,RUS,2013,1.016
Russian Federation,RUS,2014,1.012
Russian Federation,RUS,2015,1.011
Russian Federation,RUS,2016,1.01
Russian Federation,RUS,2017,1.009
Russian Federation,RUS,2018,1.009
Russian Federation,RUS,2019,1.007
Rwanda,RWA,2010,0.954
Rwanda,RWA,2011,0.942
Rwanda,RWA,2012,0.937
Rwanda,RWA,2013,0.939
Rwanda,RWA,2014,0.942
Rwanda,RWA,2015,0.94
Rwanda,RWA,2016,0.938
Rwanda,RWA,2017,0.917
Rwanda,RWA,2018,0.943
Rwanda,RWA,2019,0.945
Saudi Arabia,SAU,2010,0.875
Saudi Arabia,SAU,2011,0.881
Saudi Arabia,SAU,2012,0.884
Saudi Arabia,SAU,2013,0.88
Saudi Arabia,SAU,2014,0.877
Saudi Arabia,SAU,2015,0.876
Saudi Arabia,SAU,2016,0.878
Saudi Arabia,SAU,2017,0.876
Saudi Arabia,SAU,2018,0.875
Saudi Arabia,SAU,2019,0.896
Sudan,SDN,2010,0.822
Sudan,SDN,2011,0.657
Sudan,SDN,2012,0.833
Sudan,SDN,2013,0.843
Sudan,SDN,2014,0.847
Sudan,SDN,2015,0.847
Sudan,SDN,2016,0.853
Sudan,SDN,2017,0.855
Sudan,SDN,2018,0.854
Sudan,SDN,2019,0.86
Senegal,SEN,2010,0.857
Senegal,SEN,2011,0.871
Senegal,SEN,2012,0.877
Senegal,SEN,2013,0.884
Senegal,SEN,2014,0.884
Senegal,SEN,2015,0.883
Senegal,SEN,2016,0.879
Senegal,SEN,2017,0.879
Senegal,SEN,2018,0.877
Senegal,SEN,2019,0.87
Singapore,SGP,2010,0.972
Singapore,SGP,2011,0.973
Singapore,SGP,2012,0.973
Singapore,SGP,2013,0.974
Singapore,SGP,2014,0.981
Singapore,SGP,2015,0.982
Singapore,SGP,2016,0.984
Singapore,SGP,2017,0.987
Singapore,SGP,2018,0.986
Singapore,SGP,2019,0.985
Sierra Leone,SLE,2010,0.853
Sierra Leone,SLE,2011,0.86
Sierra Leone,SLE,2012,0.868
Sierra Leone,SLE,2013,0.875
Sierra Leone,SLE,2014,0.876
Sierra Leone,SLE,2015,0.875
Sierra Leone,SLE,2016,0.876
Sierra Leone,SLE,2017,0.88
Sierra Leone,SLE,2018,0.881
Sierra Leone,SLE,2019,0.884
El Salvador,SLV,2010,0.973
El Salvador,SLV,2011,0.966
El Salvador,SLV,2012,0.963
El Salvador,SLV,2013,0.979
El Salvador,SLV,2014,0.975
El Salvador,SLV,2015,0.974
El Salvador,SLV,2016,0.974
El Salvador,SLV,2017,0.973
El Salvador,SLV,2018,0.974
El Salvador,SLV,2019,0.975
Serbia,SRB,2010,0.967
Serbia,SRB,2011,0.969
Serbia,SRB,2012,0.969
Serbia,SRB,2013,0.972
Serbia,SRB,2014,0.97
Serbia,SRB,2015,0.973
Serbia,SRB,2016,0.975
Serbia,SRB,2017,0.974
Serbia,SRB,2018,0.975
Serbia,SRB,2019,0.977
South Sudan,SSD,2010,0.831
South Sudan,SSD,2011,0.833
South Sudan,SSD,2012,0.828
South Sudan,SSD,2013,0.837
South Sudan,SSD,2014,0.839
South Sudan,SSD,2015,0.839
South Sudan,SSD,2016,0.839
South Sudan,SSD,2017,0.84
South Sudan,SSD,2018,0.841
South Sudan,SSD,2019,0.842
Sao Tome and Principe,STP,2010,0.88
Sao Tome and Principe,STP,2011,0.882
Sao Tome and Principe,STP,2012,0.896
Sao Tome and Principe,STP,2013,0.897
Sao Tome and Principe,STP,2014,0.899
Sao Tome and Principe,STP,2015,0.902
Sao Tome and Principe,STP,2016,0.903
Sao Tome and Principe,STP,2017,0.904
Sao Tome and Principe,STP,2018,0.905
Sao Tome and Principe,STP,2019,0.906
Suriname,SUR,2010,0.975
Suriname,SUR,2011,0.976
Suriname,SUR,2012,0.976
Suriname,SUR,2013,0.977
Suriname,SUR,2014,0.976
Suriname,SUR,2015,0.975
Suriname,SUR,2016,0.973
Suriname,SUR,2017,0.972
Suriname,SUR,2018,0.973
Suriname,SUR,2019,0.985
Slovakia,SVK,2010,0.991
Slovakia,SVK,2011,0.987
Slovakia,SVK,2012,0.987
Slovakia,SVK,2013,0.992
Slovakia,SVK,2014,0.99
Slovakia,SVK,2015,0.992
Slovakia,SVK,2016,0.993
Slovakia,SVK,2017,0.993
Slovakia,SVK,2018,0.992
Slovakia,SVK,2019,0.992
Slovenia,SVN,2010,1.007
Slovenia,SVN,2011,1.012
Slovenia,SVN,2012,1.006
Slovenia,SVN,2013,0.997
Slovenia,SVN,2014,1.0
Slovenia,SVN,2015,1.002
Slovenia,SVN,2016,1.004
Slovenia,SVN,2017,1.005
Slovenia,SVN,2018,1.002
Slovenia,SVN,2019,1.001
Sweden,SWE,2010,0.996
Sweden,SWE,2011,0.996
Sweden,SWE,2012,1.0
Sweden,SWE,2013,0.989
Sweden,SWE,2014,0.987
Sweden,SWE,2015,0.984
Sweden,SWE,2016,0.982
Sweden,SWE,2017,0.982
Sweden,SWE,2018,0.982
Sweden,SWE,2019,0.983
Eswatini (Kingdom of),SWZ,2010,0.939
Eswatini (Kingdom of),SWZ,2011,0.945
Eswatini (Kingdom of),SWZ,2012,0.952
Eswatini (Kingdom of),SWZ,2013,0.967
Eswatini (Kingdom of),SWZ,2014,0.975
Eswatini (Kingdom of),SWZ,2015,0.982
Eswatini (Kingdom of),SWZ,2016,0.988
Eswatini (Kingdom of),SWZ,2017,0.993
Eswatini (Kingdom of),SWZ,2018,0.995
Eswatini (Kingdom of),SWZ,2019,0.996
Syrian Arab Republic,SYR,2010,0.854
Syrian Arab Republic,SYR,2011,0.868
Syrian Arab Republic,SYR,2012,0.863
Syrian Arab Republic,SYR,2013,0.848
Syrian Arab Republic,SYR,2014,0.829
Syrian Arab Republic,SYR,2015,0.816
Syrian Arab Republic,SYR,2016,0.802
Syrian Arab Republic,SYR,2017,0.839
Syrian Arab Republic,SYR,2018,0.83
Syrian Arab Republic,SYR,2019,0.829
Chad,TCD,2010,0.757
Chad,TCD,2011,0.767
Chad,TCD,2012,0.769
Chad,TCD,2013,0.77
Chad,TCD,2014,0.771
Chad,TCD,2015,0.774
Chad,TCD,2016,0.772
Chad,TCD,2017,0.773
Chad,TCD,2018,0.773
Chad,TCD,2019,0.764
Togo,TGO,2010,0.787
Togo,TGO,2011,0.788
Togo,TGO,2012,0.79
Togo,TGO,2013,0.793
Togo,TGO,2014,0.8
Togo,TGO,2015,0.798
Togo,TGO,2016,0.798
Togo,TGO,2017,0.832
Togo,TGO,2018,0.819
Togo,TGO,2019,0.822
Thailand,THA,2010,0.997
Thailand,THA,2011,1.002
Thailand,THA,2012,1.001
Thailand,THA,2013,1.0
Thailand,THA,2014,0.998
Thailand,THA,2015,0.998
Thailand,THA,2016,0.997
Thailand,THA,2017,0.997
Thailand,THA,2018,0.997
Thailand,THA,2019,1.008
Tajikistan,TJK,2010,0.803
Tajikistan,TJK,2011,0.804
Tajikistan,TJK,2012,0.812
Tajikistan,TJK,2013,0.822
Tajikistan,TJK,2014,0.823
Tajikistan,TJK,2015,0.824
Tajikistan,TJK,2016,0.825
Tajikistan,TJK,2017,0.823
Tajikistan,TJK,2018,0.823
Tajikistan,TJK,2019,0.823
Timor-Leste,TLS,2010,0.926
Timor-Leste,TLS,2011,0.928
Timor-Leste,TLS,2012,0.927
Timor-Leste,TLS,2013,0.897
Timor-Leste,TLS,2014,0.896
Timor-Leste,TLS,2015,0.897
Timor-Leste,TLS,2016,0.943
Timor-Leste,TLS,2017,0.945
Timor-Leste,TLS,2018,0.946
Timor-Leste,TLS,2019,0.942
Tonga,TON,2010,0.943
Tonga,TON,2011,0.945
Tonga,TON,2012,0.945
Tonga,TON,2013,0.944
Tonga,TON,2014,0.946
Tonga,TON,2015,0.947
Tonga,TON,2016,0.948
Tonga,TON,2017,0.948
Tonga,TON,2018,0.949
Tonga,TON,2019,0.95
Trinidad and Tobago,TTO,2010,0.984
Trinidad and Tobago,TTO,2011,0.997
Trinidad and Tobago,TTO,2012,0.997
Trinidad and Tobago,TTO,2013,0.999
Trinidad and Tobago,TTO,2014,0.998
Trinidad and Tobago,TTO,2015,0.989
Trinidad and Tobago,TTO,2016,0.997
Trinidad and Tobago,TTO,2017,1.002
Trinidad and Tobago,TTO,2018,1.002
Trinidad and Tobago,TTO,2019,1.003
Tunisia,TUN,2010,0.887
Tunisia,TUN,2011,0.885
Tunisia,TUN,2012,0.888
Tunisia,TUN,2013,0.892
Tunisia,TUN,2014,0.894
Tunisia,TUN,2015,0.896
Tunisia,TUN,2016,0.898
Tunisia,TUN,2017,0.899
Tunisia,TUN,2018,0.899
Tunisia,TUN,2019,0.9
Turkey,TUR,2010,0.908
Turkey,TUR,2011,0.911
Turkey,TUR,2012,0.914
Turkey,TUR,2013,0.917
Turkey,TUR,2014,0.924
Turkey,TUR,2015,0.928
Turkey,TUR,2016,0.93
Turkey,TUR,2017,0.931
Turkey,TUR,2018,0.926
Turkey,TUR,2019,0.924
Tanzania (United Republic of),TZA,2010,0.921
Tanzania (United Republic of),TZA,2011,0.923
Tanzania (United Republic of),TZA,2012,0.946
Tanzania (United Republic of),TZA,2013,0.949
Tanzania (United Republic of),TZA,2014,0.936
Tanzania (United Republic of),TZA,2015,0.939
Tanzania (United Republic of),TZA,2016,0.942
Tanzania (United Republic of),TZA,2017,0.944
Tanzania (United Republic of),TZA,2018,0.943
Tanzania (United Republic of),TZA,2019,0.948
Uganda,UGA,2010,0.862
Uganda,UGA,2011,0.863
Uganda,UGA,2012,0.866
Uganda,UGA,2013,0.865
Uganda,UGA,2014,0.866
Uganda,UGA,2015,0.871
Uganda,UGA,2016,0.873
Uganda,UGA,2017,0.874
Uganda,UGA,2018,0.862
Uganda,UGA,2019,0.863
Ukraine,UKR,2010,1.012
Ukraine,UKR,2011,1.005
Ukraine,UKR,2012,1.003
Ukraine,UKR,2013,1.003
Ukraine,UKR,2014,1.0
Ukraine,UKR,2015,0.997
Ukraine,UKR,2016,0.997
Ukraine,UKR,2017,1.0
Ukraine,UKR,2018,1.0
Ukraine,UKR,2019,1.0
Uruguay,URY,2010,1.006
Uruguay,URY,2011,1.01
Uruguay,URY,2012,1.012
Uruguay,URY,2013,1.009
Uruguay,URY,2014,1.011
Uruguay,URY,2015,1.011
Uruguay,URY,2016,1.016
Uruguay,URY,2017,1.015
Uruguay,URY,2018,1.017
Uruguay,URY,2019,1.016
United States,USA,2010,0.996
United States,USA,2011,0.996
United States,USA,2012,0.994
United States,USA,2013,0.993
United States,USA,2014,0.993
United States,USA,2015,0.994
United States,USA,2016,0.994
United States,USA,2017,0.995
United States,USA,2018,0.993
United States,USA,2019,0.994
Uzbekistan,UZB,2010,0.945
Uzbekistan,UZB,2011,0.943
Uzbekistan,UZB,2012,0.942
Uzbekistan,UZB,2013,0.94
Uzbekistan,UZB,2014,0.94
Uzbekistan,UZB,2015,0.939
Uzbekistan,UZB,2016,0.936
Uzbekistan,UZB,2017,0.937
Uzbekistan,UZB,2018,0.938
Uzbekistan,UZB,2019,0.939
Venezuela (Bolivarian Republic of),VEN,2010,1.024
Venezuela (Bolivarian Republic of),VEN,2011,1.022
Venezuela (Bolivarian Republic of),VEN,2012,1.023
Venezuela (Bolivarian Republic of),VEN,2013,1.023
Venezuela (Bolivarian Republic of),VEN,2014,1.023
Venezuela (Bolivarian Republic of),VEN,2015,1.022
Venezuela (Bolivarian Republic of),VEN,2016,1.019
Venezuela (Bolivarian Republic of),VEN,2017,1.016
Venezuela (Bolivarian Republic of),VEN,2018,1.014
Venezuela (Bolivarian Republic of),VEN,2019,1.009
Viet Nam,VNM,2010,0.982
Viet Nam,VNM,2011,0.993
Viet Nam,VNM,2012,0.998
Viet Nam,VNM,2013,1.0
Viet Nam,VNM,2014,1.002
Viet Nam,VNM,2015,1.005
Viet Nam,VNM,2016,1.004
Viet Nam,VNM,2017,0.999
Viet Nam,VNM,2018,0.998
Viet Nam,VNM,2019,0.997
Yemen,YEM,2010,0.672
Yemen,YEM,2011,0.653
Yemen,YEM,2012,0.644
Yemen,YEM,2013,0.615
Yemen,YEM,2014,0.587
Yemen,YEM,2015,0.544
Yemen,YEM,2016,0.515
Yemen,YEM,2017,0.489
Yemen,YEM,2018,0.482
Yemen,YEM,2019,0.488
South Africa,ZAF,2010,0.975
South Africa,ZAF,2011,0.983
South Africa,ZAF,2012,0.976
South Africa,ZAF,2013,0.979
South Africa,ZAF,2014,0.983
South Africa,ZAF,2015,0.982
South Africa,ZAF,2016,0.982
South Africa,ZAF,2017,0.981
South Africa,ZAF,2018,0.983
South Africa,ZAF,2019,0.986
Zambia,ZMB,2010,0.917
Zambia,ZMB,2011,0.92
Zambia,ZMB,2012,0.925
Zambia,ZMB,2013,0.929
Zambia,ZMB,2014,0.933
Zambia,ZMB,2015,0.936
Zambia,ZMB,2016,0.94
Zambia,ZMB,2017,0.978
Zambia,ZMB,2018,0.98
Zambia,ZMB,2019,0.958
Zimbabwe,ZWE,2010,0.93
Zimbabwe,ZWE,2011,0.934
Zimbabwe,ZWE,2012,0.938
Zimbabwe,ZWE,2013,0.934
Zimbabwe,ZWE,2014,0.927
Zimbabwe,ZWE,2015,0.927
Zimbabwe,ZWE,2016,0.927
Zimbabwe,ZWE,2017,0.927
Zimbabwe,ZWE,2018,0.927
Zimbabwe,ZWE,2019,0.931
United Arab Emirates,ARE,2011,0.957
United Arab Emirates,ARE,2012,0.959
United Arab Emirates,ARE,2013,0.932
United Arab Emirates,ARE,2014,0.933
United Arab Emirates,ARE,2015,0.935
United Arab Emirates,ARE,2016,0.935
United Arab Emirates,ARE,2017,0.928
United Arab Emirates,ARE,2018,0.926
United Arab Emirates,ARE,2019,0.931
Angola,AGO,2014,0.838
Angola,AGO,2015,0.839
Angola,AGO,2016,0.903
Angola,AGO,2017,0.903
Angola,AGO,2018,0.903
Angola,AGO,2019,0.903
Myanmar,MMR,2017,0.956
Myanmar,MMR,2018,0.953
Myanmar,MMR,2019,0.954
Saint Vincent and the Grenadines,VCT,2019,0.965
