country_name,country_code,year,Life expectancy index
Afghanistan,AFG,2010,0.631
Afghanistan,AFG,2011,0.639
Afghanistan,AFG,2012,0.647
Afghanistan,AFG,2013,0.654
Afghanistan,AFG,2014,0.661
Afghanistan,AFG,2015,0.667
Afghanistan,AFG,2016,0.673
Afghanistan,AFG,2017,0.679
Afghanistan,AFG,2018,0.684
Afghanistan,AFG,2019,0.69
Angola,AGO,2010,0.544
Angola,AGO,2011,0.559
Angola,AGO,2012,0.573
Angola,AGO,2013,0.585
Angola,AGO,2014,0.597
Angola,AGO,2015,0.606
Angola,AGO,2016,0.614
Angola,AGO,2017,0.621
Angola,AGO,2018,0.627
Angola,AGO,2019,0.633
Albania,ALB,2010,0.87
Albania,ALB,2011,0.876
Albania,ALB,2012,0.881
Albania,ALB,2013,0.885
Albania,ALB,2014,0.889
Albania,ALB,2015,0.893
Albania,ALB,2016,0.895
Albania,ALB,2017,0.897
Albania,ALB,2018,0.899
Albania,ALB,2019,0.901
Andorra,AND,2010,0.936
Andorra,AND,2011,0.937
Andorra,AND,2012,0.939
Andorra,AND,2013,0.941
Andorra,AND,2014,0.943
Andorra,AND,2015,0.945
Andorra,AND,2016,0.947
Andorra,AND,2017,0.949
Andorra,AND,2018,0.951
Andorra,AND,2019,0.952
United Arab Emirates,ARE,2010,0.867
United Arab Emirates,ARE,2011,0.87
United Arab Emirates,ARE,2012,0.872
United Arab Emirates,ARE,2013,0.875
United Arab Emirates,ARE,2014,0.878
United Arab Emirates,ARE,2015,0.881
United Arab Emirates,ARE,2016,0.884
United Arab Emirates,ARE,2017,0.887
United Arab Emirates,ARE,2018,0.889
United Arab Emirates,ARE,2019,0.892
Argentina,ARG,2010,0.85
Argentina,ARG,2011,0.853
Argentina,ARG,2012,0.855
Argentina,ARG,2013,0.858
Argentina,ARG,2014,0.86
Argentina,ARG,2015,0.863
Argentina,ARG,2016,0.865
Argentina,ARG,2017,0.867
Argentina,ARG,2018,0.87
Argentina,ARG,2019,0.872
Armenia,ARM,2010,0.82
Armenia,ARM,2011,0.824
Armenia,ARM,2012,0.828
Armenia,ARM,2013,0.832
Armenia,ARM,2014,0.835
Armenia,ARM,2015,0.838
Armenia,ARM,2016,0.841
Armenia,ARM,2017,0.843
Armenia,ARM,2018,0.845
Armenia,ARM,2019,0.848
Antigua and Barbuda,ATG,2010,0.859
Antigua and Barbuda,ATG,2011,0.861
Antigua and Barbuda,ATG,2012,0.863
Antigua and Barbuda,ATG,2013,0.865
Antigua and Barbuda,ATG,2014,0.867
Antigua and Barbuda,ATG,2015,0.869
Antigua and Barbuda,ATG,2016,0.871
Antigua and Barbuda,ATG,2017,0.873
Antigua and Barbuda,ATG,2018,0.875
Antigua and Barbuda,ATG,2019,0.877
Australia,AUS,2010,0.953
Australia,AUS,2011,0.956
Australia,AUS,2012,0.958
Australia,AUS,2013,0.961
Australia,AUS,2014,0.963
Australia,AUS,2015,0.966
Australia,AUS,2016,0.969
Australia,AUS,2017,0.971
Australia,AUS,2018,0.974
Australia,AUS,2019,0.976
Austria,AUT,2010,0.933
Austria,AUT,2011,0.935
Austria,AUT,2012,0.937
Austria,AUT,2013,0.939
Austria,AUT,2014,0.94
Austria,AUT,2015,0.941
Austria,AUT,2016,0.942
Austria,AUT,2017,0.944
Austria,AUT,2018,0.945
Austria,AUT,2019,0.947
Azerbaijan,AZE,2010,0.784
Azerbaijan,AZE,2011,0.788
Azerbaijan,AZE,2012,0.792
Azerbaijan,AZE,2013,0.796
Azerbaijan,AZE,2014,0.8
Azerbaijan,AZE,2015,0.804
Azerbaijan,AZE,2016,0.808
Azerbaijan,AZE,2017,0.811
Azerbaijan,AZE,2018,0.813
Azerbaijan,AZE,2019,0.816
Burundi,BDI,2010,0.573
Burundi,BDI,2011,0.583
Burundi,BDI,2012,0.593
Burundi,BDI,2013,0.602
Burundi,BDI,2014,0.61
Burundi,BDI,2015,0.617
Burundi,BDI,2016,0.624
Burundi,BDI,2017,0.629
Burundi,BDI,2018,0.635
Burundi,BDI,2019,0.64
Belgium,BEL,2010,0.924
Belgium,BEL,2011,0.927
Belgium,BEL,2012,0.93
Belgium,BEL,2013,0.933
Belgium,BEL,2014,0.935
Belgium,BEL,2015,0.938
Belgium,BEL,2016,0.941
Belgium,BEL,2017,0.943
Belgium,BEL,2018,0.946
Belgium,BEL,2019,0.948
Benin,BEN,2010,0.605
Benin,BEN,2011,0.609
Benin,BEN,2012,0.613
Benin,BEN,2013,0.617
Benin,BEN,2014,0.621
Benin,BEN,2015,0.625
Benin,BEN,2016,0.629
Benin,BEN,2017,0.633
Benin,BEN,2018,0.638
Benin,BEN,2019,0.643
Burkina Faso,BFA,2010,0.571
Burkina Faso,BFA,2011,0.581
Burkina Faso,BFA,2012,0.59
Burkina Faso,BFA,2013,0.599
Burkina Faso,BFA,2014,0.607
Burkina Faso,BFA,2015,0.614
Burkina Faso,BFA,2016,0.621
Burkina Faso,BFA,2017,0.627
Burkina Faso,BFA,2018,0.633
Burkina Faso,BFA,2019,0.64
Bangladesh,BGD,2010,0.767
Bangladesh,BGD,2011,0.773
Bangladesh,BGD,2012,0.779
Bangladesh,BGD,2013,0.784
Bangladesh,BGD,2014,0.788
Bangladesh,BGD,2015,0.793
Bangladesh,BGD,2016,0.797
Bangladesh,BGD,2017,0.801
Bangladesh,BGD,2018,0.805
Bangladesh,BGD,2019,0.809
Bulgaria,BGR,2010,0.826
Bulgaria,BGR,2011,0.83
Bulgaria,BGR,2012,0.833
Bulgaria,BGR,2013,0.835
Bulgaria,BGR,2014,0.838
Bulgaria,BGR,2015,0.84
Bulgaria,BGR,2016,0.842
Bulgaria,BGR,2017,0.843
Bulgaria,BGR,2018,0.845
Bulgaria,BGR,2019,0.847
Bahrain,BHR,2010,0.862
Bahrain,BHR,2011,0.865
Bahrain,BHR,2012,0.867
Bahrain,BHR,2013,0.869
Bahrain,BHR,2014,0.871
Bahrain,BHR,2015,0.873
Bahrain,BHR,2016,0.875
Bahrain,BHR,2017,0.877
Bahrain,BHR,2018,0.879
Bahrain,BHR,2019,0.881
Bahamas,BHS,2010,0.802
Bahamas,BHS,2011,0.804
Bahamas,BHS,2012,0.807
Bahamas,BHS,2013,0.81
Bahamas,BHS,2014,0.813
Bahamas,BHS,2015,0.817
Bahamas,BHS,2016,0.82
Bahamas,BHS,2017,0.824
Bahamas,BHS,2018,0.827
Bahamas,BHS,2019,0.83
Bosnia and Herzegovina,BIH,2010,0.862
Bosnia and Herzegovina,BIH,2011,0.865
Bosnia and Herzegovina,BIH,2012,0.868
Bosnia and Herzegovina,BIH,2013,0.87
Bosnia and Herzegovina,BIH,2014,0.873
Bosnia and Herzegovina,BIH,2015,0.875
Bosnia and Herzegovina,BIH,2016,0.877
Bosnia and Herzegovina,BIH,2017,0.879
Bosnia and Herzegovina,BIH,2018,0.881
Bosnia and Herzegovina,BIH,2019,0.883
Belarus,BLR,2010,0.782
Belarus,BLR,2011,0.791
Belarus,BLR,2012,0.801
Belarus,BLR,2013,0.81
Belarus,BLR,2014,0.818
Belarus,BLR,2015,0.825
Belarus,BLR,2016,0.831
Belarus,BLR,2017,0.836
Belarus,BLR,2018,0.84
Belarus,BLR,2019,0.843
Belize,BLZ,2010,0.801
Belize,BLZ,2011,0.809
Belize,BLZ,2012,0.816
Belize,BLZ,2013,0.822
Belize,BLZ,2014,0.827
Belize,BLZ,2015,0.831
Belize,BLZ,2016,0.834
Belize,BLZ,2017,0.836
Belize,BLZ,2018,0.838
Belize,BLZ,2019,0.84
Bolivia (Plurinational State of),BOL,2010,0.739
Bolivia (Plurinational State of),BOL,2011,0.746
Bolivia (Plurinational State of),BOL,2012,0.754
Bolivia (Plurinational State of),BOL,2013,0.761
Bolivia (Plurinational State of),BOL,2014,0.768
Bolivia (Plurinational State of),BOL,2015,0.773
Bolivia (Plurinational State of),BOL,2016,0.779
Bolivia (Plurinational State of),BOL,2017,0.784
Bolivia (Plurinational State of),BOL,2018,0.788
Bolivia (Plurinational State of),BOL,2019,0.792
Brazil,BRA,2010,0.825
Brazil,BRA,2011,0.83
Brazil,BRA,2012,0.834
Brazil,BRA,2013,0.838
Brazil,BRA,2014,0.842
Brazil,BRA,2015,0.846
Brazil,BRA,2016,0.85
Brazil,BRA,2017,0.853
Brazil,BRA,2018,0.856
Brazil,BRA,2019,0.86
Barbados,BRB,2010,0.898
Barbados,BRB,2011,0.899
Barbados,BRB,2012,0.901
Barbados,BRB,2013,0.902
Barbados,BRB,2014,0.903
Barbados,BRB,2015,0.905
Barbados,BRB,2016,0.906
Barbados,BRB,2017,0.907
Barbados,BRB,2018,0.909
Barbados,BRB,2019,0.911
Brunei Darussalam,BRN,2010,0.842
Brunei Darussalam,BRN,2011,0.844
Brunei Darussalam,BRN,2012,0.846
Brunei Darussalam,BRN,2013,0.847
Brunei Darussalam,BRN,2014,0.849
Brunei Darussalam,BRN,2015,0.851
Brunei Darussalam,BRN,2016,0.853
Brunei Darussalam,BRN,2017,0.855
Brunei Darussalam,BRN,2018,0.857
Brunei Darussalam,BRN,2019,0.859
Bhutan,BTN,2010,0.744
Bhutan,BTN,2011,0.751
Bhutan,BTN,2012,0.758
Bhutan,BTN,2013,0.764
Bhutan,BTN,2014,0.77
Bhutan,BTN,2015,0.776
Bhutan,BTN,2016,0.781
Bhutan,BTN,2017,0.787
Bhutan,BTN,2018,0.792
Bhutan,BTN,2019,0.797
Botswana,BWA,2010,0.619
Botswana,BWA,2011,0.645
Botswana,BWA,2012,0.669
Botswana,BWA,2013,0.692
Botswana,BWA,2014,0.712
Botswana,BWA,2015,0.728
Botswana,BWA,2016,0.741
Botswana,BWA,2017,0.751
Botswana,BWA,2018,0.758
Botswana,BWA,2019,0.763
Central African Republic,CAF,2010,0.42
Central African Republic,CAF,2011,0.43
Central African Republic,CAF,2012,0.441
Central African Republic,CAF,2013,0.452
Central African Republic,CAF,2014,0.464
Central African Republic,CAF,2015,0.475
Central African Republic,CAF,2016,0.486
Central African Republic,CAF,2017,0.496
Central African Republic,CAF,2018,0.505
Central African Republic,CAF,2019,0.512
Canada,CAN,2010,0.943
Canada,CAN,2011,0.946
Canada,CAN,2012,0.949
Canada,CAN,2013,0.951
Canada,CAN,2014,0.953
Canada,CAN,2015,0.954
Canada,CAN,2016,0.956
Canada,CAN,2017,0.957
Canada,CAN,2018,0.959
Canada,CAN,2019,0.96
Switzerland,CHE,2010,0.958
Switzerland,CHE,2011,0.961
Switzerland,CHE,2012,0.963
Switzerland,CHE,2013,0.966
Switzerland,CHE,2014,0.969
Switzerland,CHE,2015,0.971
Switzerland,CHE,2016,0.974
Switzerland,CHE,2017,0.977
Switzerland,CHE,2018,0.979
Switzerland,CHE,2019,0.981
Chile,CHL,2010,0.904
Chile,CHL,2011,0.907
Chile,CHL,2012,0.91
Chile,CHL,2013,0.913
Chile,CHL,2014,0.915
Chile,CHL,2015,0.918
Chile,CHL,2016,0.92
Chile,CHL,2017,0.922
Chile,CHL,2018,0.924
Chile,CHL,2019,0.926
China,CHN,2010,0.837
China,CHN,2011,0.842
China,CHN,2012,0.846
China,CHN,2013,0.851
China,CHN,2014,0.856
China,CHN,2015,0.86
China,CHN,2016,0.865
China,CHN,2017,0.869
China,CHN,2018,0.872
China,CHN,2019,0.876
Cote d'Ivoire,CIV,2010,0.507
Cote d'Ivoire,CIV,2011,0.517
Cote d'Ivoire,CIV,2012,0.527
Cote d'Ivoire,CIV,2013,0.537
Cote d'Ivoire,CIV,2014,0.546
Cote d'Ivoire,CIV,2015,0.555
Cote d'Ivoire,CIV,2016,0.563
Cote d'Ivoire,CIV,2017,0.569
Cote d'Ivoire,CIV,2018,0.576
Cote d'Ivoire,CIV,2019,0.581
Cameroon,CMR,2010,0.54
Cameroon,CMR,2011,0.547
Cameroon,CMR,2012,0.555
Cameroon,CMR,2013,0.563
Cameroon,CMR,2014,0.571
Cameroon,CMR,2015,0.578
Cameroon,CMR,2016,0.586
Cameroon,CMR,2017,0.592
Cameroon,CMR,2018,0.599
Cameroon,CMR,2019,0.604
Congo (Democratic Republic of the),COD,2010,0.568
Congo (Democratic Republic of the),COD,2011,0.576
Congo (Democratic Republic of the),COD,2012,0.583
Congo (Democratic Republic of the),COD,2013,0.59
Congo (Democratic Republic of the),COD,2014,0.597
Congo (Democratic Republic of the),COD,2015,0.604
Congo (Democratic Republic of the),COD,2016,0.61
Congo (Democratic Republic of the),COD,2017,0.616
Congo (Democratic Republic of the),COD,2018,0.621
Congo (Democratic Republic of the),COD,2019,0.626
Congo,COG,2010,0.617
Congo,COG,2011,0.627
Congo,COG,2012,0.637
Congo,COG,2013,0.646
Congo,COG,2014,0.655
Congo,COG,2015,0.663
Congo,COG,2016,0.67
Congo,COG,2017,0.676
Congo,COG,2018,0.681
Congo,COG,2019,0.686
Colombia,COL,2010,0.853
Colombia,COL,2011,0.856
Colombia,COL,2012,0.86
Colombia,COL,2013,0.863
Colombia,COL,2014,0.866
Colombia,COL,2015,0.87
Colombia,COL,2016,0.873
Colombia,COL,2017,0.876
Colombia,COL,2018,0.879
Colombia,COL,2019,0.881
Comoros,COM,2010,0.644
Comoros,COM,2011,0.65
Comoros,COM,2012,0.655
Comoros,COM,2013,0.66
Comoros,COM,2014,0.665
Comoros,COM,2015,0.669
Comoros,COM,2016,0.672
Comoros,COM,2017,0.676
Comoros,COM,2018,0.679
Comoros,COM,2019,0.682
Cabo Verde,CPV,2010,0.786
Cabo Verde,CPV,2011,0.788
Cabo Verde,CPV,2012,0.791
Cabo Verde,CPV,2013,0.795
Cabo Verde,CPV,2014,0.798
Cabo Verde,CPV,2015,0.802
Cabo Verde,CPV,2016,0.805
Cabo Verde,CPV,2017,0.809
Cabo Verde,CPV,2018,0.812
Cabo Verde,CPV,2019,0.815
Costa Rica,CRI,2010,0.904
Costa Rica,CRI,2011,0.906
Costa Rica,CRI,2012,0.909
Costa Rica,CRI,2013,0.911
Costa Rica,CRI,2014,0.914
Costa Rica,CRI,2015,0.916
Costa Rica,CRI,2016,0.919
Costa Rica,CRI,2017,0.922
Costa Rica,CRI,2018,0.925
Costa Rica,CRI,2019,0.927
Cuba,CUB,2010,0.898
Cuba,CUB,2011,0.898
Cuba,CUB,2012,0.899
Cuba,CUB,2013,0.9
Cuba,CUB,2014,0.9
Cuba,CUB,2015,0.901
Cuba,CUB,2016,0.902
Cuba,CUB,2017,0.902
Cuba,CUB,2018,0.903
Cuba,CUB,2019,0.905
Cyprus,CYP,2010,0.914
Cyprus,CYP,2011,0.917
Cyprus,CYP,2012,0.92
Cyprus,CYP,2013,0.923
Cyprus,CYP,2014,0.926
Cyprus,CYP,2015,0.928
Cyprus,CYP,2016,0.931
Cyprus,CYP,2017,0.933
Cyprus,CYP,2018,0.936
Cyprus,CYP,2019,0.938
Czechia,CZE,2010,0.886
Czechia,CZE,2011,0.89
Czechia,CZE,2012,0.893
Czechia,CZE,2013,0.897
Czechia,CZE,2014,0.9
Czechia,CZE,2015,0.903
Czechia,CZE,2016,0.906
Czechia,CZE,2017,0.909
Czechia,CZE,2018,0.911
Czechia,CZE,2019,0.914
Germany,DEU,2010,0.925
Germany,DEU,2011,0.927
Germany,DEU,2012,0.929
Germany,DEU,2013,0.931
Germany,DEU,2014,0.933
Germany,DEU,2015,0.935
Germany,DEU,2016,0.937
Germany,DEU,2017,0.939
Germany,DEU,2018,0.941
Germany,DEU,2019,0.944
Djibouti,DJI,2010,0.616
Djibouti,DJI,2011,0.626
Djibouti,DJI,2012,0.637
Djibouti,DJI,2013,0.65
Djibouti,DJI,2014,0.664
Djibouti,DJI,2015,0.679
Djibouti,DJI,2016,0.693
Djibouti,DJI,2017,0.706
Djibouti,DJI,2018,0.717
Djibouti,DJI,2019,0.725
Dominica,DMA,2010,0.883
Dominica,DMA,2011,0.884
Dominica,DMA,2012,0.886
Dominica,DMA,2013,0.887
Dominica,DMA,2014,0.889
Dominica,DMA,2015,0.89
Dominica,DMA,2016,0.891
Dominica,DMA,2017,0.893
Dominica,DMA,2018,0.894
Dominica,DMA,2019,0.896
Denmark,DNK,2010,0.914
Denmark,DNK,2011,0.919
Denmark,DNK,2012,0.922
Denmark,DNK,2013,0.926
Denmark,DNK,2014,0.928
Denmark,DNK,2015,0.93
Denmark,DNK,2016,0.932
Denmark,DNK,2017,0.934
Denmark,DNK,2018,0.935
Denmark,DNK,2019,0.937
Dominican Republic,DOM,2010,0.801
Dominican Republic,DOM,2011,0.804
Dominican Republic,DOM,2012,0.808
Dominican Republic,DOM,2013,0.812
Dominican Republic,DOM,2014,0.815
Dominican Republic,DOM,2015,0.819
Dominican Republic,DOM,2016,0.823
Dominican Republic,DOM,2017,0.826
Dominican Republic,DOM,2018,0.829
Dominican Republic,DOM,2019,0.832
Algeria,DZA,2010,0.845
Algeria,DZA,2011,0.849
Algeria,DZA,2012,0.853
Algeria,DZA,2013,0.856
Algeria,DZA,2014,0.86
Algeria,DZA,2015,0.863
Algeria,DZA,2016,0.866
Algeria,DZA,2017,0.869
Algeria,DZA,2018,0.872
Algeria,DZA,2019,0.875
Ecuador,ECU,2010,0.848
Ecuador,ECU,2011,0.851
Ecuador,ECU,2012,0.854
Ecuador,ECU,2013,0.857
Ecuador,ECU,2014,0.86
Ecuador,ECU,2015,0.864
Ecuador,ECU,2016,0.867
Ecuador,ECU,2017,0.871
Ecuador,ECU,2018,0.874
Ecuador,ECU,2019,0.877
Egypt,EGY,2010,0.775
Egypt,EGY,2011,0.778
Egypt,EGY,2012,0.781
Egypt,EGY,2013,0.784
Egypt,EGY,2014,0.786
Egypt,EGY,2015,0.789
Egypt,EGY,2016,0.792
Egypt,EGY,2017,0.795
Egypt,EGY,2018,0.797
Egypt,EGY,2019,0.8
Eritrea,ERI,2010,0.649
Eritrea,ERI,2011,0.657
Eritrea,ERI,2012,0.665
Eritrea,ERI,2013,0.673
Eritrea,ERI,2014,0.68
Eritrea,ERI,2015,0.687
Eritrea,ERI,2016,0.694
Eritrea,ERI,2017,0.701
Eritrea,ERI,2018,0.707
Eritrea,ERI,2019,0.713
Spain,ESP,2010,0.952
Spain,ESP,2011,0.956
Spain,ESP,2012,0.96
Spain,ESP,2013,0.963
Spain,ESP,2014,0.966
Spain,ESP,2015,0.969
Spain,ESP,2016,0.971
Spain,ESP,2017,0.974
Spain,ESP,2018,0.976
Spain,ESP,2019,0.978
Estonia,EST,2010,0.851
Estonia,EST,2011,0.86
Estonia,EST,2012,0.868
Estonia,EST,2013,0.876
Estonia,EST,2014,0.883
Estonia,EST,2015,0.889
Estonia,EST,2016,0.894
Estonia,EST,2017,0.898
Estonia,EST,2018,0.901
Estonia,EST,2019,0.904
Ethiopia,ETH,2010,0.64
Ethiopia,ETH,2011,0.654
Ethiopia,ETH,2012,0.666
Ethiopia,ETH,2013,0.676
Ethiopia,ETH,2014,0.685
Ethiopia,ETH,2015,0.693
Ethiopia,ETH,2016,0.7
Ethiopia,ETH,2017,0.706
Ethiopia,ETH,2018,0.711
Ethiopia,ETH,2019,0.717
Finland,FIN,2010,0.925
Finland,FIN,2011,0.929
Finland,FIN,2012,0.932
Finland,FIN,2013,0.935
Finland,FIN,2014,0.938
Finland,FIN,2015,0.941
Finland,FIN,2016,0.944
Finland,FIN,2017,0.947
Finland,FIN,2018,0.95
Finland,FIN,2019,0.952
Fiji,FJI,2010,0.718
Fiji,FJI,2011,0.719
Fiji,FJI,2012,0.721
Fiji,FJI,2013,0.722
Fiji,FJI,2014,0.724
Fiji,FJI,2015,0.725
Fiji,FJI,2016,0.726
Fiji,FJI,2017,0.727
Fiji,FJI,2018,0.728
Fiji,FJI,2019,0.73
France,FRA,2010,0.946
France,FRA,2011,0.949
France,FRA,2012,0.952
France,FRA,2013,0.954
France,FRA,2014,0.956
France,FRA,2015,0.957
France,FRA,2016,0.959
France,FRA,2017,0.96
France,FRA,2018,0.962
France,FRA,2019,0.964
Micronesia (Federated States of),FSM,2010,0.715
Micronesia (Federated States of),FSM,2011,0.718
Micronesia (Federated States of),FSM,2012,0.72
Micronesia (Federated States of),FSM,2013,0.723
Micronesia (Federated States of),FSM,2014,0.725
Micronesia (Federated States of),FSM,2015,0.728
Micronesia (Federated States of),FSM,2016,0.73
Micronesia (Federated States of),FSM,2017,0.733
Micronesia (Federated States of),FSM,2018,0.735
Micronesia (Federated States of),FSM,2019,0.737
Gabon,GAB,2010,0.637
Gabon,GAB,2011,0.649
Gabon,GAB,2012,0.66
Gabon,GAB,2013,0.672
Gabon,GAB,2014,0.682
Gabon,GAB,2015,0.691
Gabon,GAB,2016,0.699
Gabon,GAB,2017,0.705
Gabon,GAB,2018,0.711
Gabon,GAB,2019,0.715
United Kingdom,GBR,2010,0.928
United Kingdom,GBR,2011,0.932
United Kingdom,GBR,2012,0.934
United Kingdom,GBR,2013,0.937
United Kingdom,GBR,2014,0.938
United Kingdom,GBR,2015,0.939
United Kingdom,GBR,2016,0.94
United Kingdom,GBR,2017,0.941
United Kingdom,GBR,2018,0.942
United Kingdom,GBR,2019,0.943
Georgia,GEO,2010,0.792
Georgia,GEO,2011,0.797
Georgia,GEO,2012,0.801
Georgia,GEO,2013,0.806
Georgia,GEO,2014,0.811
Georgia,GEO,2015,0.815
Georgia,GEO,2016,0.819
Georgia,GEO,2017,0.822
Georgia,GEO,2018,0.825
Georgia,GEO,2019,0.827
Ghana,GHA,2010,0.631
Ghana,GHA,2011,0.637
Ghana,GHA,2012,0.642
Ghana,GHA,2013,0.647
Ghana,GHA,2014,0.653
Ghana,GHA,2015,0.658
Ghana,GHA,2016,0.663
Ghana,GHA,2017,0.669
Ghana,GHA,2018,0.674
Ghana,GHA,2019,0.678
Guinea,GIN,2010,0.567
Guinea,GIN,2011,0.575
Guinea,GIN,2012,0.583
Guinea,GIN,2013,0.591
Guinea,GIN,2014,0.6
Guinea,GIN,2015,0.609
Guinea,GIN,2016,0.618
Guinea,GIN,2017,0.626
Guinea,GIN,2018,0.634
Guinea,GIN,2019,0.64
Gambia,GMB,2010,0.61
Gambia,GMB,2011,0.614
Gambia,GMB,2012,0.618
Gambia,GMB,2013,0.622
Gambia,GMB,2014,0.626
Gambia,GMB,2015,0.629
Gambia,GMB,2016,0.633
Gambia,GMB,2017,0.638
Gambia,GMB,2018,0.642
Gambia,GMB,2019,0.647
Guinea-Bissau,GNB,2010,0.533
Guinea-Bissau,GNB,2011,0.541
Guinea-Bissau,GNB,2012,0.548
Guinea-Bissau,GNB,2013,0.556
Guinea-Bissau,GNB,2014,0.562
Guinea-Bissau,GNB,2015,0.569
Guinea-Bissau,GNB,2016,0.574
Guinea-Bissau,GNB,2017,0.58
Guinea-Bissau,GNB,2018,0.585
Guinea-Bissau,GNB,2019,0.59
Equatorial Guinea,GNQ,2010,0.548
Equatorial Guinea,GNQ,2011,0.553
Equatorial Guinea,GNQ,2012,0.558
Equatorial Guinea,GNQ,2013,0.564
Equatorial Guinea,GNQ,2014,0.569
Equatorial Guinea,GNQ,2015,0.575
Equatorial Guinea,GNQ,2016,0.58
Equatorial Guinea,GNQ,2017,0.586
Equatorial Guinea,GNQ,2018,0.591
Equatorial Guinea,GNQ,2019,0.596
Greece,GRC,2010,0.931
Greece,GRC,2011,0.935
Greece,GRC,2012,0.938
Greece,GRC,2013,0.941
Greece,GRC,2014,0.944
Greece,GRC,2015,0.947
Greece,GRC,2016,0.95
Greece,GRC,2017,0.952
Greece,GRC,2018,0.955
Greece,GRC,2019,0.958
Grenada,GRD,2010,0.813
Grenada,GRD,2011,0.812
Grenada,GRD,2012,0.81
Grenada,GRD,2013,0.809
Grenada,GRD,2014,0.808
Grenada,GRD,2015,0.807
Grenada,GRD,2016,0.806
Grenada,GRD,2017,0.806
Grenada,GRD,2018,0.806
Grenada,GRD,2019,0.806
Guatemala,GTM,2010,0.792
Guatemala,GTM,2011,0.798
Guatemala,GTM,2012,0.804
Guatemala,GTM,2013,0.809
Guatemala,GTM,2014,0.814
Guatemala,GTM,2015,0.819
Guatemala,GTM,2016,0.824
Guatemala,GTM,2017,0.828
Guatemala,GTM,2018,0.832
Guatemala,GTM,2019,0.835
Guyana,GUY,2010,0.739
Guyana,GUY,2011,0.743
Guyana,GUY,2012,0.747
Guyana,GUY,2013,0.751
Guyana,GUY,2014,0.755
Guyana,GUY,2015,0.758
Guyana,GUY,2016,0.761
Guyana,GUY,2017,0.763
Guyana,GUY,2018,0.766
Guyana,GUY,2019,0.768
"Hong Kong, China (SAR)",HKG,2010,0.968
"Hong Kong, China (SAR)",HKG,2011,0.971
"Hong Kong, China (SAR)",HKG,2012,0.974
"Hong Kong, China (SAR)",HKG,2013,0.978
"Hong Kong, China (SAR)",HKG,2014,0.982
"Hong Kong, China (SAR)",HKG,2015,0.985
"Hong Kong, China (SAR)",HKG,2016,0.989
"Hong Kong, China (SAR)",HKG,2017,0.992
"Hong Kong, China (SAR)",HKG,2018,0.995
"Hong Kong, China (SAR)",HKG,2019,0.998
Honduras,HND,2010,0.82
Honduras,HND,2011,0.824
Honduras,HND,2012,0.828
Honduras,HND,2013,0.832
Honduras,HND,2014,0.835
Honduras,HND,2015,0.838
Honduras,HND,2016,0.842
Honduras,HND,2017,0.845
Honduras,HND,2018,0.848
Honduras,HND,2019,0.85
Croatia,HRV,2010,0.874
Croatia,HRV,2011,0.878
Croatia,HRV,2012,0.882
Croatia,HRV,2013,0.885
Croatia,HRV,2014,0.888
Croatia,HRV,2015,0.891
Croatia,HRV,2016,0.893
Croatia,HRV,2017,0.895
Croatia,HRV,2018,0.898
Croatia,HRV,2019,0.9
Haiti,HTI,2010,0.623
Haiti,HTI,2011,0.629
Haiti,HTI,2012,0.635
Haiti,HTI,2013,0.641
Haiti,HTI,2014,0.647
Haiti,HTI,2015,0.654
Haiti,HTI,2016,0.66
Haiti,HTI,2017,0.666
Haiti,HTI,2018,0.672
Haiti,HTI,2019,0.677
Hungary,HUN,2010,0.838
Hungary,HUN,2011,0.843
Hungary,HUN,2012,0.848
Hungary,HUN,2013,0.853
Hungary,HUN,2014,0.857
Hungary,HUN,2015,0.862
Hungary,HUN,2016,0.866
Hungary,HUN,2017,0.869
Hungary,HUN,2018,0.872
Hungary,HUN,2019,0.875
Indonesia,IDN,2010,0.757
Indonesia,IDN,2011,0.762
Indonesia,IDN,2012,0.767
Indonesia,IDN,2013,0.772
Indonesia,IDN,2014,0.777
Indonesia,IDN,2015,0.781
Indonesia,IDN,2016,0.785
Indonesia,IDN,2017,0.789
Indonesia,IDN,2018,0.792
Indonesia,IDN,2019,0.796
India,IND,2010,0.718
India,IND,2011,0.725
India,IND,2012,0.731
India,IND,2013,0.737
India,IND,2014,0.743
India,IND,2015,0.748
India,IND,2016,0.752
India,IND,2017,0.756
India,IND,2018,0.76
India,IND,2019,0.764
Ireland,IRL,2010,0.926
Ireland,IRL,2011,0.929
Ireland,IRL,2012,0.932
Ireland,IRL,2013,0.936
Ireland,IRL,2014,0.94
Ireland,IRL,2015,0.944
Ireland,IRL,2016,0.948
Ireland,IRL,2017,0.952
Ireland,IRL,2018,0.955
Ireland,IRL,2019,0.959
Iran (Islamic Republic of),IRN,2010,0.829
Iran (Islamic Republic of),IRN,2011,0.836
Iran (Islamic Republic of),IRN,2012,0.843
Iran (Islamic Republic of),IRN,2013,0.849
Iran (Islamic Republic of),IRN,2014,0.854
Iran (Islamic Republic of),IRN,2015,0.858
Iran (Islamic Republic of),IRN,2016,0.862
Iran (Islamic Republic of),IRN,2017,0.866
Iran (Islamic Republic of),IRN,2018,0.869
Iran (Islamic Republic of),IRN,2019,0.872
Iraq,IRQ,2010,0.747
Iraq,IRQ,2011,0.752
Iraq,IRQ,2012,0.756
Iraq,IRQ,2013,0.761
Iraq,IRQ,2014,0.765
Iraq,IRQ,2015,0.768
Iraq,IRQ,2016,0.771
Iraq,IRQ,2017,0.774
Iraq,IRQ,2018,0.776
Iraq,IRQ,2019,0.778
Iceland,ISL,2010,0.951
Iceland,ISL,2011,0.953
Iceland,ISL,2012,0.955
Iceland,ISL,2013,0.957
Iceland,ISL,2014,0.959
Iceland,ISL,2015,0.961
Iceland,ISL,2016,0.963
Iceland,ISL,2017,0.965
Iceland,ISL,2018,0.967
Iceland,ISL,2019,0.969
Israel,ISR,2010,0.946
Israel,ISR,2011,0.949
Israel,ISR,2012,0.951
Israel,ISR,2013,0.954
Israel,ISR,2014,0.957
Israel,ISR,2015,0.959
Israel,ISR,2016,0.962
Israel,ISR,2017,0.964
Israel,ISR,2018,0.966
Israel,ISR,2019,0.969
Italy,ITA,2010,0.953
Italy,ITA,2011,0.956
Italy,ITA,2012,0.958
Italy,ITA,2013,0.961
Italy,ITA,2014,0.964
Italy,ITA,2015,0.967
Italy,ITA,2016,0.969
Italy,ITA,2017,0.972
Italy,ITA,2018,0.975
Italy,ITA,2019,0.977
Jamaica,JAM,2010,0.831
Jamaica,JAM,2011,0.831
Jamaica,JAM,2012,0.831
Jamaica,JAM,2013,0.831
Jamaica,JAM,2014,0.831
Jamaica,JAM,2015,0.832
Jamaica,JAM,2016,0.833
Jamaica,JAM,2017,0.835
Jamaica,JAM,2018,0.836
Jamaica,JAM,2019,0.838
Jordan,JOR,2010,0.822
Jordan,JOR,2011,0.824
Jordan,JOR,2012,0.826
Jordan,JOR,2013,0.828
Jordan,JOR,2014,0.83
Jordan,JOR,2015,0.832
Jordan,JOR,2016,0.834
Jordan,JOR,2017,0.835
Jordan,JOR,2018,0.837
Jordan,JOR,2019,0.839
Japan,JPN,2010,0.969
Japan,JPN,2011,0.971
Japan,JPN,2012,0.974
Japan,JPN,2013,0.976
Japan,JPN,2014,0.98
Japan,JPN,2015,0.983
Japan,JPN,2016,0.986
Japan,JPN,2017,0.989
Japan,JPN,2018,0.992
Japan,JPN,2019,0.994
Kazakhstan,KAZ,2010,0.729
Kazakhstan,KAZ,2011,0.739
Kazakhstan,KAZ,2012,0.751
Kazakhstan,KAZ,2013,0.764
Kazakhstan,KAZ,2014,0.777
Kazakhstan,KAZ,2015,0.79
Kazakhstan,KAZ,2016,0.801
Kazakhstan,KAZ,2017,0.811
Kazakhstan,KAZ,2018,0.819
Kazakhstan,KAZ,2019,0.825
Kenya,KEN,2010,0.63
Kenya,KEN,2011,0.644
Kenya,KEN,2012,0.656
Kenya,KEN,2013,0.668
Kenya,KEN,2014,0.679
Kenya,KEN,2015,0.689
Kenya,KEN,2016,0.698
Kenya,KEN,2017,0.706
Kenya,KEN,2018,0.713
Kenya,KEN,2019,0.718
Kyrgyzstan,KGZ,2010,0.752
Kyrgyzstan,KGZ,2011,0.76
Kyrgyzstan,KGZ,2012,0.767
Kyrgyzstan,KGZ,2013,0.774
Kyrgyzstan,KGZ,2014,0.779
Kyrgyzstan,KGZ,2015,0.783
Kyrgyzstan,KGZ,2016,0.785
Kyrgyzstan,KGZ,2017,0.788
Kyrgyzstan,KGZ,2018,0.79
Kyrgyzstan,KGZ,2019,0.792
Cambodia,KHM,2010,0.716
Cambodia,KHM,2011,0.724
Cambodia,KHM,2012,0.73
Cambodia,KHM,2013,0.737
Cambodia,KHM,2014,0.743
Cambodia,KHM,2015,0.748
Cambodia,KHM,2016,0.753
Cambodia,KHM,2017,0.758
Cambodia,KHM,2018,0.763
Cambodia,KHM,2019,0.766
Kiribati,KIR,2010,0.704
Kiribati,KIR,2011,0.709
Kiribati,KIR,2012,0.714
Kiribati,KIR,2013,0.718
Kiribati,KIR,2014,0.723
Kiribati,KIR,2015,0.728
Kiribati,KIR,2016,0.732
Kiribati,KIR,2017,0.736
Kiribati,KIR,2018,0.74
Kiribati,KIR,2019,0.744
Saint Kitts and Nevis,KNA,2010,0.814
Saint Kitts and Nevis,KNA,2011,0.817
Saint Kitts and Nevis,KNA,2012,0.821
Saint Kitts and Nevis,KNA,2013,0.824
Saint Kitts and Nevis,KNA,2014,0.827
Saint Kitts and Nevis,KNA,2015,0.83
Saint Kitts and Nevis,KNA,2016,0.833
Saint Kitts and Nevis,KNA,2017,0.836
Saint Kitts and Nevis,KNA,2018,0.839
Saint Kitts and Nevis,KNA,2019,0.842
Korea (Republic of),KOR,2010,0.93
Korea (Republic of),KOR,2011,0.935
Korea (Republic of),KOR,2012,0.941
Korea (Republic of),KOR,2013,0.946
Korea (Republic of),KOR,2014,0.951
Korea (Republic of),KOR,2015,0.955
Korea (Republic of),KOR,2016,0.96
Korea (Republic of),KOR,2017,0.964
Korea (Republic of),KOR,2018,0.967
Korea (Republic of),KOR,2019,0.97
Kuwait,KWT,2010,0.836
Kuwait,KWT,2011,0.839
Kuwait,KWT,2012,0.842
Kuwait,KWT,2013,0.844
Kuwait,KWT,2014,0.846
Kuwait,KWT,2015,0.848
Kuwait,KWT,2016,0.85
Kuwait,KWT,2017,0.851
Kuwait,KWT,2018,0.852
Kuwait,KWT,2019,0.854
Lao People's Democratic Republic,LAO,2010,0.682
Lao People's Democratic Republic,LAO,2011,0.689
Lao People's Democratic Republic,LAO,2012,0.696
Lao People's Democratic Republic,LAO,2013,0.703
Lao People's Democratic Republic,LAO,2014,0.71
Lao People's Democratic Republic,LAO,2015,0.716
Lao People's Democratic Republic,LAO,2016,0.722
Lao People's Democratic Republic,LAO,2017,0.727
Lao People's Democratic Republic,LAO,2018,0.732
Lao People's Democratic Republic,LAO,2019,0.737
Lebanon,LBN,2010,0.898
Lebanon,LBN,2011,0.9
Lebanon,LBN,2012,0.902
Lebanon,LBN,2013,0.903
Lebanon,LBN,2014,0.904
Lebanon,LBN,2015,0.904
Lebanon,LBN,2016,0.905
Lebanon,LBN,2017,0.905
Lebanon,LBN,2018,0.906
Lebanon,LBN,2019,0.907
Liberia,LBR,2010,0.609
Liberia,LBR,2011,0.618
Liberia,LBR,2012,0.626
Liberia,LBR,2013,0.634
Liberia,LBR,2014,0.642
Liberia,LBR,2015,0.65
Liberia,LBR,2016,0.658
Liberia,LBR,2017,0.666
Liberia,LBR,2018,0.673
Liberia,LBR,2019,0.678
Libya,LBY,2010,0.801
Libya,LBY,2011,0.799
Libya,LBY,2012,0.798
Libya,LBY,2013,0.799
Libya,LBY,2014,0.8
Libya,LBY,2015,0.802
Libya,LBY,2016,0.805
Libya,LBY,2017,0.808
Libya,LBY,2018,0.811
Libya,LBY,2019,0.814
Saint Lucia,LCA,2010,0.844
Saint Lucia,LCA,2011,0.846
Saint Lucia,LCA,2012,0.848
Saint Lucia,LCA,2013,0.851
Saint Lucia,LCA,2014,0.853
Saint Lucia,LCA,2015,0.855
Saint Lucia,LCA,2016,0.858
Saint Lucia,LCA,2017,0.86
Saint Lucia,LCA,2018,0.862
Saint Lucia,LCA,2019,0.865
Liechtenstein,LIE,2010,0.916
Liechtenstein,LIE,2011,0.917
Liechtenstein,LIE,2012,0.919
Liechtenstein,LIE,2013,0.921
Liechtenstein,LIE,2014,0.923
Liechtenstein,LIE,2015,0.925
Liechtenstein,LIE,2016,0.927
Liechtenstein,LIE,2017,0.929
Liechtenstein,LIE,2018,0.931
Liechtenstein,LIE,2019,0.933
Sri Lanka,LKA,2010,0.853
Sri Lanka,LKA,2011,0.856
Sri Lanka,LKA,2012,0.858
Sri Lanka,LKA,2013,0.861
Sri Lanka,LKA,2014,0.864
Sri Lanka,LKA,2015,0.866
Sri Lanka,LKA,2016,0.869
Sri Lanka,LKA,2017,0.872
Sri Lanka,LKA,2018,0.874
Sri Lanka,LKA,2019,0.877
Lesotho,LSO,2010,0.386
Lesotho,LSO,2011,0.403
Lesotho,LSO,2012,0.422
Lesotho,LSO,2013,0.441
Lesotho,LSO,2014,0.46
Lesotho,LSO,2015,0.478
Lesotho,LSO,2016,0.493
Lesotho,LSO,2017,0.507
Lesotho,LSO,2018,0.519
Lesotho,LSO,2019,0.528
Lithuania,LTU,2010,0.813
Lithuania,LTU,2011,0.819
Lithuania,LTU,2012,0.826
Lithuania,LTU,2013,0.833
Lithuania,LTU,2014,0.839
Lithuania,LTU,2015,0.845
Lithuania,LTU,2016,0.85
Lithuania,LTU,2017,0.854
Lithuania,LTU,2018,0.857
Lithuania,LTU,2019,0.86
Luxembourg,LUX,2010,0.928
Luxembourg,LUX,2011,0.933
Luxembourg,LUX,2012,0.938
Luxembourg,LUX,2013,0.942
Luxembourg,LUX,2014,0.945
Luxembourg,LUX,2015,0.948
Luxembourg,LUX,2016,0.951
Luxembourg,LUX,2017,0.953
Luxembourg,LUX,2018,0.955
Luxembourg,LUX,2019,0.958
Latvia,LVA,2010,0.813
Latvia,LVA,2011,0.82
Latvia,LVA,2012,0.827
Latvia,LVA,2013,0.833
Latvia,LVA,2014,0.838
Latvia,LVA,2015,0.842
Latvia,LVA,2016,0.845
Latvia,LVA,2017,0.847
Latvia,LVA,2018,0.849
Latvia,LVA,2019,0.851
Morocco,MAR,2010,0.837
Morocco,MAR,2011,0.841
Morocco,MAR,2012,0.846
Morocco,MAR,2013,0.85
Morocco,MAR,2014,0.853
Morocco,MAR,2015,0.857
Morocco,MAR,2016,0.861
Morocco,MAR,2017,0.865
Morocco,MAR,2018,0.869
Morocco,MAR,2019,0.872
Moldova (Republic of),MDA,2010,0.763
Moldova (Republic of),MDA,2011,0.771
Moldova (Republic of),MDA,2012,0.778
Moldova (Republic of),MDA,2013,0.784
Moldova (Republic of),MDA,2014,0.789
Moldova (Republic of),MDA,2015,0.792
Moldova (Republic of),MDA,2016,0.794
Moldova (Republic of),MDA,2017,0.796
Moldova (Republic of),MDA,2018,0.797
Moldova (Republic of),MDA,2019,0.798
Madagascar,MDG,2010,0.668
Madagascar,MDG,2011,0.674
Madagascar,MDG,2012,0.681
Madagascar,MDG,2013,0.688
Madagascar,MDG,2014,0.694
Madagascar,MDG,2015,0.701
Madagascar,MDG,2016,0.707
Madagascar,MDG,2017,0.712
Madagascar,MDG,2018,0.718
Madagascar,MDG,2019,0.724
Maldives,MDV,2010,0.86
Maldives,MDV,2011,0.866
Maldives,MDV,2012,0.872
Maldives,MDV,2013,0.877
Maldives,MDV,2014,0.882
Maldives,MDV,2015,0.888
Maldives,MDV,2016,0.893
Maldives,MDV,2017,0.897
Maldives,MDV,2018,0.902
Maldives,MDV,2019,0.906
Mexico,MEX,2010,0.847
Mexico,MEX,2011,0.846
Mexico,MEX,2012,0.846
Mexico,MEX,2013,0.845
Mexico,MEX,2014,0.845
Mexico,MEX,2015,0.845
Mexico,MEX,2016,0.845
Mexico,MEX,2017,0.845
Mexico,MEX,2018,0.846
Mexico,MEX,2019,0.847
Marshall Islands,MHL,2010,0.796
Marshall Islands,MHL,2011,0.801
Marshall Islands,MHL,2012,0.805
Marshall Islands,MHL,2013,0.809
Marshall Islands,MHL,2014,0.813
Marshall Islands,MHL,2015,0.817
Marshall Islands,MHL,2016,0.821
Marshall Islands,MHL,2017,0.825
Marshall Islands,MHL,2018,0.829
Marshall Islands,MHL,2019,0.832
North Macedonia,MKD,2010,0.841
North Macedonia,MKD,2011,0.844
North Macedonia,MKD,2012,0.846
North Macedonia,MKD,2013,0.849
North Macedonia,MKD,2014,0.851
North Macedonia,MKD,2015,0.852
North Macedonia,MKD,2016,0.854
North Macedonia,MKD,2017,0.855
North Macedonia,MKD,2018,0.857
North Macedonia,MKD,2019,0.858
Mali,MLI,2010,0.542
Mali,MLI,2011,0.549
Mali,MLI,2012,0.556
Mali,MLI,2013,0.563
Mali,MLI,2014,0.57
Mali,MLI,2015,0.577
Mali,MLI,2016,0.584
Mali,MLI,2017,0.592
Mali,MLI,2018,0.598
Mali,MLI,2019,0.605
Malta,MLT,2010,0.936
Malta,MLT,2011,0.94
Malta,MLT,2012,0.943
Malta,MLT,2013,0.946
Malta,MLT,2014,0.949
Malta,MLT,2015,0.952
Malta,MLT,2016,0.955
Malta,MLT,2017,0.957
Malta,MLT,2018,0.96
Malta,MLT,2019,0.962
Myanmar,MMR,2010,0.67
Myanmar,MMR,2011,0.677
Myanmar,MMR,2012,0.684
Myanmar,MMR,2013,0.691
Myanmar,MMR,2014,0.698
Myanmar,MMR,2015,0.705
Myanmar,MMR,2016,0.711
Myanmar,MMR,2017,0.716
Myanmar,MMR,2018,0.721
Myanmar,MMR,2019,0.725
Montenegro,MNE,2010,0.848
Montenegro,MNE,2011,0.854
Montenegro,MNE,2012,0.859
Montenegro,MNE,2013,0.863
Montenegro,MNE,2014,0.866
Montenegro,MNE,2015,0.868
Montenegro,MNE,2016,0.87
Montenegro,MNE,2017,0.872
Montenegro,MNE,2018,0.873
Montenegro,MNE,2019,0.875
Mongolia,MNG,2010,0.729
Mongolia,MNG,2011,0.736
Mongolia,MNG,2012,0.742
Mongolia,MNG,2013,0.747
Mongolia,MNG,2014,0.752
Mongolia,MNG,2015,0.756
Mongolia,MNG,2016,0.759
Mongolia,MNG,2017,0.762
Mongolia,MNG,2018,0.764
Mongolia,MNG,2019,0.767
Mozambique,MOZ,2010,0.497
Mozambique,MOZ,2011,0.508
Mozambique,MOZ,2012,0.522
Mozambique,MOZ,2013,0.538
Mozambique,MOZ,2014,0.555
Mozambique,MOZ,2015,0.572
Mozambique,MOZ,2016,0.589
Mozambique,MOZ,2017,0.605
Mozambique,MOZ,2018,0.618
Mozambique,MOZ,2019,0.628
Mauritania,MRT,2010,0.654
Mauritania,MRT,2011,0.658
Mauritania,MRT,2012,0.663
Mauritania,MRT,2013,0.667
Mauritania,MRT,2014,0.672
Mauritania,MRT,2015,0.676
Mauritania,MRT,2016,0.68
Mauritania,MRT,2017,0.684
Mauritania,MRT,2018,0.688
Mauritania,MRT,2019,0.691
Mauritius,MUS,2010,0.822
Mauritius,MUS,2011,0.826
Mauritius,MUS,2012,0.83
Mauritius,MUS,2013,0.833
Mauritius,MUS,2014,0.836
Mauritius,MUS,2015,0.838
Mauritius,MUS,2016,0.84
Mauritius,MUS,2017,0.842
Mauritius,MUS,2018,0.844
Mauritius,MUS,2019,0.846
Malawi,MWI,2010,0.547
Malawi,MWI,2011,0.572
Malawi,MWI,2012,0.594
Malawi,MWI,2013,0.614
Malawi,MWI,2014,0.631
Malawi,MWI,2015,0.645
Malawi,MWI,2016,0.657
Malawi,MWI,2017,0.666
Malawi,MWI,2018,0.674
Malawi,MWI,2019,0.681
Malaysia,MYS,2010,0.838
Malaysia,MYS,2011,0.841
Malaysia,MYS,2012,0.844
Malaysia,MYS,2013,0.847
Malaysia,MYS,2014,0.85
Malaysia,MYS,2015,0.853
Malaysia,MYS,2016,0.856
Malaysia,MYS,2017,0.859
Malaysia,MYS,2018,0.861
Malaysia,MYS,2019,0.864
Namibia,NAM,2010,0.564
Namibia,NAM,2011,0.586
Namibia,NAM,2012,0.606
Namibia,NAM,2013,0.623
Namibia,NAM,2014,0.637
Namibia,NAM,2015,0.648
Namibia,NAM,2016,0.656
Namibia,NAM,2017,0.662
Namibia,NAM,2018,0.667
Namibia,NAM,2019,0.672
Niger,NER,2010,0.574
Niger,NER,2011,0.586
Niger,NER,2012,0.597
Niger,NER,2013,0.607
Niger,NER,2014,0.616
Niger,NER,2015,0.625
Niger,NER,2016,0.633
Niger,NER,2017,0.64
Niger,NER,2018,0.647
Niger,NER,2019,0.653
Nigeria,NGA,2010,0.475
Nigeria,NGA,2011,0.482
Nigeria,NGA,2012,0.489
Nigeria,NGA,2013,0.496
Nigeria,NGA,2014,0.503
Nigeria,NGA,2015,0.509
Nigeria,NGA,2016,0.516
Nigeria,NGA,2017,0.522
Nigeria,NGA,2018,0.528
Nigeria,NGA,2019,0.534
Nicaragua,NIC,2010,0.807
Nicaragua,NIC,2011,0.811
Nicaragua,NIC,2012,0.815
Nicaragua,NIC,2013,0.818
Nicaragua,NIC,2014,0.822
Nicaragua,NIC,2015,0.825
Nicaragua,NIC,2016,0.829
Nicaragua,NIC,2017,0.832
Nicaragua,NIC,2018,0.835
Nicaragua,NIC,2019,0.838
Netherlands,NLD,2010,0.935
Netherlands,NLD,2011,0.939
Netherlands,NLD,2012,0.942
Netherlands,NLD,2013,0.944
Netherlands,NLD,2014,0.947
Netherlands,NLD,2015,0.949
Netherlands,NLD,2016,0.952
Netherlands,NLD,2017,0.954
Netherlands,NLD,2018,0.956
Netherlands,NLD,2019,0.958
Norway,NOR,2010,0.941
Norway,NOR,2011,0.944
Norway,NOR,2012,0.946
Norway,NOR,2013,0.949
Norway,NOR,2014,0.951
Norway,NOR,2015,0.952
Norway,NOR,2016,0.954
Norway,NOR,2017,0.956
Norway,NOR,2018,0.958
Norway,NOR,2019,0.96
Nepal,NPL,2010,0.732
Nepal,NPL,2011,0.739
Nepal,NPL,2012,0.745
Nepal,NPL,2013,0.751
Nepal,NPL,2014,0.756
Nepal,NPL,2015,0.762
Nepal,NPL,2016,0.767
Nepal,NPL,2017,0.772
Nepal,NPL,2018,0.777
Nepal,NPL,2019,0.781
New Zealand,NZL,2010,0.936
New Zealand,NZL,2011,0.939
New Zealand,NZL,2012,0.942
New Zealand,NZL,2013,0.945
New Zealand,NZL,2014,0.947
New Zealand,NZL,2015,0.949
New Zealand,NZL,2016,0.952
New Zealand,NZL,2017,0.954
New Zealand,NZL,2018,0.956
New Zealand,NZL,2019,0.958
Oman,OMN,2010,0.857
Oman,OMN,2011,0.86
Oman,OMN,2012,0.864
Oman,OMN,2013,0.868
Oman,OMN,2014,0.871
Oman,OMN,2015,0.875
Oman,OMN,2016,0.879
Oman,OMN,2017,0.883
Oman,OMN,2018,0.887
Oman,OMN,2019,0.89
Pakistan,PAK,2010,0.696
Pakistan,PAK,2011,0.701
Pakistan,PAK,2012,0.705
Pakistan,PAK,2013,0.709
Pakistan,PAK,2014,0.713
Pakistan,PAK,2015,0.717
Pakistan,PAK,2016,0.72
Pakistan,PAK,2017,0.722
Pakistan,PAK,2018,0.725
Pakistan,PAK,2019,0.727
Panama,PAN,2010,0.874
Panama,PAN,2011,0.877
Panama,PAN,2012,0.88
Panama,PAN,2013,0.883
Panama,PAN,2014,0.886
Panama,PAN,2015,0.889
Panama,PAN,2016,0.892
Panama,PAN,2017,0.895
Panama,PAN,2018,0.897
Panama,PAN,2019,0.9
Peru,PER,2010,0.837
Peru,PER,2011,0.841
Peru,PER,2012,0.846
Peru,PER,2013,0.85
Peru,PER,2014,0.854
Peru,PER,2015,0.858
Peru,PER,2016,0.862
Peru,PER,2017,0.866
Peru,PER,2018,0.869
Peru,PER,2019,0.873
Philippines,PHL,2010,0.767
Philippines,PHL,2011,0.769
Philippines,PHL,2012,0.772
Philippines,PHL,2013,0.774
Philippines,PHL,2014,0.777
Philippines,PHL,2015,0.779
Philippines,PHL,2016,0.782
Philippines,PHL,2017,0.784
Philippines,PHL,2018,0.786
Philippines,PHL,2019,0.788
Palau,PLW,2010,0.793
Palau,PLW,2011,0.797
Palau,PLW,2012,0.802
Palau,PLW,2013,0.806
Palau,PLW,2014,0.811
Palau,PLW,2015,0.815
Palau,PLW,2016,0.818
Palau,PLW,2017,0.822
Palau,PLW,2018,0.826
Palau,PLW,2019,0.83
Papua New Guinea,PNG,2010,0.647
Papua New Guinea,PNG,2011,0.651
Papua New Guinea,PNG,2012,0.655
Papua New Guinea,PNG,2013,0.66
Papua New Guinea,PNG,2014,0.664
Papua New Guinea,PNG,2015,0.669
Papua New Guinea,PNG,2016,0.673
Papua New Guinea,PNG,2017,0.677
Papua New Guinea,PNG,2018,0.681
Papua New Guinea,PNG,2019,0.685
Poland,POL,2010,0.867
Poland,POL,2011,0.871
Poland,POL,2012,0.876
Poland,POL,2013,0.881
Poland,POL,2014,0.886
Poland,POL,2015,0.89
Poland,POL,2016,0.894
Poland,POL,2017,0.898
Poland,POL,2018,0.901
Poland,POL,2019,0.904
Korea (Democratic People's Rep. of),PRK,2010,0.763
Korea (Democratic People's Rep. of),PRK,2011,0.769
Korea (Democratic People's Rep. of),PRK,2012,0.776
Korea (Democratic People's Rep. of),PRK,2013,0.782
Korea (Democratic People's Rep. of),PRK,2014,0.788
Korea (Democratic People's Rep. of),PRK,2015,0.792
Korea (Democratic People's Rep. of),PRK,2016,0.796
Korea (Democratic People's Rep. of),PRK,2017,0.799
Korea (Democratic People's Rep. of),PRK,2018,0.801
Korea (Democratic People's Rep. of),PRK,2019,0.804
Portugal,PRT,2010,0.923
Portugal,PRT,2011,0.927
Portugal,PRT,2012,0.931
Portugal,PRT,2013,0.935
Portugal,PRT,2014,0.938
Portugal,PRT,2015,0.942
Portugal,PRT,2016,0.945
Portugal,PRT,2017,0.949
Portugal,PRT,2018,0.952
Portugal,PRT,2019,0.955
Paraguay,PRY,2010,0.81
Paraguay,PRY,2011,0.813
Paraguay,PRY,2012,0.816
Paraguay,PRY,2013,0.82
Paraguay,PRY,2014,0.823
Paraguay,PRY,2015,0.826
Paraguay,PRY,2016,0.828
Paraguay,PRY,2017,0.831
Paraguay,PRY,2018,0.833
Paraguay,PRY,2019,0.835
"Palestine, State of",PSE,2010,0.812
"Palestine, State of",PSE,2011,0.814
"Palestine, State of",PSE,2012,0.816
"Palestine, State of",PSE,2013,0.818
"Palestine, State of",PSE,2014,0.82
"Palestine, State of",PSE,2015,0.822
"Palestine, State of",PSE,2016,0.824
"Palestine, State of",PSE,2017,0.827
"Palestine, State of",PSE,2018,0.829
"Palestine, State of",PSE,2019,0.832
Qatar,QAT,2010,0.909
Qatar,QAT,2011,0.912
Qatar,QAT,2012,0.914
Qatar,QAT,2013,0.916
Qatar,QAT,2014,0.918
Qatar,QAT,2015,0.919
Qatar,QAT,2016,0.921
Qatar,QAT,2017,0.923
Qatar,QAT,2018,0.925
Qatar,QAT,2019,0.927
Romania,ROU,2010,0.832
Romania,ROU,2011,0.837
Romania,ROU,2012,0.842
Romania,ROU,2013,0.847
Romania,ROU,2014,0.85
Romania,ROU,2015,0.853
Romania,ROU,2016,0.856
Romania,ROU,2017,0.858
Romania,ROU,2018,0.86
Romania,ROU,2019,0.862
Russian Federation,RUS,2010,0.749
Russian Federation,RUS,2011,0.759
Russian Federation,RUS,2012,0.768
Russian Federation,RUS,2013,0.777
Russian Federation,RUS,2014,0.785
Russian Federation,RUS,2015,0.792
Russian Federation,RUS,2016,0.797
Russian Federation,RUS,2017,0.802
Russian Federation,RUS,2018,0.806
Russian Federation,RUS,2019,0.809
Rwanda,RWA,2010,0.668
Rwanda,RWA,2011,0.685
Rwanda,RWA,2012,0.699
Rwanda,RWA,2013,0.711
Rwanda,RWA,2014,0.721
Rwanda,RWA,2015,0.73
Rwanda,RWA,2016,0.737
Rwanda,RWA,2017,0.744
Rwanda,RWA,2018,0.749
Rwanda,RWA,2019,0.754
Saudi Arabia,SAU,2010,0.829
Saudi Arabia,SAU,2011,0.832
Saudi Arabia,SAU,2012,0.835
Saudi Arabia,SAU,2013,0.837
Saudi Arabia,SAU,2014,0.839
Saudi Arabia,SAU,2015,0.841
Saudi Arabia,SAU,2016,0.842
Saudi Arabia,SAU,2017,0.844
Saudi Arabia,SAU,2018,0.846
Saudi Arabia,SAU,2019,0.848
Sudan,SDN,2010,0.658
Sudan,SDN,2011,0.664
Sudan,SDN,2012,0.67
Sudan,SDN,2013,0.675
Sudan,SDN,2014,0.68
Sudan,SDN,2015,0.684
Sudan,SDN,2016,0.687
Sudan,SDN,2017,0.69
Sudan,SDN,2018,0.694
Sudan,SDN,2019,0.697
Senegal,SEN,2010,0.681
Senegal,SEN,2011,0.691
Senegal,SEN,2012,0.699
Senegal,SEN,2013,0.707
Senegal,SEN,2014,0.713
Senegal,SEN,2015,0.719
Senegal,SEN,2016,0.724
Senegal,SEN,2017,0.729
Senegal,SEN,2018,0.733
Senegal,SEN,2019,0.738
Singapore,SGP,2010,0.951
Singapore,SGP,2011,0.955
Singapore,SGP,2012,0.958
Singapore,SGP,2013,0.961
Singapore,SGP,2014,0.964
Singapore,SGP,2015,0.967
Singapore,SGP,2016,0.971
Singapore,SGP,2017,0.974
Singapore,SGP,2018,0.976
Singapore,SGP,2019,0.979
Solomon Islands,SLB,2010,0.78
Solomon Islands,SLB,2011,0.784
Solomon Islands,SLB,2012,0.789
Solomon Islands,SLB,2013,0.794
Solomon Islands,SLB,2014,0.798
Solomon Islands,SLB,2015,0.803
Solomon Islands,SLB,2016,0.807
Solomon Islands,SLB,2017,0.81
Solomon Islands,SLB,2018,0.813
Solomon Islands,SLB,2019,0.815
Sierra Leone,SLE,2010,0.452
Sierra Leone,SLE,2011,0.465
Sierra Leone,SLE,2012,0.477
Sierra Leone,SLE,2013,0.488
Sierra Leone,SLE,2014,0.498
Sierra Leone,SLE,2015,0.507
Sierra Leone,SLE,2016,0.515
Sierra Leone,SLE,2017,0.521
Sierra Leone,SLE,2018,0.528
Sierra Leone,SLE,2019,0.534
El Salvador,SLV,2010,0.788
El Salvador,SLV,2011,0.792
El Salvador,SLV,2012,0.795
El Salvador,SLV,2013,0.799
El Salvador,SLV,2014,0.803
El Salvador,SLV,2015,0.806
El Salvador,SLV,2016,0.81
El Salvador,SLV,2017,0.813
El Salvador,SLV,2018,0.817
El Salvador,SLV,2019,0.82
Somalia,SOM,2010,0.523
Somalia,SOM,2011,0.528
Somalia,SOM,2012,0.534
Somalia,SOM,2013,0.54
Somalia,SOM,2014,0.546
Somalia,SOM,2015,0.553
Somalia,SOM,2016,0.559
Somalia,SOM,2017,0.565
Somalia,SOM,2018,0.57
Somalia,SOM,2019,0.575
Serbia,SRB,2010,0.832
Serbia,SRB,2011,0.836
Serbia,SRB,2012,0.84
Serbia,SRB,2013,0.844
Serbia,SRB,2014,0.848
Serbia,SRB,2015,0.851
Serbia,SRB,2016,0.854
Serbia,SRB,2017,0.857
Serbia,SRB,2018,0.859
Serbia,SRB,2019,0.862
South Sudan,SSD,2010,0.535
South Sudan,SSD,2011,0.543
South Sudan,SSD,2012,0.551
South Sudan,SSD,2013,0.557
South Sudan,SSD,2014,0.562
South Sudan,SSD,2015,0.567
South Sudan,SSD,2016,0.571
South Sudan,SSD,2017,0.575
South Sudan,SSD,2018,0.579
South Sudan,SSD,2019,0.582
Sao Tome and Principe,STP,2010,0.73
Sao Tome and Principe,STP,2011,0.737
Sao Tome and Principe,STP,2012,0.743
Sao Tome and Principe,STP,2013,0.749
Sao Tome and Principe,STP,2014,0.755
Sao Tome and Principe,STP,2015,0.76
Sao Tome and Principe,STP,2016,0.764
Sao Tome and Principe,STP,2017,0.768
Sao Tome and Principe,STP,2018,0.772
Sao Tome and Principe,STP,2019,0.775
Suriname,SUR,2010,0.776
Suriname,SUR,2011,0.78
Suriname,SUR,2012,0.782
Suriname,SUR,2013,0.785
Suriname,SUR,2014,0.787
Suriname,SUR,2015,0.788
Suriname,SUR,2016,0.79
Suriname,SUR,2017,0.792
Suriname,SUR,2018,0.793
Suriname,SUR,2019,0.795
Slovakia,SVK,2010,0.854
Slovakia,SVK,2011,0.858
Slovakia,SVK,2012,0.863
Slovakia,SVK,2013,0.867
Slovakia,SVK,2014,0.871
Slovakia,SVK,2015,0.874
Slovakia,SVK,2016,0.877
Slovakia,SVK,2017,0.88
Slovakia,SVK,2018,0.883
Slovakia,SVK,2019,0.885
Slovenia,SVN,2010,0.914
Slovenia,SVN,2011,0.919
Slovenia,SVN,2012,0.923
Slovenia,SVN,2013,0.927
Slovenia,SVN,2014,0.93
Slovenia,SVN,2015,0.933
Slovenia,SVN,2016,0.936
Slovenia,SVN,2017,0.939
Slovenia,SVN,2018,0.941
Slovenia,SVN,2019,0.943
Sweden,SWE,2010,0.946
Sweden,SWE,2011,0.949
Sweden,SWE,2012,0.951
Sweden,SWE,2013,0.954
Sweden,SWE,2014,0.956
Sweden,SWE,2015,0.958
Sweden,SWE,2016,0.96
Sweden,SWE,2017,0.962
Sweden,SWE,2018,0.964
Sweden,SWE,2019,0.966
Eswatini (Kingdom of),SWZ,2010,0.409
Eswatini (Kingdom of),SWZ,2011,0.433
Eswatini (Kingdom of),SWZ,2012,0.459
Eswatini (Kingdom of),SWZ,2013,0.488
Eswatini (Kingdom of),SWZ,2014,0.516
Eswatini (Kingdom of),SWZ,2015,0.544
Eswatini (Kingdom of),SWZ,2016,0.569
Eswatini (Kingdom of),SWZ,2017,0.59
Eswatini (Kingdom of),SWZ,2018,0.606
Eswatini (Kingdom of),SWZ,2019,0.618
Seychelles,SYC,2010,0.814
Seychelles,SYC,2011,0.815
Seychelles,SYC,2012,0.816
Seychelles,SYC,2013,0.817
Seychelles,SYC,2014,0.818
Seychelles,SYC,2015,0.818
Seychelles,SYC,2016,0.819
Seychelles,SYC,2017,0.82
Seychelles,SYC,2018,0.821
Seychelles,SYC,2019,0.822
Syrian Arab Republic,SYR,2010,0.802
Syrian Arab Republic,SYR,2011,0.789
Syrian Arab Republic,SYR,2012,0.778
Syrian Arab Republic,SYR,2013,0.77
Syrian Arab Republic,SYR,2014,0.766
Syrian Arab Republic,SYR,2015,0.768
Syrian Arab Republic,SYR,2016,0.774
Syrian Arab Republic,SYR,2017,0.784
Syrian Arab Republic,SYR,2018,0.797
Syrian Arab Republic,SYR,2019,0.811
Chad,TCD,2010,0.475
Chad,TCD,2011,0.483
Chad,TCD,2012,0.491
Chad,TCD,2013,0.498
Chad,TCD,2014,0.504
Chad,TCD,2015,0.51
Chad,TCD,2016,0.514
Chad,TCD,2017,0.519
Chad,TCD,2018,0.523
Chad,TCD,2019,0.527
Togo,TGO,2010,0.576
Togo,TGO,2011,0.586
Togo,TGO,2012,0.595
Togo,TGO,2013,0.602
Togo,TGO,2014,0.609
Togo,TGO,2015,0.614
Togo,TGO,2016,0.619
Togo,TGO,2017,0.623
Togo,TGO,2018,0.627
Togo,TGO,2019,0.631
Thailand,THA,2010,0.834
Thailand,THA,2011,0.84
Thailand,THA,2012,0.846
Thailand,THA,2013,0.852
Thailand,THA,2014,0.858
Thailand,THA,2015,0.863
Thailand,THA,2016,0.868
Thailand,THA,2017,0.872
Thailand,THA,2018,0.876
Thailand,THA,2019,0.879
Tajikistan,TJK,2010,0.75
Tajikistan,TJK,2011,0.755
Tajikistan,TJK,2012,0.759
Tajikistan,TJK,2013,0.763
Tajikistan,TJK,2014,0.767
Tajikistan,TJK,2015,0.771
Tajikistan,TJK,2016,0.775
Tajikistan,TJK,2017,0.779
Tajikistan,TJK,2018,0.783
Tajikistan,TJK,2019,0.786
Turkmenistan,TKM,2010,0.718
Turkmenistan,TKM,2011,0.722
Turkmenistan,TKM,2012,0.726
Turkmenistan,TKM,2013,0.729
Turkmenistan,TKM,2014,0.732
Turkmenistan,TKM,2015,0.734
Turkmenistan,TKM,2016,0.736
Turkmenistan,TKM,2017,0.738
Turkmenistan,TKM,2018,0.74
Turkmenistan,TKM,2019,0.741
Timor-Leste,TLS,2010,0.726
Timor-Leste,TLS,2011,0.73
Timor-Leste,TLS,2012,0.734
Timor-Leste,TLS,2013,0.738
Timor-Leste,TLS,2014,0.741
Timor-Leste,TLS,2015,0.746
Timor-Leste,TLS,2016,0.75
Timor-Leste,TLS,2017,0.754
Timor-Leste,TLS,2018,0.758
Timor-Leste,TLS,2019,0.762
Tonga,TON,2010,0.77
Tonga,TON,2011,0.772
Tonga,TON,2012,0.773
Tonga,TON,2013,0.774
Tonga,TON,2014,0.776
Tonga,TON,2015,0.777
Tonga,TON,2016,0.779
Tonga,TON,2017,0.78
Tonga,TON,2018,0.782
Tonga,TON,2019,0.783
Trinidad and Tobago,TTO,2010,0.799
Trinidad and Tobago,TTO,2011,0.803
Trinidad and Tobago,TTO,2012,0.806
Trinidad and Tobago,TTO,2013,0.809
Trinidad and Tobago,TTO,2014,0.812
Trinidad and Tobago,TTO,2015,0.814
Trinidad and Tobago,TTO,2016,0.817
Trinidad and Tobago,TTO,2017,0.819
Trinidad and Tobago,TTO,2018,0.821
Trinidad and Tobago,TTO,2019,0.823
Tunisia,TUN,2010,0.847
Tunisia,TUN,2011,0.849
Tunisia,TUN,2012,0.852
Tunisia,TUN,2013,0.855
Tunisia,TUN,2014,0.857
Tunisia,TUN,2015,0.86
Tunisia,TUN,2016,0.863
Tunisia,TUN,2017,0.866
Tunisia,TUN,2018,0.869
Tunisia,TUN,2019,0.872
Turkey,TUR,2010,0.839
Turkey,TUR,2011,0.845
Turkey,TUR,2012,0.852
Turkey,TUR,2013,0.858
Turkey,TUR,2014,0.864
Turkey,TUR,2015,0.87
Turkey,TUR,2016,0.875
Turkey,TUR,2017,0.879
Turkey,TUR,2018,0.884
Turkey,TUR,2019,0.888
Tanzania (United Republic of),TZA,2010,0.594
Tanzania (United Republic of),TZA,2011,0.608
Tanzania (United Republic of),TZA,2012,0.623
Tanzania (United Republic of),TZA,2013,0.637
Tanzania (United Republic of),TZA,2014,0.651
Tanzania (United Republic of),TZA,2015,0.663
Tanzania (United Republic of),TZA,2016,0.675
Tanzania (United Republic of),TZA,2017,0.684
Tanzania (United Republic of),TZA,2018,0.693
Tanzania (United Republic of),TZA,2019,0.699
Uganda,UGA,2010,0.571
Uganda,UGA,2011,0.586
Uganda,UGA,2012,0.6
Uganda,UGA,2013,0.614
Uganda,UGA,2014,0.626
Uganda,UGA,2015,0.637
Uganda,UGA,2016,0.646
Uganda,UGA,2017,0.654
Uganda,UGA,2018,0.661
Uganda,UGA,2019,0.667
Ukraine,UKR,2010,0.759
Ukraine,UKR,2011,0.768
Ukraine,UKR,2012,0.776
Ukraine,UKR,2013,0.783
Ukraine,UKR,2014,0.789
Ukraine,UKR,2015,0.793
Ukraine,UKR,2016,0.796
Ukraine,UKR,2017,0.798
Ukraine,UKR,2018,0.799
Ukraine,UKR,2019,0.801
Uruguay,URY,2010,0.873
Uruguay,URY,2011,0.875
Uruguay,URY,2012,0.877
Uruguay,URY,2013,0.879
Uruguay,URY,2014,0.881
Uruguay,URY,2015,0.883
Uruguay,URY,2016,0.885
Uruguay,URY,2017,0.887
Uruguay,URY,2018,0.889
Uruguay,URY,2019,0.891
United States,USA,2010,0.902
United States,USA,2011,0.904
United States,USA,2012,0.906
United States,USA,2013,0.906
United States,USA,2014,0.906
United States,USA,2015,0.906
United States,USA,2016,0.906
United States,USA,2017,0.906
United States,USA,2018,0.905
United States,USA,2019,0.906
Uzbekistan,UZB,2010,0.764
Uzbekistan,UZB,2011,0.768
Uzbekistan,UZB,2012,0.772
Uzbekistan,UZB,2013,0.776
Uzbekistan,UZB,2014,0.78
Uzbekistan,UZB,2015,0.784
Uzbekistan,UZB,2016,0.787
Uzbekistan,UZB,2017,0.791
Uzbekistan,UZB,2018,0.793
Uzbekistan,UZB,2019,0.796
Saint Vincent and the Grenadines,VCT,2010,0.797
Saint Vincent and the Grenadines,VCT,2011,0.797
Saint Vincent and the Grenadines,VCT,2012,0.798
Saint Vincent and the Grenadines,VCT,2013,0.799
Saint Vincent and the Grenadines,VCT,2014,0.8
Saint Vincent and the Grenadines,VCT,2015,0.801
Saint Vincent and the Grenadines,VCT,2016,0.803
Saint Vincent and the Grenadines,VCT,2017,0.805
Saint Vincent and the Grenadines,VCT,2018,0.806
Saint Vincent and the Grenadines,VCT,2019,0.808
Venezuela (Bolivarian Republic of),VEN,2010,0.817
Venezuela (Bolivarian Republic of),VEN,2011,0.817
Venezuela (Bolivarian Republic of),VEN,2012,0.816
Venezuela (Bolivarian Republic of),VEN,2013,0.814
Venezuela (Bolivarian Republic of),VEN,2014,0.812
Venezuela (Bolivarian Republic of),VEN,2015,0.809
Venezuela (Bolivarian Republic of),VEN,2016,0.806
Venezuela (Bolivarian Republic of),VEN,2017,0.804
Venezuela (Bolivarian Republic of),VEN,2018,0.802
Venezuela (Bolivarian Republic of),VEN,2019,0.801
Viet Nam,VNM,2010,0.844
Viet Nam,VNM,2011,0.845
Viet Nam,VNM,2012,0.846
Viet Nam,VNM,2013,0.846
Viet Nam,VNM,2014,0.847
Viet Nam,VNM,2015,0.848
Viet Nam,VNM,2016,0.849
Viet Nam,VNM,2017,0.85
Viet Nam,VNM,2018,0.851
Viet Nam,VNM,2019,0.852
Vanuatu,VUT,2010,0.756
Vanuatu,VUT,2011,0.758
Vanuatu,VUT,2012,0.76
Vanuatu,VUT,2013,0.763
Vanuatu,VUT,2014,0.765
Vanuatu,VUT,2015,0.767
Vanuatu,VUT,2016,0.77
Vanuatu,VUT,2017,0.772
Vanuatu,VUT,2018,0.774
Vanuatu,VUT,2019,0.776
Samoa,WSM,2010,0.795
Samoa,WSM,2011,0.799
Samoa,WSM,2012,0.802
Samoa,WSM,2013,0.805
Samoa,WSM,2014,0.808
Samoa,WSM,2015,0.811
Samoa,WSM,2016,0.814
Samoa,WSM,2017,0.816
Samoa,WSM,2018,0.818
Samoa,WSM,2019,0.82
Yemen,YEM,2010,0.701
Yemen,YEM,2011,0.704
Yemen,YEM,2012,0.706
Yemen,YEM,2013,0.708
Yemen,YEM,2014,0.709
Yemen,YEM,2015,0.709
Yemen,YEM,2016,0.709
Yemen,YEM,2017,0.709
Yemen,YEM,2018,0.709
Yemen,YEM,2019,0.71
South Africa,ZAF,2010,0.58
South Africa,ZAF,2011,0.598
South Africa,ZAF,2012,0.616
South Africa,ZAF,2013,0.632
South Africa,ZAF,2014,0.646
South Africa,ZAF,2015,0.656
South Africa,ZAF,2016,0.664
South Africa,ZAF,2017,0.67
South Africa,ZAF,2018,0.675
South Africa,ZAF,2019,0.679
Zambia,ZMB,2010,0.549
Zambia,ZMB,2011,0.571
Zambia,ZMB,2012,0.592
Zambia,ZMB,2013,0.611
Zambia,ZMB,2014,0.628
Zambia,ZMB,2015,0.642
Zambia,ZMB,2016,0.653
Zambia,ZMB,2017,0.662
Zambia,ZMB,2018,0.669
Zambia,ZMB,2019,0.675
Zimbabwe,ZWE,2010,0.471
Zimbabwe,ZWE,2011,0.506
Zimbabwe,ZWE,2012,0.539
Zimbabwe,ZWE,2013,0.568
Zimbabwe,ZWE,2014,0.591
Zimbabwe,ZWE,2015,0.608
Zimbabwe,ZWE,2016,0.62
Zimbabwe,ZWE,2017,0.628
Zimbabwe,ZWE,2018,0.634
Zimbabwe,ZWE,2019,0.638
