country_name,country_code,year,Gender Inequality Index (GII)
Afghanistan,AFG,2010,0.751
Afghanistan,AFG,2011,0.743
Afghanistan,AFG,2012,0.734
Afghanistan,AFG,2013,0.724
Afghanistan,AFG,2014,0.714
Afghanistan,AFG,2015,0.702
Afghanistan,AFG,2016,0.69
Afghanistan,AFG,2017,0.673
Afghanistan,AFG,2019,0.655
Albania,ALB,2010,0.242
Albania,ALB,2011,0.249
Albania,ALB,2012,0.23
Albania,ALB,2013,0.221
Albania,ALB,2014,0.217
Albania,ALB,2015,0.207
Albania,ALB,2016,0.205
Albania,ALB,2017,0.187
Albania,ALB,2019,0.181
Albania,ALB,2018,0.186
United Arab Emirates,ARE,2010,0.233
United Arab Emirates,ARE,2011,0.236
United Arab Emirates,ARE,2012,0.226
United Arab Emirates,ARE,2013,0.215
United Arab Emirates,ARE,2014,0.203
United Arab Emirates,ARE,2015,0.175
United Arab Emirates,ARE,2016,0.162
United Arab Emirates,ARE,2017,0.158
United Arab Emirates,ARE,2019,0.079
United Arab Emirates,ARE,2018,0.142
Argentina,ARG,2010,0.358
Argentina,ARG,2011,0.354
Argentina,ARG,2012,0.351
Argentina,ARG,2013,0.348
Argentina,ARG,2014,0.345
Argentina,ARG,2016,0.338
Argentina,ARG,2017,0.332
Argentina,ARG,2019,0.328
Argentina,ARG,2018,0.328
Armenia,ARM,2010,0.342
Armenia,ARM,2011,0.337
Armenia,ARM,2012,0.32
Armenia,ARM,2013,0.307
Armenia,ARM,2014,0.308
Armenia,ARM,2015,0.309
Armenia,ARM,2016,0.303
Armenia,ARM,2017,0.266
Armenia,ARM,2019,0.245
Armenia,ARM,2018,0.264
Australia,AUS,2010,0.138
Australia,AUS,2011,0.132
Australia,AUS,2012,0.127
Australia,AUS,2013,0.119
Australia,AUS,2014,0.116
Australia,AUS,2015,0.11
Australia,AUS,2016,0.108
Australia,AUS,2017,0.104
Australia,AUS,2019,0.097
Australia,AUS,2018,0.103
Austria,AUT,2010,0.111
Austria,AUT,2011,0.106
Austria,AUT,2012,0.102
Austria,AUT,2013,0.093
Austria,AUT,2014,0.09
Austria,AUT,2015,0.089
Austria,AUT,2016,0.087
Austria,AUT,2017,0.079
Austria,AUT,2019,0.069
Austria,AUT,2018,0.076
Azerbaijan,AZE,2010,0.313
Azerbaijan,AZE,2011,0.314
Azerbaijan,AZE,2012,0.315
Azerbaijan,AZE,2013,0.318
Azerbaijan,AZE,2014,0.321
Azerbaijan,AZE,2015,0.316
Azerbaijan,AZE,2016,0.317
Azerbaijan,AZE,2017,0.319
Azerbaijan,AZE,2019,0.323
Azerbaijan,AZE,2018,0.321
Burundi,BDI,2010,0.532
Burundi,BDI,2011,0.528
Burundi,BDI,2012,0.523
Burundi,BDI,2013,0.519
Burundi,BDI,2014,0.515
Burundi,BDI,2015,0.509
Burundi,BDI,2016,0.508
Burundi,BDI,2017,0.505
Burundi,BDI,2019,0.504
Burundi,BDI,2018,0.504
Belgium,BEL,2010,0.091
Belgium,BEL,2011,0.086
Belgium,BEL,2012,0.081
Belgium,BEL,2013,0.074
Belgium,BEL,2014,0.063
Belgium,BEL,2015,0.057
Belgium,BEL,2016,0.054
Belgium,BEL,2017,0.052
Belgium,BEL,2019,0.043
Belgium,BEL,2018,0.048
Benin,BEN,2010,0.625
Benin,BEN,2011,0.633
Benin,BEN,2012,0.628
Benin,BEN,2013,0.624
Benin,BEN,2014,0.619
Benin,BEN,2015,0.624
Benin,BEN,2016,0.619
Benin,BEN,2017,0.614
Benin,BEN,2019,0.612
Benin,BEN,2018,0.613
Burkina Faso,BFA,2010,0.614
Burkina Faso,BFA,2011,0.61
Burkina Faso,BFA,2012,0.605
Burkina Faso,BFA,2013,0.601
Burkina Faso,BFA,2015,0.619
Burkina Faso,BFA,2016,0.616
Burkina Faso,BFA,2017,0.605
Burkina Faso,BFA,2019,0.594
Burkina Faso,BFA,2018,0.605
Bangladesh,BGD,2010,0.592
Bangladesh,BGD,2011,0.591
Bangladesh,BGD,2012,0.585
Bangladesh,BGD,2013,0.579
Bangladesh,BGD,2014,0.57
Bangladesh,BGD,2015,0.562
Bangladesh,BGD,2016,0.555
Bangladesh,BGD,2017,0.542
Bangladesh,BGD,2019,0.537
Bangladesh,BGD,2018,0.54
Bulgaria,BGR,2010,0.244
Bulgaria,BGR,2011,0.243
Bulgaria,BGR,2012,0.229
Bulgaria,BGR,2013,0.217
Bulgaria,BGR,2014,0.236
Bulgaria,BGR,2015,0.227
Bulgaria,BGR,2016,0.225
Bulgaria,BGR,2017,0.214
Bulgaria,BGR,2019,0.206
Bulgaria,BGR,2018,0.213
Bahrain,BHR,2010,0.247
Bahrain,BHR,2011,0.221
Bahrain,BHR,2012,0.234
Bahrain,BHR,2013,0.23
Bahrain,BHR,2014,0.226
Bahrain,BHR,2015,0.236
Bahrain,BHR,2016,0.235
Bahrain,BHR,2017,0.231
Bahrain,BHR,2019,0.212
Bahrain,BHR,2018,0.213
Bahamas,BHS,2010,0.38
Bahamas,BHS,2011,0.378
Bahamas,BHS,2012,0.379
Bahamas,BHS,2013,0.376
Bahamas,BHS,2014,0.373
Bahamas,BHS,2015,0.367
Bahamas,BHS,2016,0.363
Bahamas,BHS,2017,0.343
Bahamas,BHS,2019,0.341
Bahamas,BHS,2018,0.343
Bosnia and Herzegovina,BIH,2010,0.228
Bosnia and Herzegovina,BIH,2011,0.201
Bosnia and Herzegovina,BIH,2012,0.193
Bosnia and Herzegovina,BIH,2013,0.183
Bosnia and Herzegovina,BIH,2015,0.168
Bosnia and Herzegovina,BIH,2016,0.167
Bosnia and Herzegovina,BIH,2017,0.161
Bosnia and Herzegovina,BIH,2019,0.149
Bosnia and Herzegovina,BIH,2018,0.158
Belarus,BLR,2010,0.15
Belarus,BLR,2011,0.149
Belarus,BLR,2012,0.154
Belarus,BLR,2013,0.153
Belarus,BLR,2014,0.153
Belarus,BLR,2015,0.153
Belarus,BLR,2016,0.138
Belarus,BLR,2017,0.134
Belarus,BLR,2019,0.118
Belarus,BLR,2018,0.128
Belize,BLZ,2010,0.459
Belize,BLZ,2011,0.455
Belize,BLZ,2012,0.44
Belize,BLZ,2013,0.435
Belize,BLZ,2014,0.43
Belize,BLZ,2015,0.423
Belize,BLZ,2016,0.412
Belize,BLZ,2017,0.418
Belize,BLZ,2019,0.415
Belize,BLZ,2018,0.416
Bolivia (Plurinational State of),BOL,2010,0.491
Bolivia (Plurinational State of),BOL,2011,0.487
Bolivia (Plurinational State of),BOL,2012,0.483
Bolivia (Plurinational State of),BOL,2013,0.477
Bolivia (Plurinational State of),BOL,2014,0.44
Bolivia (Plurinational State of),BOL,2015,0.44
Bolivia (Plurinational State of),BOL,2016,0.431
Bolivia (Plurinational State of),BOL,2017,0.424
Bolivia (Plurinational State of),BOL,2019,0.417
Bolivia (Plurinational State of),BOL,2018,0.419
Brazil,BRA,2010,0.456
Brazil,BRA,2011,0.452
Brazil,BRA,2012,0.448
Brazil,BRA,2013,0.448
Brazil,BRA,2014,0.442
Brazil,BRA,2015,0.439
Brazil,BRA,2016,0.436
Brazil,BRA,2017,0.428
Brazil,BRA,2019,0.408
Brazil,BRA,2018,0.41
Barbados,BRB,2010,0.327
Barbados,BRB,2011,0.323
Barbados,BRB,2012,0.319
Barbados,BRB,2013,0.306
Barbados,BRB,2014,0.301
Barbados,BRB,2015,0.306
Barbados,BRB,2016,0.298
Barbados,BRB,2017,0.286
Barbados,BRB,2019,0.252
Barbados,BRB,2018,0.261
Botswana,BWA,2010,0.506
Botswana,BWA,2011,0.504
Botswana,BWA,2012,0.5
Botswana,BWA,2013,0.496
Botswana,BWA,2014,0.483
Botswana,BWA,2015,0.481
Botswana,BWA,2016,0.478
Botswana,BWA,2017,0.473
Botswana,BWA,2019,0.465
Botswana,BWA,2018,0.472
Central African Republic,CAF,2010,0.693
Central African Republic,CAF,2011,0.68
Central African Republic,CAF,2012,0.678
Central African Republic,CAF,2016,0.694
Central African Republic,CAF,2017,0.682
Central African Republic,CAF,2019,0.68
Central African Republic,CAF,2018,0.68
Canada,CAN,2010,0.132
Canada,CAN,2011,0.124
Canada,CAN,2012,0.121
Canada,CAN,2013,0.119
Canada,CAN,2014,0.116
Canada,CAN,2015,0.114
Canada,CAN,2016,0.101
Canada,CAN,2017,0.095
Canada,CAN,2019,0.08
Canada,CAN,2018,0.088
Switzerland,CHE,2010,0.062
Switzerland,CHE,2011,0.061
Switzerland,CHE,2012,0.058
Switzerland,CHE,2013,0.052
Switzerland,CHE,2014,0.049
Switzerland,CHE,2015,0.047
Switzerland,CHE,2016,0.044
Switzerland,CHE,2017,0.041
Switzerland,CHE,2019,0.025
Switzerland,CHE,2018,0.039
Chile,CHL,2010,0.342
Chile,CHL,2011,0.331
Chile,CHL,2012,0.325
Chile,CHL,2013,0.309
Chile,CHL,2014,0.303
Chile,CHL,2015,0.3
Chile,CHL,2016,0.288
Chile,CHL,2019,0.247
Chile,CHL,2018,0.253
China,CHN,2010,0.194
China,CHN,2011,0.189
China,CHN,2012,0.186
China,CHN,2013,0.178
China,CHN,2014,0.175
China,CHN,2015,0.172
China,CHN,2016,0.169
China,CHN,2017,0.168
China,CHN,2019,0.168
China,CHN,2018,0.167
Cote d'Ivoire,CIV,2010,0.678
Cote d'Ivoire,CIV,2011,0.667
Cote d'Ivoire,CIV,2012,0.667
Cote d'Ivoire,CIV,2013,0.664
Cote d'Ivoire,CIV,2014,0.665
Cote d'Ivoire,CIV,2015,0.664
Cote d'Ivoire,CIV,2016,0.66
Cote d'Ivoire,CIV,2017,0.65
Cote d'Ivoire,CIV,2019,0.638
Cote d'Ivoire,CIV,2018,0.648
Cameroon,CMR,2010,0.617
Cameroon,CMR,2011,0.614
Cameroon,CMR,2012,0.611
Cameroon,CMR,2013,0.577
Cameroon,CMR,2014,0.575
Cameroon,CMR,2015,0.572
Cameroon,CMR,2016,0.569
Cameroon,CMR,2017,0.566
Cameroon,CMR,2019,0.56
Cameroon,CMR,2018,0.561
Congo (Democratic Republic of the),COD,2010,0.661
Congo (Democratic Republic of the),COD,2012,0.655
Congo (Democratic Republic of the),COD,2013,0.626
Congo (Democratic Republic of the),COD,2014,0.637
Congo (Democratic Republic of the),COD,2015,0.641
Congo (Democratic Republic of the),COD,2016,0.638
Congo (Democratic Republic of the),COD,2017,0.636
Congo (Democratic Republic of the),COD,2019,0.617
Congo (Democratic Republic of the),COD,2018,0.635
Congo,COG,2010,0.613
Congo,COG,2011,0.608
Congo,COG,2012,0.605
Congo,COG,2013,0.602
Congo,COG,2014,0.59
Congo,COG,2015,0.588
Congo,COG,2016,0.584
Congo,COG,2017,0.571
Congo,COG,2019,0.57
Congo,COG,2018,0.57
Colombia,COL,2010,0.468
Colombia,COL,2011,0.466
Colombia,COL,2012,0.463
Colombia,COL,2013,0.461
Colombia,COL,2014,0.436
Colombia,COL,2015,0.433
Colombia,COL,2016,0.431
Colombia,COL,2017,0.431
Colombia,COL,2019,0.428
Colombia,COL,2018,0.432
Costa Rica,CRI,2010,0.331
Costa Rica,CRI,2011,0.323
Costa Rica,CRI,2012,0.313
Costa Rica,CRI,2013,0.313
Costa Rica,CRI,2014,0.321
Costa Rica,CRI,2015,0.316
Costa Rica,CRI,2016,0.319
Costa Rica,CRI,2017,0.311
Costa Rica,CRI,2019,0.288
Costa Rica,CRI,2018,0.291
Cuba,CUB,2010,0.32
Cuba,CUB,2011,0.313
Cuba,CUB,2012,0.317
Cuba,CUB,2013,0.316
Cuba,CUB,2014,0.316
Cuba,CUB,2015,0.315
Cuba,CUB,2016,0.312
Cuba,CUB,2017,0.31
Cuba,CUB,2019,0.304
Cuba,CUB,2018,0.305
Cyprus,CYP,2010,0.132
Cyprus,CYP,2011,0.139
Cyprus,CYP,2012,0.137
Cyprus,CYP,2013,0.134
Cyprus,CYP,2014,0.118
Cyprus,CYP,2015,0.114
Cyprus,CYP,2016,0.091
Cyprus,CYP,2017,0.089
Cyprus,CYP,2019,0.086
Cyprus,CYP,2018,0.088
Czechia,CZE,2010,0.135
Czechia,CZE,2011,0.133
Czechia,CZE,2012,0.133
Czechia,CZE,2013,0.138
Czechia,CZE,2014,0.139
Czechia,CZE,2015,0.134
Czechia,CZE,2016,0.135
Czechia,CZE,2017,0.132
Czechia,CZE,2019,0.136
Czechia,CZE,2018,0.135
Germany,DEU,2010,0.097
Germany,DEU,2011,0.093
Germany,DEU,2012,0.091
Germany,DEU,2013,0.083
Germany,DEU,2014,0.081
Germany,DEU,2015,0.076
Germany,DEU,2016,0.076
Germany,DEU,2017,0.084
Germany,DEU,2019,0.084
Germany,DEU,2018,0.084
Denmark,DNK,2010,0.056
Denmark,DNK,2011,0.052
Denmark,DNK,2012,0.049
Denmark,DNK,2013,0.046
Denmark,DNK,2014,0.044
Denmark,DNK,2015,0.044
Denmark,DNK,2016,0.042
Denmark,DNK,2017,0.041
Denmark,DNK,2019,0.038
Denmark,DNK,2018,0.04
Dominican Republic,DOM,2010,0.488
Dominican Republic,DOM,2011,0.483
Dominican Republic,DOM,2012,0.48
Dominican Republic,DOM,2013,0.478
Dominican Republic,DOM,2014,0.477
Dominican Republic,DOM,2015,0.472
Dominican Republic,DOM,2016,0.458
Dominican Republic,DOM,2017,0.457
Dominican Republic,DOM,2019,0.455
Dominican Republic,DOM,2018,0.456
Algeria,DZA,2010,0.507
Algeria,DZA,2011,0.5
Algeria,DZA,2012,0.419
Algeria,DZA,2013,0.416
Algeria,DZA,2014,0.424
Algeria,DZA,2015,0.427
Algeria,DZA,2016,0.425
Algeria,DZA,2017,0.434
Algeria,DZA,2019,0.429
Algeria,DZA,2018,0.433
Ecuador,ECU,2010,0.425
Ecuador,ECU,2011,0.424
Ecuador,ECU,2012,0.417
Ecuador,ECU,2013,0.403
Ecuador,ECU,2014,0.399
Ecuador,ECU,2015,0.391
Ecuador,ECU,2016,0.383
Ecuador,ECU,2017,0.385
Ecuador,ECU,2019,0.384
Ecuador,ECU,2018,0.385
Spain,ESP,2010,0.115
Spain,ESP,2011,0.108
Spain,ESP,2012,0.103
Spain,ESP,2013,0.097
Spain,ESP,2014,0.09
Spain,ESP,2015,0.084
Spain,ESP,2016,0.08
Spain,ESP,2017,0.078
Spain,ESP,2019,0.07
Spain,ESP,2018,0.076
Estonia,EST,2010,0.176
Estonia,EST,2011,0.192
Estonia,EST,2012,0.18
Estonia,EST,2013,0.162
Estonia,EST,2014,0.171
Estonia,EST,2015,0.144
Estonia,EST,2016,0.142
Estonia,EST,2017,0.118
Estonia,EST,2019,0.086
Estonia,EST,2018,0.105
Ethiopia,ETH,2010,0.587
Ethiopia,ETH,2011,0.583
Ethiopia,ETH,2012,0.579
Ethiopia,ETH,2013,0.57
Ethiopia,ETH,2014,0.561
Ethiopia,ETH,2015,0.534
Ethiopia,ETH,2016,0.528
Ethiopia,ETH,2017,0.522
Ethiopia,ETH,2019,0.517
Ethiopia,ETH,2018,0.519
Finland,FIN,2010,0.077
Finland,FIN,2011,0.073
Finland,FIN,2012,0.07
Finland,FIN,2013,0.067
Finland,FIN,2014,0.064
Finland,FIN,2015,0.063
Finland,FIN,2016,0.06
Finland,FIN,2017,0.057
Finland,FIN,2019,0.047
Finland,FIN,2018,0.054
France,FRA,2010,0.107
France,FRA,2011,0.105
France,FRA,2012,0.091
France,FRA,2013,0.089
France,FRA,2014,0.087
France,FRA,2015,0.085
France,FRA,2016,0.081
France,FRA,2017,0.061
France,FRA,2019,0.049
France,FRA,2018,0.055
Gabon,GAB,2010,0.553
Gabon,GAB,2011,0.551
Gabon,GAB,2012,0.545
Gabon,GAB,2013,0.541
Gabon,GAB,2014,0.541
Gabon,GAB,2015,0.537
Gabon,GAB,2016,0.536
Gabon,GAB,2017,0.53
Gabon,GAB,2019,0.525
United Kingdom,GBR,2010,0.183
United Kingdom,GBR,2011,0.176
United Kingdom,GBR,2012,0.172
United Kingdom,GBR,2013,0.167
United Kingdom,GBR,2014,0.161
United Kingdom,GBR,2015,0.147
United Kingdom,GBR,2016,0.142
United Kingdom,GBR,2017,0.131
United Kingdom,GBR,2019,0.118
United Kingdom,GBR,2018,0.124
Georgia,GEO,2010,0.406
Georgia,GEO,2011,0.406
Georgia,GEO,2012,0.364
Georgia,GEO,2013,0.366
Georgia,GEO,2014,0.362
Georgia,GEO,2015,0.359
Georgia,GEO,2016,0.335
Georgia,GEO,2017,0.329
Georgia,GEO,2019,0.331
Georgia,GEO,2018,0.327
Ghana,GHA,2010,0.577
Ghana,GHA,2011,0.576
Ghana,GHA,2013,0.559
Ghana,GHA,2014,0.557
Ghana,GHA,2015,0.556
Ghana,GHA,2016,0.553
Ghana,GHA,2017,0.542
Ghana,GHA,2019,0.538
Ghana,GHA,2018,0.54
Gambia,GMB,2010,0.658
Gambia,GMB,2011,0.654
Gambia,GMB,2012,0.651
Gambia,GMB,2013,0.647
Gambia,GMB,2014,0.634
Gambia,GMB,2015,0.631
Gambia,GMB,2016,0.627
Gambia,GMB,2017,0.618
Gambia,GMB,2019,0.612
Gambia,GMB,2018,0.614
Greece,GRC,2010,0.157
Greece,GRC,2011,0.148
Greece,GRC,2012,0.135
Greece,GRC,2013,0.132
Greece,GRC,2014,0.127
Greece,GRC,2015,0.124
Greece,GRC,2016,0.126
Greece,GRC,2017,0.129
Greece,GRC,2019,0.116
Greece,GRC,2018,0.125
Guatemala,GTM,2010,0.549
Guatemala,GTM,2011,0.539
Guatemala,GTM,2012,0.528
Guatemala,GTM,2013,0.528
Guatemala,GTM,2014,0.511
Guatemala,GTM,2015,0.509
Guatemala,GTM,2016,0.5
Guatemala,GTM,2017,0.505
Guatemala,GTM,2019,0.479
Guatemala,GTM,2018,0.503
Guyana,GUY,2010,0.498
Guyana,GUY,2011,0.492
Guyana,GUY,2012,0.491
Guyana,GUY,2013,0.483
Guyana,GUY,2014,0.479
Guyana,GUY,2015,0.477
Guyana,GUY,2016,0.472
Guyana,GUY,2017,0.466
Guyana,GUY,2019,0.462
Guyana,GUY,2018,0.463
Honduras,HND,2010,0.47
Honduras,HND,2011,0.469
Honduras,HND,2012,0.466
Honduras,HND,2014,0.434
Honduras,HND,2015,0.427
Honduras,HND,2016,0.424
Honduras,HND,2019,0.423
Honduras,HND,2018,0.425
Croatia,HRV,2010,0.146
Croatia,HRV,2011,0.144
Croatia,HRV,2012,0.139
Croatia,HRV,2013,0.133
Croatia,HRV,2014,0.127
Croatia,HRV,2015,0.151
Croatia,HRV,2016,0.16
Croatia,HRV,2017,0.131
Croatia,HRV,2019,0.116
Croatia,HRV,2018,0.126
Hungary,HUN,2010,0.244
Hungary,HUN,2011,0.247
Hungary,HUN,2012,0.241
Hungary,HUN,2013,0.243
Hungary,HUN,2014,0.235
Hungary,HUN,2015,0.235
Hungary,HUN,2016,0.239
Hungary,HUN,2017,0.243
Hungary,HUN,2019,0.233
Hungary,HUN,2018,0.23
Indonesia,IDN,2010,0.508
Indonesia,IDN,2011,0.504
Indonesia,IDN,2012,0.5
Indonesia,IDN,2013,0.498
Indonesia,IDN,2014,0.5
Indonesia,IDN,2015,0.494
Indonesia,IDN,2016,0.491
Indonesia,IDN,2017,0.478
Indonesia,IDN,2019,0.48
Indonesia,IDN,2018,0.474
India,IND,2010,0.59
India,IND,2011,0.585
India,IND,2012,0.581
India,IND,2013,0.573
India,IND,2014,0.561
India,IND,2015,0.55
India,IND,2016,0.541
India,IND,2017,0.525
India,IND,2019,0.488
India,IND,2018,0.512
Ireland,IRL,2010,0.17
Ireland,IRL,2011,0.153
Ireland,IRL,2012,0.148
Ireland,IRL,2013,0.139
Ireland,IRL,2014,0.135
Ireland,IRL,2015,0.128
Ireland,IRL,2016,0.111
Ireland,IRL,2017,0.105
Ireland,IRL,2019,0.093
Ireland,IRL,2018,0.099
Iran (Islamic Republic of),IRN,2010,0.519
Iran (Islamic Republic of),IRN,2011,0.516
Iran (Islamic Republic of),IRN,2012,0.511
Iran (Islamic Republic of),IRN,2013,0.512
Iran (Islamic Republic of),IRN,2014,0.516
Iran (Islamic Republic of),IRN,2015,0.507
Iran (Islamic Republic of),IRN,2016,0.455
Iran (Islamic Republic of),IRN,2017,0.451
Iran (Islamic Republic of),IRN,2019,0.459
Iran (Islamic Republic of),IRN,2018,0.455
Iraq,IRQ,2010,0.575
Iraq,IRQ,2011,0.572
Iraq,IRQ,2012,0.571
Iraq,IRQ,2013,0.572
Iraq,IRQ,2014,0.578
Iraq,IRQ,2015,0.566
Iraq,IRQ,2016,0.556
Iraq,IRQ,2017,0.584
Iraq,IRQ,2019,0.577
Iraq,IRQ,2018,0.581
Iceland,ISL,2010,0.099
Iceland,ISL,2011,0.098
Iceland,ISL,2012,0.093
Iceland,ISL,2013,0.088
Iceland,ISL,2014,0.083
Iceland,ISL,2015,0.075
Iceland,ISL,2016,0.066
Iceland,ISL,2017,0.069
Iceland,ISL,2019,0.058
Iceland,ISL,2018,0.063
Israel,ISR,2010,0.149
Israel,ISR,2011,0.144
Israel,ISR,2012,0.14
Israel,ISR,2013,0.13
Israel,ISR,2014,0.127
Israel,ISR,2015,0.114
Israel,ISR,2016,0.111
Israel,ISR,2017,0.106
Israel,ISR,2019,0.109
Israel,ISR,2018,0.102
Italy,ITA,2010,0.124
Italy,ITA,2011,0.12
Italy,ITA,2012,0.116
Italy,ITA,2013,0.09
Italy,ITA,2014,0.087
Italy,ITA,2015,0.086
Italy,ITA,2016,0.084
Italy,ITA,2017,0.081
Italy,ITA,2019,0.069
Italy,ITA,2018,0.07
Jamaica,JAM,2010,0.443
Jamaica,JAM,2011,0.431
Jamaica,JAM,2012,0.428
Jamaica,JAM,2013,0.424
Jamaica,JAM,2014,0.417
Jamaica,JAM,2015,0.414
Jamaica,JAM,2016,0.404
Jamaica,JAM,2017,0.401
Jamaica,JAM,2019,0.396
Jamaica,JAM,2018,0.399
Jordan,JOR,2010,0.487
Jordan,JOR,2011,0.488
Jordan,JOR,2012,0.487
Jordan,JOR,2013,0.485
Jordan,JOR,2014,0.481
Jordan,JOR,2015,0.481
Jordan,JOR,2016,0.46
Jordan,JOR,2017,0.455
Jordan,JOR,2019,0.45
Jordan,JOR,2018,0.452
Japan,JPN,2010,0.121
Japan,JPN,2011,0.12
Japan,JPN,2012,0.129
Japan,JPN,2013,0.13
Japan,JPN,2014,0.127
Japan,JPN,2015,0.121
Japan,JPN,2016,0.109
Japan,JPN,2017,0.103
Japan,JPN,2019,0.094
Japan,JPN,2018,0.1
Kazakhstan,KAZ,2010,0.275
Kazakhstan,KAZ,2011,0.265
Kazakhstan,KAZ,2012,0.24
Kazakhstan,KAZ,2013,0.227
Kazakhstan,KAZ,2014,0.218
Kazakhstan,KAZ,2015,0.212
Kazakhstan,KAZ,2016,0.196
Kazakhstan,KAZ,2017,0.192
Kazakhstan,KAZ,2019,0.19
Kazakhstan,KAZ,2018,0.191
Kenya,KEN,2010,0.594
Kenya,KEN,2011,0.587
Kenya,KEN,2012,0.582
Kenya,KEN,2013,0.544
Kenya,KEN,2014,0.54
Kenya,KEN,2015,0.537
Kenya,KEN,2016,0.534
Kenya,KEN,2017,0.524
Kenya,KEN,2019,0.518
Kenya,KEN,2018,0.521
Kyrgyzstan,KGZ,2010,0.361
Kyrgyzstan,KGZ,2011,0.367
Kyrgyzstan,KGZ,2012,0.37
Kyrgyzstan,KGZ,2013,0.375
Kyrgyzstan,KGZ,2014,0.375
Kyrgyzstan,KGZ,2015,0.389
Kyrgyzstan,KGZ,2016,0.383
Kyrgyzstan,KGZ,2017,0.378
Kyrgyzstan,KGZ,2019,0.369
Kyrgyzstan,KGZ,2018,0.375
Cambodia,KHM,2010,0.506
Cambodia,KHM,2011,0.502
Cambodia,KHM,2012,0.497
Cambodia,KHM,2013,0.493
Cambodia,KHM,2014,0.488
Cambodia,KHM,2015,0.483
Cambodia,KHM,2016,0.478
Cambodia,KHM,2017,0.475
Cambodia,KHM,2019,0.474
Cambodia,KHM,2018,0.473
Korea (Republic of),KOR,2010,0.098
Korea (Republic of),KOR,2011,0.094
Korea (Republic of),KOR,2012,0.086
Korea (Republic of),KOR,2013,0.085
Korea (Republic of),KOR,2014,0.078
Korea (Republic of),KOR,2015,0.076
Korea (Republic of),KOR,2016,0.069
Korea (Republic of),KOR,2017,0.067
Korea (Republic of),KOR,2019,0.064
Korea (Republic of),KOR,2018,0.064
Kuwait,KWT,2010,0.228
Kuwait,KWT,2011,0.224
Kuwait,KWT,2012,0.241
Kuwait,KWT,2013,0.235
Kuwait,KWT,2014,0.33
Kuwait,KWT,2015,0.328
Kuwait,KWT,2016,0.312
Kuwait,KWT,2017,0.277
Kuwait,KWT,2019,0.242
Kuwait,KWT,2018,0.274
Lao People's Democratic Republic,LAO,2010,0.509
Lao People's Democratic Republic,LAO,2011,0.503
Lao People's Democratic Republic,LAO,2012,0.496
Lao People's Democratic Republic,LAO,2013,0.49
Lao People's Democratic Republic,LAO,2014,0.483
Lao People's Democratic Republic,LAO,2015,0.478
Lao People's Democratic Republic,LAO,2016,0.467
Lao People's Democratic Republic,LAO,2017,0.461
Lao People's Democratic Republic,LAO,2019,0.459
Lao People's Democratic Republic,LAO,2018,0.46
Lebanon,LBN,2010,0.424
Lebanon,LBN,2011,0.43
Lebanon,LBN,2012,0.432
Lebanon,LBN,2013,0.439
Lebanon,LBN,2014,0.444
Lebanon,LBN,2015,0.448
Lebanon,LBN,2016,0.446
Lebanon,LBN,2017,0.444
Lebanon,LBN,2019,0.411
Lebanon,LBN,2018,0.413
Liberia,LBR,2010,0.656
Liberia,LBR,2011,0.665
Liberia,LBR,2012,0.659
Liberia,LBR,2013,0.657
Liberia,LBR,2014,0.657
Liberia,LBR,2015,0.66
Liberia,LBR,2016,0.656
Liberia,LBR,2017,0.657
Liberia,LBR,2019,0.65
Liberia,LBR,2018,0.65
Libya,LBY,2010,0.287
Libya,LBY,2012,0.238
Libya,LBY,2013,0.241
Libya,LBY,2014,0.248
Libya,LBY,2015,0.256
Libya,LBY,2016,0.257
Libya,LBY,2017,0.254
Libya,LBY,2019,0.252
Libya,LBY,2018,0.253
Sri Lanka,LKA,2010,0.415
Sri Lanka,LKA,2011,0.409
Sri Lanka,LKA,2012,0.412
Sri Lanka,LKA,2013,0.405
Sri Lanka,LKA,2014,0.404
Sri Lanka,LKA,2015,0.412
Sri Lanka,LKA,2016,0.399
Sri Lanka,LKA,2017,0.398
Sri Lanka,LKA,2019,0.401
Sri Lanka,LKA,2018,0.396
Lesotho,LSO,2010,0.566
Lesotho,LSO,2011,0.563
Lesotho,LSO,2012,0.557
Lesotho,LSO,2013,0.557
Lesotho,LSO,2014,0.555
Lesotho,LSO,2015,0.558
Lesotho,LSO,2016,0.55
Lesotho,LSO,2017,0.552
Lesotho,LSO,2019,0.553
Lesotho,LSO,2018,0.553
Lithuania,LTU,2010,0.168
Lithuania,LTU,2011,0.165
Lithuania,LTU,2012,0.145
Lithuania,LTU,2013,0.142
Lithuania,LTU,2014,0.137
Lithuania,LTU,2015,0.133
Lithuania,LTU,2016,0.134
Lithuania,LTU,2017,0.131
Lithuania,LTU,2019,0.124
Lithuania,LTU,2018,0.128
Luxembourg,LUX,2010,0.126
Luxembourg,LUX,2011,0.107
Luxembourg,LUX,2012,0.11
Luxembourg,LUX,2013,0.09
Luxembourg,LUX,2014,0.084
Luxembourg,LUX,2015,0.077
Luxembourg,LUX,2016,0.073
Luxembourg,LUX,2017,0.068
Luxembourg,LUX,2019,0.065
Luxembourg,LUX,2018,0.082
Latvia,LVA,2010,0.231
Latvia,LVA,2011,0.221
Latvia,LVA,2012,0.209
Latvia,LVA,2013,0.219
Latvia,LVA,2014,0.223
Latvia,LVA,2015,0.217
Latvia,LVA,2016,0.226
Latvia,LVA,2017,0.212
Latvia,LVA,2019,0.176
Latvia,LVA,2018,0.173
Morocco,MAR,2010,0.533
Morocco,MAR,2011,0.499
Morocco,MAR,2012,0.496
Morocco,MAR,2013,0.492
Morocco,MAR,2014,0.492
Morocco,MAR,2015,0.471
Morocco,MAR,2016,0.46
Morocco,MAR,2017,0.458
Morocco,MAR,2019,0.454
Morocco,MAR,2018,0.455
Moldova (Republic of),MDA,2010,0.274
Moldova (Republic of),MDA,2011,0.245
Moldova (Republic of),MDA,2012,0.246
Moldova (Republic of),MDA,2013,0.242
Moldova (Republic of),MDA,2014,0.255
Moldova (Republic of),MDA,2015,0.237
Moldova (Republic of),MDA,2016,0.227
Moldova (Republic of),MDA,2017,0.219
Moldova (Republic of),MDA,2019,0.204
Moldova (Republic of),MDA,2018,0.214
Maldives,MDV,2010,0.405
Maldives,MDV,2011,0.392
Maldives,MDV,2012,0.383
Maldives,MDV,2013,0.375
Maldives,MDV,2014,0.373
Maldives,MDV,2015,0.368
Maldives,MDV,2016,0.366
Maldives,MDV,2017,0.36
Maldives,MDV,2019,0.369
Maldives,MDV,2018,0.358
Mexico,MEX,2010,0.403
Mexico,MEX,2011,0.394
Mexico,MEX,2012,0.368
Mexico,MEX,2013,0.362
Mexico,MEX,2014,0.359
Mexico,MEX,2015,0.347
Mexico,MEX,2016,0.341
Mexico,MEX,2017,0.336
Mexico,MEX,2019,0.322
Mexico,MEX,2018,0.324
Mali,MLI,2010,0.672
Mali,MLI,2011,0.676
Mali,MLI,2012,0.677
Mali,MLI,2014,0.68
Mali,MLI,2015,0.681
Mali,MLI,2016,0.678
Mali,MLI,2017,0.675
Mali,MLI,2019,0.671
Mali,MLI,2018,0.675
Malta,MLT,2010,0.266
Malta,MLT,2011,0.259
Malta,MLT,2012,0.245
Malta,MLT,2013,0.202
Malta,MLT,2014,0.194
Malta,MLT,2015,0.196
Malta,MLT,2016,0.192
Malta,MLT,2017,0.194
Malta,MLT,2019,0.175
Malta,MLT,2018,0.191
Myanmar,MMR,2010,0.533
Myanmar,MMR,2011,0.549
Myanmar,MMR,2012,0.525
Myanmar,MMR,2013,0.524
Myanmar,MMR,2014,0.526
Myanmar,MMR,2015,0.466
Myanmar,MMR,2016,0.481
Myanmar,MMR,2017,0.484
Myanmar,MMR,2019,0.478
Myanmar,MMR,2018,0.483
Montenegro,MNE,2010,0.217
Montenegro,MNE,2011,0.205
Montenegro,MNE,2012,0.175
Montenegro,MNE,2013,0.176
Montenegro,MNE,2014,0.165
Montenegro,MNE,2015,0.158
Montenegro,MNE,2016,0.135
Montenegro,MNE,2017,0.131
Montenegro,MNE,2019,0.109
Montenegro,MNE,2018,0.127
Mongolia,MNG,2010,0.409
Mongolia,MNG,2011,0.407
Mongolia,MNG,2012,0.319
Mongolia,MNG,2013,0.321
Mongolia,MNG,2014,0.322
Mongolia,MNG,2015,0.326
Mongolia,MNG,2016,0.317
Mongolia,MNG,2017,0.318
Mongolia,MNG,2019,0.322
Mongolia,MNG,2018,0.32
Mozambique,MOZ,2010,0.582
Mozambique,MOZ,2011,0.573
Mozambique,MOZ,2012,0.565
Mozambique,MOZ,2013,0.559
Mozambique,MOZ,2015,0.546
Mozambique,MOZ,2016,0.542
Mozambique,MOZ,2017,0.528
Mozambique,MOZ,2019,0.523
Mozambique,MOZ,2018,0.527
Mauritania,MRT,2010,0.663
Mauritania,MRT,2011,0.659
Mauritania,MRT,2012,0.655
Mauritania,MRT,2014,0.642
Mauritania,MRT,2015,0.64
Mauritania,MRT,2016,0.637
Mauritania,MRT,2017,0.627
Mauritania,MRT,2019,0.634
Mauritania,MRT,2018,0.635
Mauritius,MUS,2010,0.39
Mauritius,MUS,2011,0.375
Mauritius,MUS,2012,0.382
Mauritius,MUS,2013,0.37
Mauritius,MUS,2014,0.377
Mauritius,MUS,2015,0.403
Mauritius,MUS,2016,0.395
Mauritius,MUS,2017,0.386
Mauritius,MUS,2019,0.347
Mauritius,MUS,2018,0.382
Malawi,MWI,2010,0.603
Malawi,MWI,2011,0.596
Malawi,MWI,2012,0.591
Malawi,MWI,2013,0.587
Malawi,MWI,2014,0.596
Malawi,MWI,2015,0.594
Malawi,MWI,2016,0.589
Malawi,MWI,2017,0.585
Malawi,MWI,2019,0.565
Malawi,MWI,2018,0.582
Malaysia,MYS,2010,0.273
Malaysia,MYS,2011,0.277
Malaysia,MYS,2012,0.274
Malaysia,MYS,2013,0.268
Malaysia,MYS,2014,0.265
Malaysia,MYS,2015,0.27
Malaysia,MYS,2016,0.264
Malaysia,MYS,2017,0.263
Malaysia,MYS,2019,0.253
Malaysia,MYS,2018,0.251
Namibia,NAM,2010,0.502
Namibia,NAM,2011,0.499
Namibia,NAM,2012,0.493
Namibia,NAM,2013,0.487
Namibia,NAM,2015,0.463
Namibia,NAM,2016,0.46
Namibia,NAM,2017,0.451
Namibia,NAM,2019,0.44
Namibia,NAM,2018,0.441
Nicaragua,NIC,2010,0.494
Nicaragua,NIC,2011,0.456
Nicaragua,NIC,2012,0.453
Nicaragua,NIC,2013,0.45
Nicaragua,NIC,2014,0.444
Nicaragua,NIC,2015,0.442
Nicaragua,NIC,2016,0.433
Nicaragua,NIC,2017,0.429
Nicaragua,NIC,2019,0.428
Nicaragua,NIC,2018,0.429
Netherlands,NLD,2010,0.054
Netherlands,NLD,2011,0.051
Netherlands,NLD,2012,0.051
Netherlands,NLD,2013,0.049
Netherlands,NLD,2014,0.048
Netherlands,NLD,2015,0.048
Netherlands,NLD,2016,0.046
Netherlands,NLD,2017,0.045
Netherlands,NLD,2019,0.043
Netherlands,NLD,2018,0.043
Norway,NOR,2010,0.075
Norway,NOR,2011,0.071
Norway,NOR,2012,0.067
Norway,NOR,2013,0.062
Norway,NOR,2014,0.058
Norway,NOR,2015,0.054
Norway,NOR,2016,0.052
Norway,NOR,2017,0.048
Norway,NOR,2019,0.045
Norway,NOR,2018,0.046
Nepal,NPL,2010,0.525
Nepal,NPL,2011,0.516
Nepal,NPL,2012,0.507
Nepal,NPL,2014,0.494
Nepal,NPL,2015,0.493
Nepal,NPL,2016,0.477
Nepal,NPL,2017,0.467
Nepal,NPL,2019,0.452
Nepal,NPL,2018,0.456
New Zealand,NZL,2010,0.174
New Zealand,NZL,2011,0.165
New Zealand,NZL,2012,0.161
New Zealand,NZL,2013,0.157
New Zealand,NZL,2014,0.157
New Zealand,NZL,2015,0.149
New Zealand,NZL,2016,0.147
New Zealand,NZL,2017,0.133
New Zealand,NZL,2019,0.123
New Zealand,NZL,2018,0.129
Oman,OMN,2010,0.328
Oman,OMN,2011,0.321
Oman,OMN,2012,0.319
Oman,OMN,2013,0.317
Oman,OMN,2014,0.314
Oman,OMN,2015,0.325
Oman,OMN,2016,0.319
Oman,OMN,2017,0.317
Oman,OMN,2019,0.306
Oman,OMN,2018,0.315
Pakistan,PAK,2010,0.572
Pakistan,PAK,2011,0.57
Pakistan,PAK,2012,0.555
Pakistan,PAK,2013,0.554
Pakistan,PAK,2014,0.548
Pakistan,PAK,2015,0.541
Pakistan,PAK,2016,0.539
Pakistan,PAK,2017,0.538
Pakistan,PAK,2019,0.538
Pakistan,PAK,2018,0.54
Panama,PAN,2010,0.504
Panama,PAN,2011,0.504
Panama,PAN,2012,0.498
Panama,PAN,2013,0.488
Panama,PAN,2014,0.435
Panama,PAN,2015,0.432
Panama,PAN,2016,0.427
Panama,PAN,2017,0.422
Panama,PAN,2019,0.407
Panama,PAN,2018,0.416
Peru,PER,2010,0.43
Peru,PER,2011,0.44
Peru,PER,2012,0.436
Peru,PER,2013,0.432
Peru,PER,2014,0.428
Peru,PER,2015,0.425
Peru,PER,2016,0.408
Peru,PER,2017,0.411
Peru,PER,2019,0.395
Peru,PER,2018,0.401
Philippines,PHL,2010,0.457
Philippines,PHL,2011,0.454
Philippines,PHL,2012,0.454
Philippines,PHL,2013,0.441
Philippines,PHL,2014,0.439
Philippines,PHL,2015,0.436
Philippines,PHL,2016,0.431
Philippines,PHL,2017,0.432
Philippines,PHL,2019,0.43
Philippines,PHL,2018,0.429
Papua New Guinea,PNG,2010,0.65
Papua New Guinea,PNG,2011,0.647
Papua New Guinea,PNG,2012,0.588
Papua New Guinea,PNG,2013,0.584
Papua New Guinea,PNG,2014,0.58
Papua New Guinea,PNG,2015,0.577
Papua New Guinea,PNG,2016,0.573
Papua New Guinea,PNG,2017,0.728
Papua New Guinea,PNG,2019,0.725
Papua New Guinea,PNG,2018,0.726
Poland,POL,2010,0.17
Poland,POL,2011,0.156
Poland,POL,2012,0.154
Poland,POL,2013,0.153
Poland,POL,2014,0.15
Poland,POL,2015,0.141
Poland,POL,2016,0.137
Poland,POL,2017,0.131
Poland,POL,2019,0.115
Poland,POL,2018,0.126
Portugal,PRT,2010,0.135
Portugal,PRT,2011,0.129
Portugal,PRT,2012,0.124
Portugal,PRT,2013,0.115
Portugal,PRT,2014,0.11
Portugal,PRT,2015,0.099
Portugal,PRT,2016,0.095
Portugal,PRT,2017,0.09
Portugal,PRT,2019,0.075
Portugal,PRT,2018,0.085
Paraguay,PRY,2010,0.494
Paraguay,PRY,2011,0.485
Paraguay,PRY,2012,0.473
Paraguay,PRY,2013,0.453
Paraguay,PRY,2014,0.457
Paraguay,PRY,2015,0.455
Paraguay,PRY,2016,0.452
Paraguay,PRY,2017,0.453
Paraguay,PRY,2019,0.446
Paraguay,PRY,2018,0.45
Qatar,QAT,2010,0.557
Qatar,QAT,2011,0.535
Qatar,QAT,2012,0.536
Qatar,QAT,2013,0.538
Qatar,QAT,2014,0.53
Qatar,QAT,2015,0.524
Qatar,QAT,2016,0.521
Qatar,QAT,2017,0.188
Qatar,QAT,2019,0.185
Qatar,QAT,2018,0.187
Romania,ROU,2010,0.357
Romania,ROU,2011,0.345
Romania,ROU,2012,0.329
Romania,ROU,2013,0.32
Romania,ROU,2014,0.318
Romania,ROU,2015,0.317
Romania,ROU,2016,0.317
Romania,ROU,2017,0.279
Romania,ROU,2019,0.276
Romania,ROU,2018,0.279
Russian Federation,RUS,2010,0.305
Russian Federation,RUS,2011,0.298
Russian Federation,RUS,2012,0.288
Russian Federation,RUS,2013,0.279
Russian Federation,RUS,2014,0.273
Russian Federation,RUS,2015,0.256
Russian Federation,RUS,2016,0.254
Russian Federation,RUS,2017,0.236
Russian Federation,RUS,2019,0.225
Russian Federation,RUS,2018,0.231
Rwanda,RWA,2010,0.445
Rwanda,RWA,2011,0.438
Rwanda,RWA,2012,0.434
Rwanda,RWA,2013,0.422
Rwanda,RWA,2014,0.417
Rwanda,RWA,2015,0.412
Rwanda,RWA,2016,0.407
Rwanda,RWA,2017,0.404
Rwanda,RWA,2019,0.402
Rwanda,RWA,2018,0.403
Saudi Arabia,SAU,2010,0.646
Saudi Arabia,SAU,2011,0.638
Saudi Arabia,SAU,2012,0.634
Saudi Arabia,SAU,2013,0.293
Saudi Arabia,SAU,2014,0.288
Saudi Arabia,SAU,2015,0.277
Saudi Arabia,SAU,2016,0.265
Saudi Arabia,SAU,2017,0.262
Saudi Arabia,SAU,2019,0.252
Saudi Arabia,SAU,2018,0.258
Sudan,SDN,2010,0.616
Sudan,SDN,2011,0.609
Sudan,SDN,2012,0.601
Sudan,SDN,2013,0.593
Sudan,SDN,2014,0.585
Sudan,SDN,2015,0.564
Sudan,SDN,2016,0.557
Sudan,SDN,2017,0.549
Sudan,SDN,2019,0.545
Sudan,SDN,2018,0.544
Senegal,SEN,2010,0.593
Senegal,SEN,2011,0.587
Senegal,SEN,2012,0.557
Senegal,SEN,2013,0.55
Senegal,SEN,2014,0.545
Senegal,SEN,2015,0.542
Senegal,SEN,2016,0.539
Senegal,SEN,2017,0.537
Senegal,SEN,2019,0.533
Senegal,SEN,2018,0.535
Singapore,SGP,2010,0.094
Singapore,SGP,2011,0.092
Singapore,SGP,2012,0.082
Singapore,SGP,2013,0.078
Singapore,SGP,2014,0.07
Singapore,SGP,2015,0.067
Singapore,SGP,2016,0.066
Singapore,SGP,2017,0.067
Singapore,SGP,2019,0.065
Singapore,SGP,2018,0.066
Sierra Leone,SLE,2010,0.665
Sierra Leone,SLE,2011,0.662
Sierra Leone,SLE,2012,0.66
Sierra Leone,SLE,2013,0.657
Sierra Leone,SLE,2014,0.655
Sierra Leone,SLE,2015,0.653
Sierra Leone,SLE,2016,0.65
Sierra Leone,SLE,2017,0.648
Sierra Leone,SLE,2019,0.644
Sierra Leone,SLE,2018,0.646
El Salvador,SLV,2010,0.435
El Salvador,SLV,2011,0.433
El Salvador,SLV,2012,0.412
El Salvador,SLV,2013,0.405
El Salvador,SLV,2014,0.4
El Salvador,SLV,2015,0.388
El Salvador,SLV,2016,0.386
El Salvador,SLV,2017,0.384
El Salvador,SLV,2019,0.383
El Salvador,SLV,2018,0.384
Serbia,SRB,2010,0.199
Serbia,SRB,2011,0.196
Serbia,SRB,2012,0.168
Serbia,SRB,2013,0.165
Serbia,SRB,2014,0.16
Serbia,SRB,2015,0.163
Serbia,SRB,2016,0.151
Serbia,SRB,2017,0.146
Serbia,SRB,2019,0.132
Serbia,SRB,2018,0.141
Sao Tome and Principe,STP,2010,0.538
Sao Tome and Principe,STP,2011,0.536
Sao Tome and Principe,STP,2012,0.534
Sao Tome and Principe,STP,2013,0.532
Sao Tome and Principe,STP,2014,0.531
Sao Tome and Principe,STP,2015,0.53
Sao Tome and Principe,STP,2016,0.528
Sao Tome and Principe,STP,2017,0.527
Sao Tome and Principe,STP,2019,0.537
Sao Tome and Principe,STP,2018,0.537
Suriname,SUR,2010,0.525
Suriname,SUR,2011,0.509
Suriname,SUR,2012,0.504
Suriname,SUR,2013,0.5
Suriname,SUR,2014,0.495
Suriname,SUR,2015,0.452
Suriname,SUR,2016,0.453
Suriname,SUR,2017,0.451
Suriname,SUR,2019,0.436
Suriname,SUR,2018,0.449
Slovakia,SVK,2010,0.195
Slovakia,SVK,2011,0.195
Slovakia,SVK,2012,0.185
Slovakia,SVK,2013,0.186
Slovakia,SVK,2014,0.186
Slovakia,SVK,2015,0.186
Slovakia,SVK,2016,0.182
Slovakia,SVK,2017,0.185
Slovakia,SVK,2019,0.191
Slovakia,SVK,2018,0.188
Slovenia,SVN,2010,0.126
Slovenia,SVN,2011,0.077
Slovenia,SVN,2012,0.072
Slovenia,SVN,2013,0.072
Slovenia,SVN,2014,0.065
Slovenia,SVN,2015,0.063
Slovenia,SVN,2016,0.059
Slovenia,SVN,2017,0.055
Slovenia,SVN,2019,0.063
Slovenia,SVN,2018,0.072
Sweden,SWE,2010,0.05
Sweden,SWE,2011,0.049
Sweden,SWE,2012,0.048
Sweden,SWE,2013,0.047
Sweden,SWE,2014,0.046
Sweden,SWE,2015,0.045
Sweden,SWE,2016,0.044
Sweden,SWE,2017,0.044
Sweden,SWE,2019,0.039
Sweden,SWE,2018,0.041
Eswatini (Kingdom of),SWZ,2010,0.559
Eswatini (Kingdom of),SWZ,2011,0.555
Eswatini (Kingdom of),SWZ,2012,0.551
Eswatini (Kingdom of),SWZ,2013,0.566
Eswatini (Kingdom of),SWZ,2014,0.564
Eswatini (Kingdom of),SWZ,2015,0.562
Eswatini (Kingdom of),SWZ,2016,0.56
Eswatini (Kingdom of),SWZ,2017,0.559
Eswatini (Kingdom of),SWZ,2019,0.567
Eswatini (Kingdom of),SWZ,2018,0.567
Syrian Arab Republic,SYR,2010,0.513
Syrian Arab Republic,SYR,2011,0.511
Syrian Arab Republic,SYR,2012,0.508
Syrian Arab Republic,SYR,2013,0.505
Syrian Arab Republic,SYR,2014,0.502
Syrian Arab Republic,SYR,2015,0.494
Syrian Arab Republic,SYR,2016,0.486
Syrian Arab Republic,SYR,2017,0.485
Syrian Arab Republic,SYR,2019,0.482
Syrian Arab Republic,SYR,2018,0.483
Togo,TGO,2010,0.613
Togo,TGO,2011,0.608
Togo,TGO,2012,0.605
Togo,TGO,2013,0.585
Togo,TGO,2014,0.576
Togo,TGO,2015,0.577
Togo,TGO,2016,0.574
Togo,TGO,2017,0.572
Togo,TGO,2019,0.573
Togo,TGO,2018,0.57
Thailand,THA,2010,0.364
Thailand,THA,2011,0.357
Thailand,THA,2012,0.357
Thailand,THA,2013,0.361
Thailand,THA,2014,0.423
Thailand,THA,2015,0.424
Thailand,THA,2016,0.419
Thailand,THA,2017,0.432
Thailand,THA,2019,0.359
Thailand,THA,2018,0.424
Tajikistan,TJK,2010,0.334
Tajikistan,TJK,2011,0.33
Tajikistan,TJK,2012,0.326
Tajikistan,TJK,2013,0.322
Tajikistan,TJK,2014,0.326
Tajikistan,TJK,2015,0.324
Tajikistan,TJK,2016,0.3
Tajikistan,TJK,2017,0.308
Tajikistan,TJK,2019,0.314
Tajikistan,TJK,2018,0.312
Tonga,TON,2010,0.643
Tonga,TON,2011,0.426
Tonga,TON,2012,0.424
Tonga,TON,2013,0.422
Tonga,TON,2014,0.635
Tonga,TON,2015,0.632
Tonga,TON,2016,0.63
Tonga,TON,2017,0.357
Tonga,TON,2019,0.354
Tonga,TON,2018,0.357
Trinidad and Tobago,TTO,2010,0.36
Trinidad and Tobago,TTO,2011,0.359
Trinidad and Tobago,TTO,2012,0.358
Trinidad and Tobago,TTO,2013,0.354
Trinidad and Tobago,TTO,2014,0.354
Trinidad and Tobago,TTO,2015,0.34
Trinidad and Tobago,TTO,2016,0.334
Trinidad and Tobago,TTO,2017,0.333
Trinidad and Tobago,TTO,2019,0.323
Trinidad and Tobago,TTO,2018,0.331
Tunisia,TUN,2010,0.286
Tunisia,TUN,2011,0.28
Tunisia,TUN,2012,0.28
Tunisia,TUN,2013,0.28
Tunisia,TUN,2014,0.272
Tunisia,TUN,2015,0.275
Tunisia,TUN,2016,0.275
Tunisia,TUN,2017,0.271
Tunisia,TUN,2019,0.296
Tunisia,TUN,2018,0.273
Turkey,TUR,2010,0.427
Turkey,TUR,2011,0.387
Turkey,TUR,2012,0.378
Turkey,TUR,2013,0.362
Turkey,TUR,2014,0.355
Turkey,TUR,2015,0.339
Turkey,TUR,2016,0.334
Turkey,TUR,2017,0.325
Turkey,TUR,2019,0.306
Turkey,TUR,2018,0.308
Uganda,UGA,2010,0.571
Uganda,UGA,2011,0.56
Uganda,UGA,2012,0.555
Uganda,UGA,2013,0.551
Uganda,UGA,2014,0.547
Uganda,UGA,2015,0.544
Uganda,UGA,2016,0.543
Uganda,UGA,2017,0.538
Uganda,UGA,2019,0.535
Uganda,UGA,2018,0.537
Ukraine,UKR,2010,0.334
Ukraine,UKR,2011,0.327
Ukraine,UKR,2012,0.319
Ukraine,UKR,2013,0.313
Ukraine,UKR,2014,0.302
Ukraine,UKR,2015,0.288
Ukraine,UKR,2016,0.282
Ukraine,UKR,2017,0.273
Ukraine,UKR,2019,0.234
Ukraine,UKR,2018,0.27
Uruguay,URY,2010,0.318
Uruguay,URY,2011,0.326
Uruguay,URY,2012,0.326
Uruguay,URY,2013,0.332
Uruguay,URY,2014,0.33
Uruguay,URY,2015,0.302
Uruguay,URY,2016,0.3
Uruguay,URY,2017,0.286
Uruguay,URY,2019,0.288
Uruguay,URY,2018,0.285
United States,USA,2010,0.259
United States,USA,2011,0.255
United States,USA,2012,0.25
United States,USA,2013,0.245
United States,USA,2014,0.235
United States,USA,2015,0.238
United States,USA,2016,0.236
United States,USA,2017,0.229
United States,USA,2019,0.204
United States,USA,2018,0.211
Uzbekistan,UZB,2010,0.261
Uzbekistan,UZB,2011,0.268
Uzbekistan,UZB,2012,0.273
Uzbekistan,UZB,2013,0.275
Uzbekistan,UZB,2014,0.276
Uzbekistan,UZB,2015,0.29
Uzbekistan,UZB,2016,0.288
Uzbekistan,UZB,2017,0.288
Uzbekistan,UZB,2019,0.288
Uzbekistan,UZB,2018,0.288
Venezuela (Bolivarian Republic of),VEN,2010,0.487
Venezuela (Bolivarian Republic of),VEN,2011,0.486
Venezuela (Bolivarian Republic of),VEN,2012,0.485
Venezuela (Bolivarian Republic of),VEN,2013,0.483
Venezuela (Bolivarian Republic of),VEN,2014,0.482
Venezuela (Bolivarian Republic of),VEN,2015,0.483
Venezuela (Bolivarian Republic of),VEN,2016,0.498
Venezuela (Bolivarian Republic of),VEN,2017,0.478
Venezuela (Bolivarian Republic of),VEN,2019,0.479
Venezuela (Bolivarian Republic of),VEN,2018,0.479
Viet Nam,VNM,2010,0.308
Viet Nam,VNM,2011,0.314
Viet Nam,VNM,2012,0.313
Viet Nam,VNM,2013,0.315
Viet Nam,VNM,2014,0.316
Viet Nam,VNM,2015,0.319
Viet Nam,VNM,2016,0.308
Viet Nam,VNM,2017,0.302
Viet Nam,VNM,2019,0.296
Viet Nam,VNM,2018,0.299
Samoa,WSM,2010,0.417
Samoa,WSM,2011,0.453
Samoa,WSM,2012,0.448
Samoa,WSM,2013,0.44
Samoa,WSM,2014,0.411
Samoa,WSM,2015,0.406
Samoa,WSM,2016,0.371
Samoa,WSM,2017,0.366
Samoa,WSM,2019,0.36
Samoa,WSM,2018,0.363
Yemen,YEM,2010,0.799
Yemen,YEM,2011,0.8
Yemen,YEM,2012,0.803
Yemen,YEM,2013,0.805
Yemen,YEM,2014,0.809
Yemen,YEM,2015,0.819
Yemen,YEM,2016,0.814
Yemen,YEM,2017,0.813
Yemen,YEM,2019,0.795
Yemen,YEM,2018,0.811
South Africa,ZAF,2010,0.439
South Africa,ZAF,2011,0.436
South Africa,ZAF,2012,0.429
South Africa,ZAF,2013,0.423
South Africa,ZAF,2014,0.421
South Africa,ZAF,2015,0.419
South Africa,ZAF,2016,0.417
South Africa,ZAF,2017,0.414
South Africa,ZAF,2019,0.406
South Africa,ZAF,2018,0.411
Zambia,ZMB,2010,0.596
Zambia,ZMB,2011,0.599
Zambia,ZMB,2012,0.594
Zambia,ZMB,2013,0.589
Zambia,ZMB,2014,0.587
Zambia,ZMB,2015,0.573
Zambia,ZMB,2016,0.548
Zambia,ZMB,2017,0.542
Zambia,ZMB,2019,0.539
Zambia,ZMB,2018,0.539
Zimbabwe,ZWE,2010,0.595
Zimbabwe,ZWE,2011,0.59
Zimbabwe,ZWE,2012,0.587
Zimbabwe,ZWE,2013,0.551
Zimbabwe,ZWE,2014,0.548
Zimbabwe,ZWE,2015,0.546
Zimbabwe,ZWE,2016,0.541
Zimbabwe,ZWE,2017,0.533
Zimbabwe,ZWE,2019,0.527
Zimbabwe,ZWE,2018,0.532
Haiti,HTI,2011,0.632
Haiti,HTI,2012,0.637
Haiti,HTI,2013,0.635
Haiti,HTI,2014,0.633
Haiti,HTI,2015,0.632
Haiti,HTI,2016,0.776
Haiti,HTI,2017,0.639
Haiti,HTI,2019,0.636
Haiti,HTI,2018,0.638
Niger,NER,2011,0.683
Niger,NER,2012,0.678
Niger,NER,2013,0.674
Niger,NER,2014,0.67
Niger,NER,2015,0.668
Niger,NER,2016,0.659
Niger,NER,2017,0.646
Niger,NER,2019,0.642
Niger,NER,2018,0.645
Tanzania (United Republic of),TZA,2011,0.577
Tanzania (United Republic of),TZA,2012,0.575
Tanzania (United Republic of),TZA,2013,0.572
Tanzania (United Republic of),TZA,2014,0.568
Tanzania (United Republic of),TZA,2015,0.565
Tanzania (United Republic of),TZA,2016,0.56
Tanzania (United Republic of),TZA,2017,0.557
Tanzania (United Republic of),TZA,2019,0.556
Tanzania (United Republic of),TZA,2018,0.556
Bhutan,BTN,2012,0.507
Bhutan,BTN,2013,0.536
Bhutan,BTN,2014,0.512
Bhutan,BTN,2015,0.492
Bhutan,BTN,2016,0.481
Bhutan,BTN,2017,0.47
Bhutan,BTN,2019,0.421
Bhutan,BTN,2018,0.428
Egypt,EGY,2012,0.574
Egypt,EGY,2016,0.452
Egypt,EGY,2017,0.451
Egypt,EGY,2019,0.449
Egypt,EGY,2018,0.45
Saint Lucia,LCA,2013,0.417
Saint Lucia,LCA,2014,0.412
Saint Lucia,LCA,2015,0.408
Saint Lucia,LCA,2016,0.407
Saint Lucia,LCA,2017,0.405
Saint Lucia,LCA,2019,0.401
Saint Lucia,LCA,2018,0.403
Angola,AGO,2014,0.537
Angola,AGO,2015,0.534
Angola,AGO,2016,0.531
Angola,AGO,2017,0.539
Angola,AGO,2019,0.536
Angola,AGO,2018,0.537
Fiji,FJI,2014,0.377
Fiji,FJI,2015,0.371
Fiji,FJI,2016,0.374
Fiji,FJI,2017,0.38
Fiji,FJI,2019,0.37
Fiji,FJI,2018,0.369
Cabo Verde,CPV,2015,0.416
Cabo Verde,CPV,2016,0.404
Cabo Verde,CPV,2017,0.4
Cabo Verde,CPV,2019,0.397
Cabo Verde,CPV,2018,0.398
North Macedonia,MKD,2015,0.162
North Macedonia,MKD,2016,0.162
North Macedonia,MKD,2017,0.152
North Macedonia,MKD,2019,0.143
North Macedonia,MKD,2018,0.147
Chad,TCD,2015,0.714
Chad,TCD,2016,0.713
Chad,TCD,2017,0.718
Chad,TCD,2019,0.71
Chad,TCD,2018,0.709
Brunei Darussalam,BRN,2016,0.299
Brunei Darussalam,BRN,2017,0.269
Brunei Darussalam,BRN,2019,0.255
Brunei Darussalam,BRN,2018,0.262
