country_name,country_code,year,Total population (millions)
Afghanistan,AFG,2010,29.186
Afghanistan,AFG,2011,30.117
Afghanistan,AFG,2012,31.161
Afghanistan,AFG,2013,32.27
Afghanistan,AFG,2014,33.371
Afghanistan,AFG,2015,34.414
Afghanistan,AFG,2016,35.383
Afghanistan,AFG,2017,36.296
Afghanistan,AFG,2018,37.172
Afghanistan,AFG,2019,38.042
Angola,AGO,2010,23.356
Angola,AGO,2011,24.221
Angola,AGO,2012,25.108
Angola,AGO,2013,26.016
Angola,AGO,2014,26.942
Angola,AGO,2015,27.884
Angola,AGO,2016,28.842
Angola,AGO,2017,29.817
Angola,AGO,2018,30.81
Angola,AGO,2019,31.825
Albania,ALB,2010,2.948
Albania,ALB,2011,2.929
Albania,ALB,2012,2.914
Albania,ALB,2013,2.904
Albania,ALB,2014,2.896
Albania,ALB,2015,2.891
Albania,ALB,2016,2.886
Albania,ALB,2017,2.884
Albania,ALB,2018,2.883
Albania,ALB,2019,2.881
Andorra,AND,2010,0.084
Andorra,AND,2011,0.084
Andorra,AND,2012,0.082
Andorra,AND,2013,0.081
Andorra,AND,2014,0.079
Andorra,AND,2015,0.078
Andorra,AND,2016,0.077
Andorra,AND,2017,0.077
Andorra,AND,2018,0.077
Andorra,AND,2019,0.077
United Arab Emirates,ARE,2010,8.55
United Arab Emirates,ARE,2011,8.947
United Arab Emirates,ARE,2012,9.142
United Arab Emirates,ARE,2013,9.198
United Arab Emirates,ARE,2014,9.214
United Arab Emirates,ARE,2015,9.263
United Arab Emirates,ARE,2016,9.361
United Arab Emirates,ARE,2017,9.487
United Arab Emirates,ARE,2018,9.631
United Arab Emirates,ARE,2019,9.771
Argentina,ARG,2010,40.896
Argentina,ARG,2011,41.32
Argentina,ARG,2012,41.755
Argentina,ARG,2013,42.196
Argentina,ARG,2014,42.638
Argentina,ARG,2015,43.075
Argentina,ARG,2016,43.508
Argentina,ARG,2017,43.937
Argentina,ARG,2018,44.361
Argentina,ARG,2019,44.781
Armenia,ARM,2010,2.877
Armenia,ARM,2011,2.877
Armenia,ARM,2012,2.884
Armenia,ARM,2013,2.898
Armenia,ARM,2014,2.912
Armenia,ARM,2015,2.926
Armenia,ARM,2016,2.936
Armenia,ARM,2017,2.945
Armenia,ARM,2018,2.952
Armenia,ARM,2019,2.958
Antigua and Barbuda,ATG,2010,0.088
Antigua and Barbuda,ATG,2011,0.089
Antigua and Barbuda,ATG,2012,0.09
Antigua and Barbuda,ATG,2013,0.092
Antigua and Barbuda,ATG,2014,0.093
Antigua and Barbuda,ATG,2015,0.094
Antigua and Barbuda,ATG,2016,0.095
Antigua and Barbuda,ATG,2017,0.095
Antigua and Barbuda,ATG,2018,0.096
Antigua and Barbuda,ATG,2019,0.097
Australia,AUS,2010,22.155
Australia,AUS,2011,22.538
Australia,AUS,2012,22.904
Australia,AUS,2013,23.255
Australia,AUS,2014,23.596
Australia,AUS,2015,23.932
Australia,AUS,2016,24.263
Australia,AUS,2017,24.585
Australia,AUS,2018,24.898
Australia,AUS,2019,25.203
Austria,AUT,2010,8.41
Austria,AUT,2011,8.454
Austria,AUT,2012,8.502
Austria,AUT,2013,8.556
Austria,AUT,2014,8.615
Austria,AUT,2015,8.679
Austria,AUT,2016,8.747
Austria,AUT,2017,8.82
Austria,AUT,2018,8.891
Austria,AUT,2019,8.955
Azerbaijan,AZE,2010,9.032
Azerbaijan,AZE,2011,9.146
Azerbaijan,AZE,2012,9.265
Azerbaijan,AZE,2013,9.385
Azerbaijan,AZE,2014,9.506
Azerbaijan,AZE,2015,9.623
Azerbaijan,AZE,2016,9.736
Azerbaijan,AZE,2017,9.845
Azerbaijan,AZE,2018,9.95
Azerbaijan,AZE,2019,10.048
Burundi,BDI,2010,8.676
Burundi,BDI,2011,8.958
Burundi,BDI,2012,9.246
Burundi,BDI,2013,9.54
Burundi,BDI,2014,9.844
Burundi,BDI,2015,10.16
Burundi,BDI,2016,10.488
Burundi,BDI,2017,10.827
Burundi,BDI,2018,11.175
Burundi,BDI,2019,11.531
Belgium,BEL,2010,10.939
Belgium,BEL,2011,11.014
Belgium,BEL,2012,11.085
Belgium,BEL,2013,11.154
Belgium,BEL,2014,11.221
Belgium,BEL,2015,11.288
Belgium,BEL,2016,11.354
Belgium,BEL,2017,11.42
Belgium,BEL,2018,11.482
Belgium,BEL,2019,11.539
Benin,BEN,2010,9.199
Benin,BEN,2011,9.461
Benin,BEN,2012,9.729
Benin,BEN,2013,10.005
Benin,BEN,2014,10.287
Benin,BEN,2015,10.576
Benin,BEN,2016,10.872
Benin,BEN,2017,11.175
Benin,BEN,2018,11.485
Benin,BEN,2019,11.801
Burkina Faso,BFA,2010,15.605
Burkina Faso,BFA,2011,16.082
Burkina Faso,BFA,2012,16.571
Burkina Faso,BFA,2013,17.073
Burkina Faso,BFA,2014,17.586
Burkina Faso,BFA,2015,18.111
Burkina Faso,BFA,2016,18.646
Burkina Faso,BFA,2017,19.193
Burkina Faso,BFA,2018,19.751
Burkina Faso,BFA,2019,20.321
Bangladesh,BGD,2010,147.575
Bangladesh,BGD,2011,149.273
Bangladesh,BGD,2012,151.006
Bangladesh,BGD,2013,152.761
Bangladesh,BGD,2014,154.517
Bangladesh,BGD,2015,156.256
Bangladesh,BGD,2016,157.977
Bangladesh,BGD,2017,159.685
Bangladesh,BGD,2018,161.377
Bangladesh,BGD,2019,163.046
Bulgaria,BGR,2010,7.425
Bulgaria,BGR,2011,7.379
Bulgaria,BGR,2012,7.334
Bulgaria,BGR,2013,7.29
Bulgaria,BGR,2014,7.246
Bulgaria,BGR,2015,7.2
Bulgaria,BGR,2016,7.152
Bulgaria,BGR,2017,7.102
Bulgaria,BGR,2018,7.052
Bulgaria,BGR,2019,7.0
Bahrain,BHR,2010,1.241
Bahrain,BHR,2011,1.278
Bahrain,BHR,2012,1.3
Bahrain,BHR,2013,1.315
Bahrain,BHR,2014,1.336
Bahrain,BHR,2015,1.372
Bahrain,BHR,2016,1.426
Bahrain,BHR,2017,1.494
Bahrain,BHR,2018,1.569
Bahrain,BHR,2019,1.641
Bahamas,BHS,2010,0.355
Bahamas,BHS,2011,0.36
Bahamas,BHS,2012,0.364
Bahamas,BHS,2013,0.367
Bahamas,BHS,2014,0.371
Bahamas,BHS,2015,0.374
Bahamas,BHS,2016,0.378
Bahamas,BHS,2017,0.382
Bahamas,BHS,2018,0.386
Bahamas,BHS,2019,0.389
Bosnia and Herzegovina,BIH,2010,3.705
Bosnia and Herzegovina,BIH,2011,3.661
Bosnia and Herzegovina,BIH,2012,3.605
Bosnia and Herzegovina,BIH,2013,3.543
Bosnia and Herzegovina,BIH,2014,3.482
Bosnia and Herzegovina,BIH,2015,3.429
Bosnia and Herzegovina,BIH,2016,3.386
Bosnia and Herzegovina,BIH,2017,3.352
Bosnia and Herzegovina,BIH,2018,3.324
Bosnia and Herzegovina,BIH,2019,3.301
Belarus,BLR,2010,9.421
Belarus,BLR,2011,9.415
Belarus,BLR,2012,9.417
Belarus,BLR,2013,9.424
Belarus,BLR,2014,9.432
Belarus,BLR,2015,9.439
Belarus,BLR,2016,9.446
Belarus,BLR,2017,9.45
Belarus,BLR,2018,9.453
Belarus,BLR,2019,9.452
Belize,BLZ,2010,0.322
Belize,BLZ,2011,0.33
Belize,BLZ,2012,0.338
Belize,BLZ,2013,0.346
Belize,BLZ,2014,0.353
Belize,BLZ,2015,0.361
Belize,BLZ,2016,0.368
Belize,BLZ,2017,0.376
Belize,BLZ,2018,0.383
Belize,BLZ,2019,0.39
Bolivia (Plurinational State of),BOL,2010,10.049
Bolivia (Plurinational State of),BOL,2011,10.213
Bolivia (Plurinational State of),BOL,2012,10.378
Bolivia (Plurinational State of),BOL,2013,10.542
Bolivia (Plurinational State of),BOL,2014,10.707
Bolivia (Plurinational State of),BOL,2015,10.87
Bolivia (Plurinational State of),BOL,2016,11.032
Bolivia (Plurinational State of),BOL,2017,11.193
Bolivia (Plurinational State of),BOL,2018,11.353
Bolivia (Plurinational State of),BOL,2019,11.513
Brazil,BRA,2010,195.714
Brazil,BRA,2011,197.515
Brazil,BRA,2012,199.287
Brazil,BRA,2013,201.036
Brazil,BRA,2014,202.764
Brazil,BRA,2015,204.472
Brazil,BRA,2016,206.163
Brazil,BRA,2017,207.834
Brazil,BRA,2018,209.469
Brazil,BRA,2019,211.05
Barbados,BRB,2010,0.282
Barbados,BRB,2011,0.283
Barbados,BRB,2012,0.284
Barbados,BRB,2013,0.284
Barbados,BRB,2014,0.285
Barbados,BRB,2015,0.285
Barbados,BRB,2016,0.286
Barbados,BRB,2017,0.286
Barbados,BRB,2018,0.287
Barbados,BRB,2019,0.287
Brunei Darussalam,BRN,2010,0.389
Brunei Darussalam,BRN,2011,0.394
Brunei Darussalam,BRN,2012,0.399
Brunei Darussalam,BRN,2013,0.404
Brunei Darussalam,BRN,2014,0.41
Brunei Darussalam,BRN,2015,0.415
Brunei Darussalam,BRN,2016,0.42
Brunei Darussalam,BRN,2017,0.424
Brunei Darussalam,BRN,2018,0.429
Brunei Darussalam,BRN,2019,0.433
Bhutan,BTN,2010,0.686
Bhutan,BTN,2011,0.693
Bhutan,BTN,2012,0.702
Bhutan,BTN,2013,0.71
Bhutan,BTN,2014,0.719
Bhutan,BTN,2015,0.728
Bhutan,BTN,2016,0.737
Bhutan,BTN,2017,0.746
Bhutan,BTN,2018,0.754
Bhutan,BTN,2019,0.763
Botswana,BWA,2010,1.987
Botswana,BWA,2011,2.015
Botswana,BWA,2012,2.04
Botswana,BWA,2013,2.063
Botswana,BWA,2014,2.089
Botswana,BWA,2015,2.121
Botswana,BWA,2016,2.16
Botswana,BWA,2017,2.205
Botswana,BWA,2018,2.254
Botswana,BWA,2019,2.304
Central African Republic,CAF,2010,4.387
Central African Republic,CAF,2011,4.419
Central African Republic,CAF,2012,4.436
Central African Republic,CAF,2013,4.448
Central African Republic,CAF,2014,4.464
Central African Republic,CAF,2015,4.493
Central African Republic,CAF,2016,4.538
Central African Republic,CAF,2017,4.596
Central African Republic,CAF,2018,4.666
Central African Republic,CAF,2019,4.745
Canada,CAN,2010,34.148
Canada,CAN,2011,34.539
Canada,CAN,2012,34.922
Canada,CAN,2013,35.297
Canada,CAN,2014,35.664
Canada,CAN,2015,36.027
Canada,CAN,2016,36.383
Canada,CAN,2017,36.732
Canada,CAN,2018,37.075
Canada,CAN,2019,37.411
Switzerland,CHE,2010,7.809
Switzerland,CHE,2011,7.907
Switzerland,CHE,2012,8.008
Switzerland,CHE,2013,8.109
Switzerland,CHE,2014,8.206
Switzerland,CHE,2015,8.297
Switzerland,CHE,2016,8.38
Switzerland,CHE,2017,8.456
Switzerland,CHE,2018,8.526
Switzerland,CHE,2019,8.591
Chile,CHL,2010,17.063
Chile,CHL,2011,17.234
Chile,CHL,2012,17.4
Chile,CHL,2013,17.572
Chile,CHL,2014,17.759
Chile,CHL,2015,17.969
Chile,CHL,2016,18.209
Chile,CHL,2017,18.47
Chile,CHL,2018,18.729
Chile,CHL,2019,18.952
China,CHN,2010,1368.811
China,CHN,2011,1376.498
China,CHN,2012,1384.206
China,CHN,2013,1391.883
China,CHN,2014,1399.454
China,CHN,2015,1406.848
China,CHN,2016,1414.049
China,CHN,2017,1421.022
China,CHN,2018,1427.648
China,CHN,2019,1433.784
Cote d'Ivoire,CIV,2010,20.533
Cote d'Ivoire,CIV,2011,21.029
Cote d'Ivoire,CIV,2012,21.547
Cote d'Ivoire,CIV,2013,22.088
Cote d'Ivoire,CIV,2014,22.648
Cote d'Ivoire,CIV,2015,23.226
Cote d'Ivoire,CIV,2016,23.823
Cote d'Ivoire,CIV,2017,24.437
Cote d'Ivoire,CIV,2018,25.069
Cote d'Ivoire,CIV,2019,25.717
Cameroon,CMR,2010,20.341
Cameroon,CMR,2011,20.906
Cameroon,CMR,2012,21.485
Cameroon,CMR,2013,22.077
Cameroon,CMR,2014,22.682
Cameroon,CMR,2015,23.298
Cameroon,CMR,2016,23.927
Cameroon,CMR,2017,24.566
Cameroon,CMR,2018,25.216
Cameroon,CMR,2019,25.876
Congo (Democratic Republic of the),COD,2010,64.564
Congo (Democratic Republic of the),COD,2011,66.755
Congo (Democratic Republic of the),COD,2012,69.021
Congo (Democratic Republic of the),COD,2013,71.359
Congo (Democratic Republic of the),COD,2014,73.767
Congo (Democratic Republic of the),COD,2015,76.245
Congo (Democratic Republic of the),COD,2016,78.789
Congo (Democratic Republic of the),COD,2017,81.399
Congo (Democratic Republic of the),COD,2018,84.068
Congo (Democratic Republic of the),COD,2019,86.791
Congo,COG,2010,4.274
Congo,COG,2011,4.395
Congo,COG,2012,4.51
Congo,COG,2013,4.623
Congo,COG,2014,4.737
Congo,COG,2015,4.856
Congo,COG,2016,4.981
Congo,COG,2017,5.111
Congo,COG,2018,5.244
Congo,COG,2019,5.381
Colombia,COL,2010,45.223
Colombia,COL,2011,45.663
Colombia,COL,2012,46.076
Colombia,COL,2013,46.495
Colombia,COL,2014,46.968
Colombia,COL,2015,47.521
Colombia,COL,2016,48.175
Colombia,COL,2017,48.91
Colombia,COL,2018,49.661
Colombia,COL,2019,50.339
Comoros,COM,2010,0.69
Comoros,COM,2011,0.707
Comoros,COM,2012,0.724
Comoros,COM,2013,0.742
Comoros,COM,2014,0.759
Comoros,COM,2015,0.777
Comoros,COM,2016,0.796
Comoros,COM,2017,0.814
Comoros,COM,2018,0.832
Comoros,COM,2019,0.851
Cabo Verde,CPV,2010,0.493
Cabo Verde,CPV,2011,0.499
Cabo Verde,CPV,2012,0.505
Cabo Verde,CPV,2013,0.512
Cabo Verde,CPV,2014,0.518
Cabo Verde,CPV,2015,0.525
Cabo Verde,CPV,2016,0.531
Cabo Verde,CPV,2017,0.537
Cabo Verde,CPV,2018,0.544
Cabo Verde,CPV,2019,0.55
Costa Rica,CRI,2010,4.577
Costa Rica,CRI,2011,4.633
Costa Rica,CRI,2012,4.688
Costa Rica,CRI,2013,4.742
Costa Rica,CRI,2014,4.795
Costa Rica,CRI,2015,4.848
Costa Rica,CRI,2016,4.899
Costa Rica,CRI,2017,4.95
Costa Rica,CRI,2018,4.999
Costa Rica,CRI,2019,5.048
Cuba,CUB,2010,11.226
Cuba,CUB,2011,11.237
Cuba,CUB,2012,11.257
Cuba,CUB,2013,11.283
Cuba,CUB,2014,11.307
Cuba,CUB,2015,11.325
Cuba,CUB,2016,11.335
Cuba,CUB,2017,11.339
Cuba,CUB,2018,11.338
Cuba,CUB,2019,11.333
Cyprus,CYP,2010,1.113
Cyprus,CYP,2011,1.125
Cyprus,CYP,2012,1.135
Cyprus,CYP,2013,1.144
Cyprus,CYP,2014,1.152
Cyprus,CYP,2015,1.161
Cyprus,CYP,2016,1.17
Cyprus,CYP,2017,1.18
Cyprus,CYP,2018,1.189
Cyprus,CYP,2019,1.199
Czechia,CZE,2010,10.537
Czechia,CZE,2011,10.567
Czechia,CZE,2012,10.581
Czechia,CZE,2013,10.587
Czechia,CZE,2014,10.591
Czechia,CZE,2015,10.601
Czechia,CZE,2016,10.619
Czechia,CZE,2017,10.641
Czechia,CZE,2018,10.666
Czechia,CZE,2019,10.689
Germany,DEU,2010,80.827
Germany,DEU,2011,80.856
Germany,DEU,2012,80.973
Germany,DEU,2013,81.174
Germany,DEU,2014,81.45
Germany,DEU,2015,81.787
Germany,DEU,2016,82.194
Germany,DEU,2017,82.658
Germany,DEU,2018,83.124
Germany,DEU,2019,83.517
Djibouti,DJI,2010,0.84
Djibouti,DJI,2011,0.854
Djibouti,DJI,2012,0.868
Djibouti,DJI,2013,0.883
Djibouti,DJI,2014,0.899
Djibouti,DJI,2015,0.914
Djibouti,DJI,2016,0.929
Djibouti,DJI,2017,0.944
Djibouti,DJI,2018,0.959
Djibouti,DJI,2019,0.974
Dominica,DMA,2010,0.071
Dominica,DMA,2011,0.071
Dominica,DMA,2012,0.071
Dominica,DMA,2013,0.071
Dominica,DMA,2014,0.071
Dominica,DMA,2015,0.071
Dominica,DMA,2016,0.071
Dominica,DMA,2017,0.071
Dominica,DMA,2018,0.072
Dominica,DMA,2019,0.072
Denmark,DNK,2010,5.555
Denmark,DNK,2011,5.583
Denmark,DNK,2012,5.611
Denmark,DNK,2013,5.638
Denmark,DNK,2014,5.664
Denmark,DNK,2015,5.689
Denmark,DNK,2016,5.711
Denmark,DNK,2017,5.732
Denmark,DNK,2018,5.752
Denmark,DNK,2019,5.772
Dominican Republic,DOM,2010,9.695
Dominican Republic,DOM,2011,9.813
Dominican Republic,DOM,2012,9.931
Dominican Republic,DOM,2013,10.048
Dominican Republic,DOM,2014,10.165
Dominican Republic,DOM,2015,10.282
Dominican Republic,DOM,2016,10.398
Dominican Republic,DOM,2017,10.513
Dominican Republic,DOM,2018,10.627
Dominican Republic,DOM,2019,10.739
Algeria,DZA,2010,35.977
Algeria,DZA,2011,36.661
Algeria,DZA,2012,37.384
Algeria,DZA,2013,38.14
Algeria,DZA,2014,38.924
Algeria,DZA,2015,39.728
Algeria,DZA,2016,40.551
Algeria,DZA,2017,41.389
Algeria,DZA,2018,42.228
Algeria,DZA,2019,43.053
Ecuador,ECU,2010,15.011
Ecuador,ECU,2011,15.244
Ecuador,ECU,2012,15.474
Ecuador,ECU,2013,15.707
Ecuador,ECU,2014,15.952
Ecuador,ECU,2015,16.212
Ecuador,ECU,2016,16.491
Ecuador,ECU,2017,16.785
Ecuador,ECU,2018,17.084
Ecuador,ECU,2019,17.374
Egypt,EGY,2010,82.761
Egypt,EGY,2011,84.529
Egypt,EGY,2012,86.422
Egypt,EGY,2013,88.405
Egypt,EGY,2014,90.425
Egypt,EGY,2015,92.443
Egypt,EGY,2016,94.447
Egypt,EGY,2017,96.443
Egypt,EGY,2018,98.424
Egypt,EGY,2019,100.388
Eritrea,ERI,2010,3.17
Eritrea,ERI,2011,3.214
Eritrea,ERI,2012,3.25
Eritrea,ERI,2013,3.281
Eritrea,ERI,2014,3.311
Eritrea,ERI,2015,3.343
Eritrea,ERI,2016,3.377
Eritrea,ERI,2017,3.413
Eritrea,ERI,2018,3.453
Eritrea,ERI,2019,3.497
Spain,ESP,2010,46.931
Spain,ESP,2011,47.084
Spain,ESP,2012,47.063
Spain,ESP,2013,46.931
Spain,ESP,2014,46.778
Spain,ESP,2015,46.672
Spain,ESP,2016,46.634
Spain,ESP,2017,46.647
Spain,ESP,2018,46.693
Spain,ESP,2019,46.737
Estonia,EST,2010,1.332
Estonia,EST,2011,1.328
Estonia,EST,2012,1.323
Estonia,EST,2013,1.319
Estonia,EST,2014,1.316
Estonia,EST,2015,1.315
Estonia,EST,2016,1.317
Estonia,EST,2017,1.319
Estonia,EST,2018,1.323
Estonia,EST,2019,1.326
Ethiopia,ETH,2010,87.64
Ethiopia,ETH,2011,90.14
Ethiopia,ETH,2012,92.727
Ethiopia,ETH,2013,95.386
Ethiopia,ETH,2014,98.094
Ethiopia,ETH,2015,100.835
Ethiopia,ETH,2016,103.603
Ethiopia,ETH,2017,106.4
Ethiopia,ETH,2018,109.224
Ethiopia,ETH,2019,112.079
Finland,FIN,2010,5.366
Finland,FIN,2011,5.39
Finland,FIN,2012,5.415
Finland,FIN,2013,5.439
Finland,FIN,2014,5.461
Finland,FIN,2015,5.481
Finland,FIN,2016,5.498
Finland,FIN,2017,5.511
Finland,FIN,2018,5.523
Finland,FIN,2019,5.532
Fiji,FJI,2010,0.86
Fiji,FJI,2011,0.863
Fiji,FJI,2012,0.865
Fiji,FJI,2013,0.866
Fiji,FJI,2014,0.866
Fiji,FJI,2015,0.869
Fiji,FJI,2016,0.872
Fiji,FJI,2017,0.877
Fiji,FJI,2018,0.883
Fiji,FJI,2019,0.89
France,FRA,2010,62.88
France,FRA,2011,63.222
France,FRA,2012,63.564
France,FRA,2013,63.894
France,FRA,2014,64.194
France,FRA,2015,64.453
France,FRA,2016,64.668
France,FRA,2017,64.843
France,FRA,2018,64.991
France,FRA,2019,65.13
Micronesia (Federated States of),FSM,2010,0.103
Micronesia (Federated States of),FSM,2011,0.103
Micronesia (Federated States of),FSM,2012,0.105
Micronesia (Federated States of),FSM,2013,0.106
Micronesia (Federated States of),FSM,2014,0.107
Micronesia (Federated States of),FSM,2015,0.109
Micronesia (Federated States of),FSM,2016,0.11
Micronesia (Federated States of),FSM,2017,0.111
Micronesia (Federated States of),FSM,2018,0.113
Micronesia (Federated States of),FSM,2019,0.114
Gabon,GAB,2010,1.624
Gabon,GAB,2011,1.685
Gabon,GAB,2012,1.75
Gabon,GAB,2013,1.817
Gabon,GAB,2014,1.884
Gabon,GAB,2015,1.948
Gabon,GAB,2016,2.008
Gabon,GAB,2017,2.065
Gabon,GAB,2018,2.119
Gabon,GAB,2019,2.173
United Kingdom,GBR,2010,63.46
United Kingdom,GBR,2011,64.022
United Kingdom,GBR,2012,64.525
United Kingdom,GBR,2013,64.984
United Kingdom,GBR,2014,65.423
United Kingdom,GBR,2015,65.86
United Kingdom,GBR,2016,66.298
United Kingdom,GBR,2017,66.727
United Kingdom,GBR,2018,67.142
United Kingdom,GBR,2019,67.53
Georgia,GEO,2010,4.099
Georgia,GEO,2011,4.081
Georgia,GEO,2012,4.064
Georgia,GEO,2013,4.049
Georgia,GEO,2014,4.035
Georgia,GEO,2015,4.024
Georgia,GEO,2016,4.015
Georgia,GEO,2017,4.009
Georgia,GEO,2018,4.003
Georgia,GEO,2019,3.997
Ghana,GHA,2010,24.78
Ghana,GHA,2011,25.388
Ghana,GHA,2012,25.996
Ghana,GHA,2013,26.608
Ghana,GHA,2014,27.224
Ghana,GHA,2015,27.849
Ghana,GHA,2016,28.482
Ghana,GHA,2017,29.121
Ghana,GHA,2018,29.767
Ghana,GHA,2019,30.418
Guinea,GIN,2010,10.192
Guinea,GIN,2011,10.42
Guinea,GIN,2012,10.652
Guinea,GIN,2013,10.893
Guinea,GIN,2014,11.151
Guinea,GIN,2015,11.432
Guinea,GIN,2016,11.738
Guinea,GIN,2017,12.068
Guinea,GIN,2018,12.414
Guinea,GIN,2019,12.771
Gambia,GMB,2010,1.793
Gambia,GMB,2011,1.848
Gambia,GMB,2012,1.905
Gambia,GMB,2013,1.964
Gambia,GMB,2014,2.024
Gambia,GMB,2015,2.086
Gambia,GMB,2016,2.149
Gambia,GMB,2017,2.214
Gambia,GMB,2018,2.28
Gambia,GMB,2019,2.348
Guinea-Bissau,GNB,2010,1.523
Guinea-Bissau,GNB,2011,1.563
Guinea-Bissau,GNB,2012,1.605
Guinea-Bissau,GNB,2013,1.648
Guinea-Bissau,GNB,2014,1.692
Guinea-Bissau,GNB,2015,1.737
Guinea-Bissau,GNB,2016,1.782
Guinea-Bissau,GNB,2017,1.828
Guinea-Bissau,GNB,2018,1.874
Guinea-Bissau,GNB,2019,1.921
Equatorial Guinea,GNQ,2010,0.944
Equatorial Guinea,GNQ,2011,0.987
Equatorial Guinea,GNQ,2012,1.031
Equatorial Guinea,GNQ,2013,1.076
Equatorial Guinea,GNQ,2014,1.122
Equatorial Guinea,GNQ,2015,1.169
Equatorial Guinea,GNQ,2016,1.215
Equatorial Guinea,GNQ,2017,1.262
Equatorial Guinea,GNQ,2018,1.309
Equatorial Guinea,GNQ,2019,1.356
Greece,GRC,2010,10.888
Greece,GRC,2011,10.829
Greece,GRC,2012,10.781
Greece,GRC,2013,10.741
Greece,GRC,2014,10.701
Greece,GRC,2015,10.66
Greece,GRC,2016,10.615
Greece,GRC,2017,10.569
Greece,GRC,2018,10.522
Greece,GRC,2019,10.473
Grenada,GRD,2010,0.106
Grenada,GRD,2011,0.107
Grenada,GRD,2012,0.107
Grenada,GRD,2013,0.108
Grenada,GRD,2014,0.109
Grenada,GRD,2015,0.11
Grenada,GRD,2016,0.11
Grenada,GRD,2017,0.111
Grenada,GRD,2018,0.111
Grenada,GRD,2019,0.112
Guatemala,GTM,2010,14.63
Guatemala,GTM,2011,14.949
Guatemala,GTM,2012,15.271
Guatemala,GTM,2013,15.596
Guatemala,GTM,2014,15.923
Guatemala,GTM,2015,16.252
Guatemala,GTM,2016,16.583
Guatemala,GTM,2017,16.915
Guatemala,GTM,2018,17.248
Guatemala,GTM,2019,17.581
Guyana,GUY,2010,0.749
Guyana,GUY,2011,0.752
Guyana,GUY,2012,0.755
Guyana,GUY,2013,0.759
Guyana,GUY,2014,0.763
Guyana,GUY,2015,0.767
Guyana,GUY,2016,0.771
Guyana,GUY,2017,0.775
Guyana,GUY,2018,0.779
Guyana,GUY,2019,0.783
"Hong Kong, China (SAR)",HKG,2010,6.966
"Hong Kong, China (SAR)",HKG,2011,7.007
"Hong Kong, China (SAR)",HKG,2012,7.047
"Hong Kong, China (SAR)",HKG,2013,7.089
"Hong Kong, China (SAR)",HKG,2014,7.135
"Hong Kong, China (SAR)",HKG,2015,7.186
"Hong Kong, China (SAR)",HKG,2016,7.244
"Hong Kong, China (SAR)",HKG,2017,7.306
"Hong Kong, China (SAR)",HKG,2018,7.372
"Hong Kong, China (SAR)",HKG,2019,7.436
Honduras,HND,2010,8.317
Honduras,HND,2011,8.481
Honduras,HND,2012,8.641
Honduras,HND,2013,8.799
Honduras,HND,2014,8.956
Honduras,HND,2015,9.113
Honduras,HND,2016,9.271
Honduras,HND,2017,9.429
Honduras,HND,2018,9.588
Honduras,HND,2019,9.746
Croatia,HRV,2010,4.328
Croatia,HRV,2011,4.313
Croatia,HRV,2012,4.296
Croatia,HRV,2013,4.277
Croatia,HRV,2014,4.256
Croatia,HRV,2015,4.233
Croatia,HRV,2016,4.209
Croatia,HRV,2017,4.183
Croatia,HRV,2018,4.156
Croatia,HRV,2019,4.13
Haiti,HTI,2010,9.949
Haiti,HTI,2011,10.1
Haiti,HTI,2012,10.251
Haiti,HTI,2013,10.401
Haiti,HTI,2014,10.549
Haiti,HTI,2015,10.696
Haiti,HTI,2016,10.84
Haiti,HTI,2017,10.982
Haiti,HTI,2018,11.123
Haiti,HTI,2019,11.263
Hungary,HUN,2010,9.927
Hungary,HUN,2011,9.896
Hungary,HUN,2012,9.864
Hungary,HUN,2013,9.834
Hungary,HUN,2014,9.805
Hungary,HUN,2015,9.778
Hungary,HUN,2016,9.753
Hungary,HUN,2017,9.73
Hungary,HUN,2018,9.708
Hungary,HUN,2019,9.685
Indonesia,IDN,2010,241.834
Indonesia,IDN,2011,245.116
Indonesia,IDN,2012,248.452
Indonesia,IDN,2013,251.805
Indonesia,IDN,2014,255.128
Indonesia,IDN,2015,258.383
Indonesia,IDN,2016,261.556
Indonesia,IDN,2017,264.651
Indonesia,IDN,2018,267.671
Indonesia,IDN,2019,270.626
India,IND,2010,1234.281
India,IND,2011,1250.288
India,IND,2012,1265.78
India,IND,2013,1280.842
India,IND,2014,1295.601
India,IND,2015,1310.152
India,IND,2016,1324.517
India,IND,2017,1338.677
India,IND,2018,1352.642
India,IND,2019,1366.418
Ireland,IRL,2010,4.554
Ireland,IRL,2011,4.591
Ireland,IRL,2012,4.608
Ireland,IRL,2013,4.615
Ireland,IRL,2014,4.627
Ireland,IRL,2015,4.652
Ireland,IRL,2016,4.696
Ireland,IRL,2017,4.753
Ireland,IRL,2018,4.819
Ireland,IRL,2019,4.882
Iran (Islamic Republic of),IRN,2010,73.763
Iran (Islamic Republic of),IRN,2011,74.635
Iran (Islamic Republic of),IRN,2012,75.54
Iran (Islamic Republic of),IRN,2013,76.482
Iran (Islamic Republic of),IRN,2014,77.466
Iran (Islamic Republic of),IRN,2015,78.492
Iran (Islamic Republic of),IRN,2016,79.564
Iran (Islamic Republic of),IRN,2017,80.674
Iran (Islamic Republic of),IRN,2018,81.8
Iran (Islamic Republic of),IRN,2019,82.914
Iraq,IRQ,2010,29.742
Iraq,IRQ,2011,30.725
Iraq,IRQ,2012,31.89
Iraq,IRQ,2013,33.157
Iraq,IRQ,2014,34.412
Iraq,IRQ,2015,35.572
Iraq,IRQ,2016,36.611
Iraq,IRQ,2017,37.553
Iraq,IRQ,2018,38.434
Iraq,IRQ,2019,39.31
Iceland,ISL,2010,0.32
Iceland,ISL,2011,0.323
Iceland,ISL,2012,0.326
Iceland,ISL,2013,0.327
Iceland,ISL,2014,0.329
Iceland,ISL,2015,0.33
Iceland,ISL,2016,0.332
Iceland,ISL,2017,0.334
Iceland,ISL,2018,0.337
Iceland,ISL,2019,0.339
Israel,ISR,2010,7.346
Israel,ISR,2011,7.487
Israel,ISR,2012,7.615
Israel,ISR,2013,7.735
Israel,ISR,2014,7.854
Israel,ISR,2015,7.978
Israel,ISR,2016,8.109
Israel,ISR,2017,8.244
Israel,ISR,2018,8.382
Israel,ISR,2019,8.519
Italy,ITA,2010,59.325
Italy,ITA,2011,59.589
Italy,ITA,2012,59.879
Italy,ITA,2013,60.167
Italy,ITA,2014,60.41
Italy,ITA,2015,60.578
Italy,ITA,2016,60.663
Italy,ITA,2017,60.674
Italy,ITA,2018,60.627
Italy,ITA,2019,60.55
Jamaica,JAM,2010,2.81
Jamaica,JAM,2011,2.826
Jamaica,JAM,2012,2.842
Jamaica,JAM,2013,2.859
Jamaica,JAM,2014,2.875
Jamaica,JAM,2015,2.891
Jamaica,JAM,2016,2.906
Jamaica,JAM,2017,2.921
Jamaica,JAM,2018,2.935
Jamaica,JAM,2019,2.948
Jordan,JOR,2010,7.262
Jordan,JOR,2011,7.663
Jordan,JOR,2012,8.09
Jordan,JOR,2013,8.519
Jordan,JOR,2014,8.919
Jordan,JOR,2015,9.267
Jordan,JOR,2016,9.554
Jordan,JOR,2017,9.786
Jordan,JOR,2018,9.965
Jordan,JOR,2019,10.102
Japan,JPN,2010,128.542
Japan,JPN,2011,128.499
Japan,JPN,2012,128.424
Japan,JPN,2013,128.314
Japan,JPN,2014,128.169
Japan,JPN,2015,127.985
Japan,JPN,2016,127.763
Japan,JPN,2017,127.503
Japan,JPN,2018,127.202
Japan,JPN,2019,126.86
Kazakhstan,KAZ,2010,16.252
Kazakhstan,KAZ,2011,16.491
Kazakhstan,KAZ,2012,16.752
Kazakhstan,KAZ,2013,17.026
Kazakhstan,KAZ,2014,17.303
Kazakhstan,KAZ,2015,17.572
Kazakhstan,KAZ,2016,17.831
Kazakhstan,KAZ,2017,18.08
Kazakhstan,KAZ,2018,18.32
Kazakhstan,KAZ,2019,18.551
Kenya,KEN,2010,42.031
Kenya,KEN,2011,43.178
Kenya,KEN,2012,44.343
Kenya,KEN,2013,45.52
Kenya,KEN,2014,46.7
Kenya,KEN,2015,47.878
Kenya,KEN,2016,49.052
Kenya,KEN,2017,50.221
Kenya,KEN,2018,51.393
Kenya,KEN,2019,52.574
Kyrgyzstan,KGZ,2010,5.422
Kyrgyzstan,KGZ,2011,5.518
Kyrgyzstan,KGZ,2012,5.622
Kyrgyzstan,KGZ,2013,5.731
Kyrgyzstan,KGZ,2014,5.845
Kyrgyzstan,KGZ,2015,5.959
Kyrgyzstan,KGZ,2016,6.074
Kyrgyzstan,KGZ,2017,6.19
Kyrgyzstan,KGZ,2018,6.304
Kyrgyzstan,KGZ,2019,6.416
Cambodia,KHM,2010,14.312
Cambodia,KHM,2011,14.541
Cambodia,KHM,2012,14.78
Cambodia,KHM,2013,15.026
Cambodia,KHM,2014,15.275
Cambodia,KHM,2015,15.521
Cambodia,KHM,2016,15.766
Cambodia,KHM,2017,16.009
Cambodia,KHM,2018,16.25
Cambodia,KHM,2019,16.487
Kiribati,KIR,2010,0.103
Kiribati,KIR,2011,0.105
Kiribati,KIR,2012,0.106
Kiribati,KIR,2013,0.108
Kiribati,KIR,2014,0.109
Kiribati,KIR,2015,0.111
Kiribati,KIR,2016,0.113
Kiribati,KIR,2017,0.114
Kiribati,KIR,2018,0.116
Kiribati,KIR,2019,0.118
Saint Kitts and Nevis,KNA,2010,0.049
Saint Kitts and Nevis,KNA,2011,0.049
Saint Kitts and Nevis,KNA,2012,0.05
Saint Kitts and Nevis,KNA,2013,0.05
Saint Kitts and Nevis,KNA,2014,0.051
Saint Kitts and Nevis,KNA,2015,0.051
Saint Kitts and Nevis,KNA,2016,0.052
Saint Kitts and Nevis,KNA,2017,0.052
Saint Kitts and Nevis,KNA,2018,0.052
Saint Kitts and Nevis,KNA,2019,0.053
Korea (Republic of),KOR,2010,49.546
Korea (Republic of),KOR,2011,49.786
Korea (Republic of),KOR,2012,50.061
Korea (Republic of),KOR,2013,50.346
Korea (Republic of),KOR,2014,50.608
Korea (Republic of),KOR,2015,50.823
Korea (Republic of),KOR,2016,50.983
Korea (Republic of),KOR,2017,51.096
Korea (Republic of),KOR,2018,51.172
Korea (Republic of),KOR,2019,51.225
Kuwait,KWT,2010,2.992
Kuwait,KWT,2011,3.168
Kuwait,KWT,2012,3.349
Kuwait,KWT,2013,3.526
Kuwait,KWT,2014,3.691
Kuwait,KWT,2015,3.836
Kuwait,KWT,2016,3.957
Kuwait,KWT,2017,4.056
Kuwait,KWT,2018,4.137
Kuwait,KWT,2019,4.207
Lao People's Democratic Republic,LAO,2010,6.249
Lao People's Democratic Republic,LAO,2011,6.348
Lao People's Democratic Republic,LAO,2012,6.445
Lao People's Democratic Republic,LAO,2013,6.541
Lao People's Democratic Republic,LAO,2014,6.64
Lao People's Democratic Republic,LAO,2015,6.741
Lao People's Democratic Republic,LAO,2016,6.846
Lao People's Democratic Republic,LAO,2017,6.953
Lao People's Democratic Republic,LAO,2018,7.061
Lao People's Democratic Republic,LAO,2019,7.169
Lebanon,LBN,2010,4.953
Lebanon,LBN,2011,5.202
Lebanon,LBN,2012,5.538
Lebanon,LBN,2013,5.913
Lebanon,LBN,2014,6.261
Lebanon,LBN,2015,6.533
Lebanon,LBN,2016,6.714
Lebanon,LBN,2017,6.819
Lebanon,LBN,2018,6.859
Lebanon,LBN,2019,6.856
Liberia,LBR,2010,3.891
Liberia,LBR,2011,4.017
Liberia,LBR,2012,4.136
Liberia,LBR,2013,4.248
Liberia,LBR,2014,4.36
Liberia,LBR,2015,4.472
Liberia,LBR,2016,4.587
Liberia,LBR,2017,4.702
Liberia,LBR,2018,4.819
Liberia,LBR,2019,4.937
Libya,LBY,2010,6.198
Libya,LBY,2011,6.247
Libya,LBY,2012,6.286
Libya,LBY,2013,6.32
Libya,LBY,2014,6.362
Libya,LBY,2015,6.418
Libya,LBY,2016,6.492
Libya,LBY,2017,6.581
Libya,LBY,2018,6.679
Libya,LBY,2019,6.777
Saint Lucia,LCA,2010,0.174
Saint Lucia,LCA,2011,0.176
Saint Lucia,LCA,2012,0.177
Saint Lucia,LCA,2013,0.178
Saint Lucia,LCA,2014,0.178
Saint Lucia,LCA,2015,0.179
Saint Lucia,LCA,2016,0.18
Saint Lucia,LCA,2017,0.181
Saint Lucia,LCA,2018,0.182
Saint Lucia,LCA,2019,0.183
Liechtenstein,LIE,2010,0.036
Liechtenstein,LIE,2011,0.036
Liechtenstein,LIE,2012,0.037
Liechtenstein,LIE,2013,0.037
Liechtenstein,LIE,2014,0.037
Liechtenstein,LIE,2015,0.037
Liechtenstein,LIE,2016,0.038
Liechtenstein,LIE,2017,0.038
Liechtenstein,LIE,2018,0.038
Liechtenstein,LIE,2019,0.038
Sri Lanka,LKA,2010,20.262
Sri Lanka,LKA,2011,20.398
Sri Lanka,LKA,2012,20.533
Sri Lanka,LKA,2013,20.663
Sri Lanka,LKA,2014,20.789
Sri Lanka,LKA,2015,20.908
Sri Lanka,LKA,2016,21.021
Sri Lanka,LKA,2017,21.128
Sri Lanka,LKA,2018,21.229
Sri Lanka,LKA,2019,21.324
Lesotho,LSO,2010,1.996
Lesotho,LSO,2011,2.004
Lesotho,LSO,2012,2.015
Lesotho,LSO,2013,2.029
Lesotho,LSO,2014,2.043
Lesotho,LSO,2015,2.059
Lesotho,LSO,2016,2.075
Lesotho,LSO,2017,2.092
Lesotho,LSO,2018,2.108
Lesotho,LSO,2019,2.125
Lithuania,LTU,2010,3.124
Lithuania,LTU,2011,3.083
Lithuania,LTU,2012,3.046
Lithuania,LTU,2013,3.009
Lithuania,LTU,2014,2.971
Lithuania,LTU,2015,2.932
Lithuania,LTU,2016,2.89
Lithuania,LTU,2017,2.845
Lithuania,LTU,2018,2.801
Lithuania,LTU,2019,2.76
Luxembourg,LUX,2010,0.508
Luxembourg,LUX,2011,0.519
Luxembourg,LUX,2012,0.531
Luxembourg,LUX,2013,0.543
Luxembourg,LUX,2014,0.555
Luxembourg,LUX,2015,0.567
Luxembourg,LUX,2016,0.579
Luxembourg,LUX,2017,0.592
Luxembourg,LUX,2018,0.604
Luxembourg,LUX,2019,0.616
Latvia,LVA,2010,2.119
Latvia,LVA,2011,2.094
Latvia,LVA,2012,2.069
Latvia,LVA,2013,2.045
Latvia,LVA,2014,2.021
Latvia,LVA,2015,1.998
Latvia,LVA,2016,1.974
Latvia,LVA,2017,1.951
Latvia,LVA,2018,1.928
Latvia,LVA,2019,1.907
Morocco,MAR,2010,32.343
Morocco,MAR,2011,32.782
Morocco,MAR,2012,33.242
Morocco,MAR,2013,33.716
Morocco,MAR,2014,34.192
Morocco,MAR,2015,34.664
Morocco,MAR,2016,35.126
Morocco,MAR,2017,35.581
Morocco,MAR,2018,36.029
Morocco,MAR,2019,36.472
Monaco,MCO,2010,0.036
Monaco,MCO,2011,0.036
Monaco,MCO,2012,0.036
Monaco,MCO,2013,0.037
Monaco,MCO,2014,0.037
Monaco,MCO,2015,0.038
Monaco,MCO,2016,0.038
Monaco,MCO,2017,0.038
Monaco,MCO,2018,0.039
Monaco,MCO,2019,0.039
Moldova (Republic of),MDA,2010,4.086
Moldova (Republic of),MDA,2011,4.079
Moldova (Republic of),MDA,2012,4.076
Moldova (Republic of),MDA,2013,4.075
Moldova (Republic of),MDA,2014,4.073
Moldova (Republic of),MDA,2015,4.071
Moldova (Republic of),MDA,2016,4.066
Moldova (Republic of),MDA,2017,4.06
Moldova (Republic of),MDA,2018,4.052
Moldova (Republic of),MDA,2019,4.043
Madagascar,MDG,2010,21.152
Madagascar,MDG,2011,21.744
Madagascar,MDG,2012,22.347
Madagascar,MDG,2013,22.961
Madagascar,MDG,2014,23.59
Madagascar,MDG,2015,24.234
Madagascar,MDG,2016,24.894
Madagascar,MDG,2017,25.571
Madagascar,MDG,2018,26.262
Madagascar,MDG,2019,26.969
Maldives,MDV,2010,0.366
Maldives,MDV,2011,0.38
Maldives,MDV,2012,0.397
Maldives,MDV,2013,0.416
Maldives,MDV,2014,0.435
Maldives,MDV,2015,0.455
Maldives,MDV,2016,0.476
Maldives,MDV,2017,0.496
Maldives,MDV,2018,0.516
Maldives,MDV,2019,0.531
Mexico,MEX,2010,114.093
Mexico,MEX,2011,115.695
Mexico,MEX,2012,117.274
Mexico,MEX,2013,118.827
Mexico,MEX,2014,120.355
Mexico,MEX,2015,121.858
Mexico,MEX,2016,123.333
Mexico,MEX,2017,124.777
Mexico,MEX,2018,126.191
Mexico,MEX,2019,127.576
Marshall Islands,MHL,2010,0.056
Marshall Islands,MHL,2011,0.057
Marshall Islands,MHL,2012,0.057
Marshall Islands,MHL,2013,0.057
Marshall Islands,MHL,2014,0.057
Marshall Islands,MHL,2015,0.057
Marshall Islands,MHL,2016,0.058
Marshall Islands,MHL,2017,0.058
Marshall Islands,MHL,2018,0.058
Marshall Islands,MHL,2019,0.059
North Macedonia,MKD,2010,2.071
North Macedonia,MKD,2011,2.072
North Macedonia,MKD,2012,2.074
North Macedonia,MKD,2013,2.076
North Macedonia,MKD,2014,2.078
North Macedonia,MKD,2015,2.079
North Macedonia,MKD,2016,2.081
North Macedonia,MKD,2017,2.082
North Macedonia,MKD,2018,2.083
North Macedonia,MKD,2019,2.083
Mali,MLI,2010,15.049
Mali,MLI,2011,15.515
Mali,MLI,2012,15.979
Mali,MLI,2013,16.45
Mali,MLI,2014,16.934
Mali,MLI,2015,17.439
Mali,MLI,2016,17.965
Mali,MLI,2017,18.512
Mali,MLI,2018,19.078
Mali,MLI,2019,19.658
Malta,MLT,2010,0.414
Malta,MLT,2011,0.418
Malta,MLT,2012,0.422
Malta,MLT,2013,0.426
Malta,MLT,2014,0.43
Malta,MLT,2015,0.434
Malta,MLT,2016,0.436
Malta,MLT,2017,0.438
Malta,MLT,2018,0.439
Malta,MLT,2019,0.44
Myanmar,MMR,2010,50.601
Myanmar,MMR,2011,50.991
Myanmar,MMR,2012,51.414
Myanmar,MMR,2013,51.852
Myanmar,MMR,2014,52.281
Myanmar,MMR,2015,52.681
Myanmar,MMR,2016,53.045
Myanmar,MMR,2017,53.383
Myanmar,MMR,2018,53.708
Myanmar,MMR,2019,54.045
Montenegro,MNE,2010,0.624
Montenegro,MNE,2011,0.625
Montenegro,MNE,2012,0.626
Montenegro,MNE,2013,0.626
Montenegro,MNE,2014,0.627
Montenegro,MNE,2015,0.627
Montenegro,MNE,2016,0.627
Montenegro,MNE,2017,0.628
Montenegro,MNE,2018,0.628
Montenegro,MNE,2019,0.628
Mongolia,MNG,2010,2.72
Mongolia,MNG,2011,2.77
Mongolia,MNG,2012,2.825
Mongolia,MNG,2013,2.882
Mongolia,MNG,2014,2.94
Mongolia,MNG,2015,2.998
Mongolia,MNG,2016,3.056
Mongolia,MNG,2017,3.114
Mongolia,MNG,2018,3.17
Mongolia,MNG,2019,3.225
Mozambique,MOZ,2010,23.532
Mozambique,MOZ,2011,24.188
Mozambique,MOZ,2012,24.863
Mozambique,MOZ,2013,25.561
Mozambique,MOZ,2014,26.286
Mozambique,MOZ,2015,27.042
Mozambique,MOZ,2016,27.83
Mozambique,MOZ,2017,28.649
Mozambique,MOZ,2018,29.496
Mozambique,MOZ,2019,30.366
Mauritania,MRT,2010,3.494
Mauritania,MRT,2011,3.599
Mauritania,MRT,2012,3.707
Mauritania,MRT,2013,3.817
Mauritania,MRT,2014,3.931
Mauritania,MRT,2015,4.046
Mauritania,MRT,2016,4.164
Mauritania,MRT,2017,4.283
Mauritania,MRT,2018,4.403
Mauritania,MRT,2019,4.526
Mauritius,MUS,2010,1.248
Mauritius,MUS,2011,1.251
Mauritius,MUS,2012,1.253
Mauritius,MUS,2013,1.255
Mauritius,MUS,2014,1.257
Mauritius,MUS,2015,1.259
Mauritius,MUS,2016,1.262
Mauritius,MUS,2017,1.264
Mauritius,MUS,2018,1.267
Mauritius,MUS,2019,1.27
Malawi,MWI,2010,14.54
Malawi,MWI,2011,14.962
Malawi,MWI,2012,15.396
Malawi,MWI,2013,15.839
Malawi,MWI,2014,16.29
Malawi,MWI,2015,16.745
Malawi,MWI,2016,17.205
Malawi,MWI,2017,17.67
Malawi,MWI,2018,18.143
Malawi,MWI,2019,18.629
Malaysia,MYS,2010,28.208
Malaysia,MYS,2011,28.651
Malaysia,MYS,2012,29.068
Malaysia,MYS,2013,29.469
Malaysia,MYS,2014,29.867
Malaysia,MYS,2015,30.271
Malaysia,MYS,2016,30.685
Malaysia,MYS,2017,31.105
Malaysia,MYS,2018,31.528
Malaysia,MYS,2019,31.95
Namibia,NAM,2010,2.119
Namibia,NAM,2011,2.157
Namibia,NAM,2012,2.195
Namibia,NAM,2013,2.234
Namibia,NAM,2014,2.273
Namibia,NAM,2015,2.315
Namibia,NAM,2016,2.358
Namibia,NAM,2017,2.403
Namibia,NAM,2018,2.448
Namibia,NAM,2019,2.495
Niger,NER,2010,16.464
Niger,NER,2011,17.115
Niger,NER,2012,17.795
Niger,NER,2013,18.504
Niger,NER,2014,19.24
Niger,NER,2015,20.002
Niger,NER,2016,20.789
Niger,NER,2017,21.602
Niger,NER,2018,22.443
Niger,NER,2019,23.311
Nigeria,NGA,2010,158.503
Nigeria,NGA,2011,162.805
Nigeria,NGA,2012,167.229
Nigeria,NGA,2013,171.766
Nigeria,NGA,2014,176.405
Nigeria,NGA,2015,181.137
Nigeria,NGA,2016,185.96
Nigeria,NGA,2017,190.873
Nigeria,NGA,2018,195.875
Nigeria,NGA,2019,200.964
Nicaragua,NIC,2010,5.824
Nicaragua,NIC,2011,5.903
Nicaragua,NIC,2012,5.983
Nicaragua,NIC,2013,6.062
Nicaragua,NIC,2014,6.143
Nicaragua,NIC,2015,6.223
Nicaragua,NIC,2016,6.304
Nicaragua,NIC,2017,6.385
Nicaragua,NIC,2018,6.466
Nicaragua,NIC,2019,6.546
Netherlands,NLD,2010,16.683
Netherlands,NLD,2011,16.738
Netherlands,NLD,2012,16.792
Netherlands,NLD,2013,16.844
Netherlands,NLD,2014,16.893
Netherlands,NLD,2015,16.938
Netherlands,NLD,2016,16.981
Netherlands,NLD,2017,17.021
Netherlands,NLD,2018,17.06
Netherlands,NLD,2019,17.097
Norway,NOR,2010,4.886
Norway,NOR,2011,4.948
Norway,NOR,2012,5.014
Norway,NOR,2013,5.079
Norway,NOR,2014,5.142
Norway,NOR,2015,5.2
Norway,NOR,2016,5.251
Norway,NOR,2017,5.296
Norway,NOR,2018,5.338
Norway,NOR,2019,5.379
Nepal,NPL,2010,27.013
Nepal,NPL,2011,27.041
Nepal,NPL,2012,26.989
Nepal,NPL,2013,26.917
Nepal,NPL,2014,26.906
Nepal,NPL,2015,27.015
Nepal,NPL,2016,27.263
Nepal,NPL,2017,27.633
Nepal,NPL,2018,28.096
Nepal,NPL,2019,28.609
Nauru,NRU,2010,0.01
Nauru,NRU,2011,0.01
Nauru,NRU,2012,0.01
Nauru,NRU,2013,0.01
Nauru,NRU,2014,0.01
Nauru,NRU,2015,0.01
Nauru,NRU,2016,0.01
Nauru,NRU,2017,0.011
Nauru,NRU,2018,0.011
Nauru,NRU,2019,0.011
New Zealand,NZL,2010,4.37
New Zealand,NZL,2011,4.419
New Zealand,NZL,2012,4.468
New Zealand,NZL,2013,4.519
New Zealand,NZL,2014,4.568
New Zealand,NZL,2015,4.615
New Zealand,NZL,2016,4.659
New Zealand,NZL,2017,4.702
New Zealand,NZL,2018,4.743
New Zealand,NZL,2019,4.783
Oman,OMN,2010,3.041
Oman,OMN,2011,3.251
Oman,OMN,2012,3.498
Oman,OMN,2013,3.765
Oman,OMN,2014,4.027
Oman,OMN,2015,4.267
Oman,OMN,2016,4.479
Oman,OMN,2017,4.666
Oman,OMN,2018,4.829
Oman,OMN,2019,4.975
Pakistan,PAK,2010,179.425
Pakistan,PAK,2011,183.34
Pakistan,PAK,2012,187.28
Pakistan,PAK,2013,191.261
Pakistan,PAK,2014,195.305
Pakistan,PAK,2015,199.427
Pakistan,PAK,2016,203.631
Pakistan,PAK,2017,207.906
Pakistan,PAK,2018,212.228
Pakistan,PAK,2019,216.565
Panama,PAN,2010,3.643
Panama,PAN,2011,3.706
Panama,PAN,2012,3.771
Panama,PAN,2013,3.835
Panama,PAN,2014,3.901
Panama,PAN,2015,3.968
Panama,PAN,2016,4.037
Panama,PAN,2017,4.107
Panama,PAN,2018,4.177
Panama,PAN,2019,4.246
Peru,PER,2010,29.028
Peru,PER,2011,29.264
Peru,PER,2012,29.507
Peru,PER,2013,29.774
Peru,PER,2014,30.09
Peru,PER,2015,30.471
Peru,PER,2016,30.926
Peru,PER,2017,31.444
Peru,PER,2018,31.989
Peru,PER,2019,32.51
Philippines,PHL,2010,93.967
Philippines,PHL,2011,95.57
Philippines,PHL,2012,97.213
Philippines,PHL,2013,98.872
Philippines,PHL,2014,100.513
Philippines,PHL,2015,102.113
Philippines,PHL,2016,103.664
Philippines,PHL,2017,105.173
Philippines,PHL,2018,106.651
Philippines,PHL,2019,108.117
Palau,PLW,2010,0.018
Palau,PLW,2011,0.018
Palau,PLW,2012,0.018
Palau,PLW,2013,0.018
Palau,PLW,2014,0.018
Palau,PLW,2015,0.018
Palau,PLW,2016,0.018
Palau,PLW,2017,0.018
Palau,PLW,2018,0.018
Palau,PLW,2019,0.018
Papua New Guinea,PNG,2010,7.311
Papua New Guinea,PNG,2011,7.472
Papua New Guinea,PNG,2012,7.631
Papua New Guinea,PNG,2013,7.788
Papua New Guinea,PNG,2014,7.947
Papua New Guinea,PNG,2015,8.108
Papua New Guinea,PNG,2016,8.272
Papua New Guinea,PNG,2017,8.438
Papua New Guinea,PNG,2018,8.606
Papua New Guinea,PNG,2019,8.776
Poland,POL,2010,38.33
Poland,POL,2011,38.287
Poland,POL,2012,38.227
Poland,POL,2013,38.158
Poland,POL,2014,38.091
Poland,POL,2015,38.034
Poland,POL,2016,37.989
Poland,POL,2017,37.953
Poland,POL,2018,37.922
Poland,POL,2019,37.888
Korea (Democratic People's Rep. of),PRK,2010,24.549
Korea (Democratic People's Rep. of),PRK,2011,24.673
Korea (Democratic People's Rep. of),PRK,2012,24.801
Korea (Democratic People's Rep. of),PRK,2013,24.93
Korea (Democratic People's Rep. of),PRK,2014,25.058
Korea (Democratic People's Rep. of),PRK,2015,25.184
Korea (Democratic People's Rep. of),PRK,2016,25.308
Korea (Democratic People's Rep. of),PRK,2017,25.43
Korea (Democratic People's Rep. of),PRK,2018,25.55
Korea (Democratic People's Rep. of),PRK,2019,25.666
Portugal,PRT,2010,10.596
Portugal,PRT,2011,10.569
Portugal,PRT,2012,10.526
Portugal,PRT,2013,10.473
Portugal,PRT,2014,10.418
Portugal,PRT,2015,10.368
Portugal,PRT,2016,10.326
Portugal,PRT,2017,10.289
Portugal,PRT,2018,10.256
Portugal,PRT,2019,10.226
Paraguay,PRY,2010,6.248
Paraguay,PRY,2011,6.334
Paraguay,PRY,2012,6.422
Paraguay,PRY,2013,6.51
Paraguay,PRY,2014,6.6
Paraguay,PRY,2015,6.689
Paraguay,PRY,2016,6.778
Paraguay,PRY,2017,6.867
Paraguay,PRY,2018,6.956
Paraguay,PRY,2019,7.045
"Palestine, State of",PSE,2010,4.056
"Palestine, State of",PSE,2011,4.15
"Palestine, State of",PSE,2012,4.242
"Palestine, State of",PSE,2013,4.334
"Palestine, State of",PSE,2014,4.429
"Palestine, State of",PSE,2015,4.529
"Palestine, State of",PSE,2016,4.636
"Palestine, State of",PSE,2017,4.747
"Palestine, State of",PSE,2018,4.863
"Palestine, State of",PSE,2019,4.981
Qatar,QAT,2010,1.856
Qatar,QAT,2011,2.036
Qatar,QAT,2012,2.196
Qatar,QAT,2013,2.337
Qatar,QAT,2014,2.459
Qatar,QAT,2015,2.566
Qatar,QAT,2016,2.654
Qatar,QAT,2017,2.725
Qatar,QAT,2018,2.782
Qatar,QAT,2019,2.832
Romania,ROU,2010,20.472
Romania,ROU,2011,20.337
Romania,ROU,2012,20.227
Romania,ROU,2013,20.133
Romania,ROU,2014,20.036
Romania,ROU,2015,19.925
Romania,ROU,2016,19.796
Romania,ROU,2017,19.654
Romania,ROU,2018,19.506
Romania,ROU,2019,19.365
Russian Federation,RUS,2010,143.479
Russian Federation,RUS,2011,143.703
Russian Federation,RUS,2012,143.994
Russian Federation,RUS,2013,144.325
Russian Federation,RUS,2014,144.665
Russian Federation,RUS,2015,144.985
Russian Federation,RUS,2016,145.275
Russian Federation,RUS,2017,145.53
Russian Federation,RUS,2018,145.734
Russian Federation,RUS,2019,145.872
Rwanda,RWA,2010,10.039
Rwanda,RWA,2011,10.293
Rwanda,RWA,2012,10.55
Rwanda,RWA,2013,10.812
Rwanda,RWA,2014,11.084
Rwanda,RWA,2015,11.369
Rwanda,RWA,2016,11.669
Rwanda,RWA,2017,11.981
Rwanda,RWA,2018,12.302
Rwanda,RWA,2019,12.627
Saudi Arabia,SAU,2010,27.421
Saudi Arabia,SAU,2011,28.268
Saudi Arabia,SAU,2012,29.155
Saudi Arabia,SAU,2013,30.052
Saudi Arabia,SAU,2014,30.917
Saudi Arabia,SAU,2015,31.718
Saudi Arabia,SAU,2016,32.443
Saudi Arabia,SAU,2017,33.101
Saudi Arabia,SAU,2018,33.703
Saudi Arabia,SAU,2019,34.269
Sudan,SDN,2010,34.545
Sudan,SDN,2011,35.35
Sudan,SDN,2012,36.194
Sudan,SDN,2013,37.073
Sudan,SDN,2014,37.978
Sudan,SDN,2015,38.903
Sudan,SDN,2016,39.847
Sudan,SDN,2017,40.813
Sudan,SDN,2018,41.802
Sudan,SDN,2019,42.813
Senegal,SEN,2010,12.678
Senegal,SEN,2011,13.034
Senegal,SEN,2012,13.402
Senegal,SEN,2013,13.782
Senegal,SEN,2014,14.175
Senegal,SEN,2015,14.578
Senegal,SEN,2016,14.994
Senegal,SEN,2017,15.419
Senegal,SEN,2018,15.854
Senegal,SEN,2019,16.296
Singapore,SGP,2010,5.131
Singapore,SGP,2011,5.264
Singapore,SGP,2012,5.369
Singapore,SGP,2013,5.454
Singapore,SGP,2014,5.526
Singapore,SGP,2015,5.592
Singapore,SGP,2016,5.654
Singapore,SGP,2017,5.708
Singapore,SGP,2018,5.758
Singapore,SGP,2019,5.804
Solomon Islands,SLB,2010,0.528
Solomon Islands,SLB,2011,0.542
Solomon Islands,SLB,2012,0.556
Solomon Islands,SLB,2013,0.571
Solomon Islands,SLB,2014,0.587
Solomon Islands,SLB,2015,0.603
Solomon Islands,SLB,2016,0.619
Solomon Islands,SLB,2017,0.636
Solomon Islands,SLB,2018,0.653
Solomon Islands,SLB,2019,0.67
Sierra Leone,SLE,2010,6.416
Sierra Leone,SLE,2011,6.563
Sierra Leone,SLE,2012,6.713
Sierra Leone,SLE,2013,6.864
Sierra Leone,SLE,2014,7.017
Sierra Leone,SLE,2015,7.172
Sierra Leone,SLE,2016,7.329
Sierra Leone,SLE,2017,7.488
Sierra Leone,SLE,2018,7.65
Sierra Leone,SLE,2019,7.813
El Salvador,SLV,2010,6.184
El Salvador,SLV,2011,6.211
El Salvador,SLV,2012,6.238
El Salvador,SLV,2013,6.266
El Salvador,SLV,2014,6.295
El Salvador,SLV,2015,6.325
El Salvador,SLV,2016,6.356
El Salvador,SLV,2017,6.388
El Salvador,SLV,2018,6.421
El Salvador,SLV,2019,6.454
San Marino,SMR,2010,0.031
San Marino,SMR,2011,0.032
San Marino,SMR,2012,0.032
San Marino,SMR,2013,0.033
San Marino,SMR,2014,0.033
San Marino,SMR,2015,0.033
San Marino,SMR,2016,0.034
San Marino,SMR,2017,0.034
San Marino,SMR,2018,0.034
San Marino,SMR,2019,0.034
Somalia,SOM,2010,12.044
Somalia,SOM,2011,12.376
Somalia,SOM,2012,12.715
Somalia,SOM,2013,13.064
Somalia,SOM,2014,13.424
Somalia,SOM,2015,13.797
Somalia,SOM,2016,14.186
Somalia,SOM,2017,14.589
Somalia,SOM,2018,15.008
Somalia,SOM,2019,15.443
Serbia,SRB,2010,8.991
Serbia,SRB,2011,8.964
Serbia,SRB,2012,8.94
Serbia,SRB,2013,8.919
Serbia,SRB,2014,8.898
Serbia,SRB,2015,8.877
Serbia,SRB,2016,8.854
Serbia,SRB,2017,8.83
Serbia,SRB,2018,8.803
Serbia,SRB,2019,8.772
South Sudan,SSD,2010,9.508
South Sudan,SSD,2011,9.831
South Sudan,SSD,2012,10.114
South Sudan,SSD,2013,10.355
South Sudan,SSD,2014,10.555
South Sudan,SSD,2015,10.716
South Sudan,SSD,2016,10.833
South Sudan,SSD,2017,10.911
South Sudan,SSD,2018,10.976
South Sudan,SSD,2019,11.062
Sao Tome and Principe,STP,2010,0.18
Sao Tome and Principe,STP,2011,0.185
Sao Tome and Principe,STP,2012,0.188
Sao Tome and Principe,STP,2013,0.192
Sao Tome and Principe,STP,2014,0.196
Sao Tome and Principe,STP,2015,0.199
Sao Tome and Principe,STP,2016,0.203
Sao Tome and Principe,STP,2017,0.207
Sao Tome and Principe,STP,2018,0.211
Sao Tome and Principe,STP,2019,0.215
Suriname,SUR,2010,0.529
Suriname,SUR,2011,0.535
Suriname,SUR,2012,0.541
Suriname,SUR,2013,0.547
Suriname,SUR,2014,0.553
Suriname,SUR,2015,0.559
Suriname,SUR,2016,0.565
Suriname,SUR,2017,0.571
Suriname,SUR,2018,0.576
Suriname,SUR,2019,0.581
Slovakia,SVK,2010,5.404
Slovakia,SVK,2011,5.409
Slovakia,SVK,2012,5.415
Slovakia,SVK,2013,5.422
Slovakia,SVK,2014,5.429
Slovakia,SVK,2015,5.436
Slovakia,SVK,2016,5.442
Slovakia,SVK,2017,5.448
Slovakia,SVK,2018,5.453
Slovakia,SVK,2019,5.457
Slovenia,SVN,2010,2.043
Slovenia,SVN,2011,2.051
Slovenia,SVN,2012,2.058
Slovenia,SVN,2013,2.063
Slovenia,SVN,2014,2.067
Slovenia,SVN,2015,2.071
Slovenia,SVN,2016,2.074
Slovenia,SVN,2017,2.076
Slovenia,SVN,2018,2.078
Slovenia,SVN,2019,2.079
Sweden,SWE,2010,9.39
Sweden,SWE,2011,9.467
Sweden,SWE,2012,9.543
Sweden,SWE,2013,9.618
Sweden,SWE,2014,9.692
Sweden,SWE,2015,9.765
Sweden,SWE,2016,9.836
Sweden,SWE,2017,9.905
Sweden,SWE,2018,9.972
Sweden,SWE,2019,10.036
Eswatini (Kingdom of),SWZ,2010,1.065
Eswatini (Kingdom of),SWZ,2011,1.072
Eswatini (Kingdom of),SWZ,2012,1.079
Eswatini (Kingdom of),SWZ,2013,1.087
Eswatini (Kingdom of),SWZ,2014,1.095
Eswatini (Kingdom of),SWZ,2015,1.104
Eswatini (Kingdom of),SWZ,2016,1.114
Eswatini (Kingdom of),SWZ,2017,1.125
Eswatini (Kingdom of),SWZ,2018,1.136
Eswatini (Kingdom of),SWZ,2019,1.148
Seychelles,SYC,2010,0.091
Seychelles,SYC,2011,0.092
Seychelles,SYC,2012,0.093
Seychelles,SYC,2013,0.093
Seychelles,SYC,2014,0.094
Seychelles,SYC,2015,0.095
Seychelles,SYC,2016,0.096
Seychelles,SYC,2017,0.096
Seychelles,SYC,2018,0.097
Seychelles,SYC,2019,0.098
Syrian Arab Republic,SYR,2010,21.363
Syrian Arab Republic,SYR,2011,21.082
Syrian Arab Republic,SYR,2012,20.439
Syrian Arab Republic,SYR,2013,19.578
Syrian Arab Republic,SYR,2014,18.711
Syrian Arab Republic,SYR,2015,17.997
Syrian Arab Republic,SYR,2016,17.466
Syrian Arab Republic,SYR,2017,17.096
Syrian Arab Republic,SYR,2018,16.945
Syrian Arab Republic,SYR,2019,17.07
Chad,TCD,2010,11.952
Chad,TCD,2011,12.361
Chad,TCD,2012,12.785
Chad,TCD,2013,13.22
Chad,TCD,2014,13.664
Chad,TCD,2015,14.111
Chad,TCD,2016,14.562
Chad,TCD,2017,15.017
Chad,TCD,2018,15.478
Chad,TCD,2019,15.947
Togo,TGO,2010,6.422
Togo,TGO,2011,6.596
Togo,TGO,2012,6.774
Togo,TGO,2013,6.955
Togo,TGO,2014,7.138
Togo,TGO,2015,7.323
Togo,TGO,2016,7.51
Togo,TGO,2017,7.698
Togo,TGO,2018,7.889
Togo,TGO,2019,8.082
Thailand,THA,2010,67.195
Thailand,THA,2011,67.518
Thailand,THA,2012,67.836
Thailand,THA,2013,68.145
Thailand,THA,2014,68.439
Thailand,THA,2015,68.715
Thailand,THA,2016,68.971
Thailand,THA,2017,69.21
Thailand,THA,2018,69.428
Thailand,THA,2019,69.626
Tajikistan,TJK,2010,7.527
Tajikistan,TJK,2011,7.698
Tajikistan,TJK,2012,7.875
Tajikistan,TJK,2013,8.06
Tajikistan,TJK,2014,8.253
Tajikistan,TJK,2015,8.454
Tajikistan,TJK,2016,8.664
Tajikistan,TJK,2017,8.88
Tajikistan,TJK,2018,9.101
Tajikistan,TJK,2019,9.321
Turkmenistan,TKM,2010,5.087
Turkmenistan,TKM,2011,5.174
Turkmenistan,TKM,2012,5.268
Turkmenistan,TKM,2013,5.366
Turkmenistan,TKM,2014,5.466
Turkmenistan,TKM,2015,5.565
Turkmenistan,TKM,2016,5.662
Turkmenistan,TKM,2017,5.758
Turkmenistan,TKM,2018,5.851
Turkmenistan,TKM,2019,5.942
Timor-Leste,TLS,2010,1.094
Timor-Leste,TLS,2011,1.113
Timor-Leste,TLS,2012,1.133
Timor-Leste,TLS,2013,1.153
Timor-Leste,TLS,2014,1.174
Timor-Leste,TLS,2015,1.196
Timor-Leste,TLS,2016,1.219
Timor-Leste,TLS,2017,1.243
Timor-Leste,TLS,2018,1.268
Timor-Leste,TLS,2019,1.293
Tonga,TON,2010,0.104
Tonga,TON,2011,0.104
Tonga,TON,2012,0.103
Tonga,TON,2013,0.102
Tonga,TON,2014,0.101
Tonga,TON,2015,0.101
Tonga,TON,2016,0.101
Tonga,TON,2017,0.102
Tonga,TON,2018,0.103
Tonga,TON,2019,0.104
Trinidad and Tobago,TTO,2010,1.328
Trinidad and Tobago,TTO,2011,1.336
Trinidad and Tobago,TTO,2012,1.345
Trinidad and Tobago,TTO,2013,1.354
Trinidad and Tobago,TTO,2014,1.362
Trinidad and Tobago,TTO,2015,1.37
Trinidad and Tobago,TTO,2016,1.378
Trinidad and Tobago,TTO,2017,1.384
Trinidad and Tobago,TTO,2018,1.39
Trinidad and Tobago,TTO,2019,1.395
Tunisia,TUN,2010,10.635
Tunisia,TUN,2011,10.742
Tunisia,TUN,2012,10.847
Tunisia,TUN,2013,10.953
Tunisia,TUN,2014,11.063
Tunisia,TUN,2015,11.18
Tunisia,TUN,2016,11.304
Tunisia,TUN,2017,11.433
Tunisia,TUN,2018,11.565
Tunisia,TUN,2019,11.695
Turkey,TUR,2010,72.327
Turkey,TUR,2011,73.443
Turkey,TUR,2012,74.651
Turkey,TUR,2013,75.925
Turkey,TUR,2014,77.229
Turkey,TUR,2015,78.529
Turkey,TUR,2016,79.828
Turkey,TUR,2017,81.116
Turkey,TUR,2018,82.34
Turkey,TUR,2019,83.43
Tuvalu,TUV,2010,0.011
Tuvalu,TUV,2011,0.011
Tuvalu,TUV,2012,0.011
Tuvalu,TUV,2013,0.011
Tuvalu,TUV,2014,0.011
Tuvalu,TUV,2015,0.011
Tuvalu,TUV,2016,0.011
Tuvalu,TUV,2017,0.011
Tuvalu,TUV,2018,0.012
Tuvalu,TUV,2019,0.012
Tanzania (United Republic of),TZA,2010,44.347
Tanzania (United Republic of),TZA,2011,45.674
Tanzania (United Republic of),TZA,2012,47.053
Tanzania (United Republic of),TZA,2013,48.483
Tanzania (United Republic of),TZA,2014,49.961
Tanzania (United Republic of),TZA,2015,51.483
Tanzania (United Republic of),TZA,2016,53.049
Tanzania (United Republic of),TZA,2017,54.66
Tanzania (United Republic of),TZA,2018,56.313
Tanzania (United Republic of),TZA,2019,58.005
Uganda,UGA,2010,32.428
Uganda,UGA,2011,33.477
Uganda,UGA,2012,34.559
Uganda,UGA,2013,35.695
Uganda,UGA,2014,36.912
Uganda,UGA,2015,38.225
Uganda,UGA,2016,39.649
Uganda,UGA,2017,41.167
Uganda,UGA,2018,42.729
Uganda,UGA,2019,44.27
Ukraine,UKR,2010,45.792
Ukraine,UKR,2011,45.62
Ukraine,UKR,2012,45.454
Ukraine,UKR,2013,45.287
Ukraine,UKR,2014,45.112
Ukraine,UKR,2015,44.922
Ukraine,UKR,2016,44.714
Ukraine,UKR,2017,44.488
Ukraine,UKR,2018,44.246
Ukraine,UKR,2019,43.994
Uruguay,URY,2010,3.359
Uruguay,URY,2011,3.369
Uruguay,URY,2012,3.379
Uruguay,URY,2013,3.389
Uruguay,URY,2014,3.4
Uruguay,URY,2015,3.412
Uruguay,URY,2016,3.424
Uruguay,URY,2017,3.437
Uruguay,URY,2018,3.449
Uruguay,URY,2019,3.462
United States,USA,2010,309.011
United States,USA,2011,311.584
United States,USA,2012,314.044
United States,USA,2013,316.401
United States,USA,2014,318.673
United States,USA,2015,320.878
United States,USA,2016,323.016
United States,USA,2017,325.085
United States,USA,2018,327.096
United States,USA,2019,329.065
Uzbekistan,UZB,2010,28.516
Uzbekistan,UZB,2011,28.977
Uzbekistan,UZB,2012,29.449
Uzbekistan,UZB,2013,29.933
Uzbekistan,UZB,2014,30.426
Uzbekistan,UZB,2015,30.93
Uzbekistan,UZB,2016,31.442
Uzbekistan,UZB,2017,31.96
Uzbekistan,UZB,2018,32.476
Uzbekistan,UZB,2019,32.982
Saint Vincent and the Grenadines,VCT,2010,0.108
Saint Vincent and the Grenadines,VCT,2011,0.108
Saint Vincent and the Grenadines,VCT,2012,0.108
Saint Vincent and the Grenadines,VCT,2013,0.109
Saint Vincent and the Grenadines,VCT,2014,0.109
Saint Vincent and the Grenadines,VCT,2015,0.109
Saint Vincent and the Grenadines,VCT,2016,0.109
Saint Vincent and the Grenadines,VCT,2017,0.11
Saint Vincent and the Grenadines,VCT,2018,0.11
Saint Vincent and the Grenadines,VCT,2019,0.111
Venezuela (Bolivarian Republic of),VEN,2010,28.44
Venezuela (Bolivarian Republic of),VEN,2011,28.888
Venezuela (Bolivarian Republic of),VEN,2012,29.361
Venezuela (Bolivarian Republic of),VEN,2013,29.781
Venezuela (Bolivarian Republic of),VEN,2014,30.043
Venezuela (Bolivarian Republic of),VEN,2015,30.082
Venezuela (Bolivarian Republic of),VEN,2016,29.851
Venezuela (Bolivarian Republic of),VEN,2017,29.402
Venezuela (Bolivarian Republic of),VEN,2018,28.887
Venezuela (Bolivarian Republic of),VEN,2019,28.516
Viet Nam,VNM,2010,87.968
Viet Nam,VNM,2011,88.871
Viet Nam,VNM,2012,89.802
Viet Nam,VNM,2013,90.753
Viet Nam,VNM,2014,91.714
Viet Nam,VNM,2015,92.677
Viet Nam,VNM,2016,93.64
Viet Nam,VNM,2017,94.601
Viet Nam,VNM,2018,95.546
Viet Nam,VNM,2019,96.462
Vanuatu,VUT,2010,0.236
Vanuatu,VUT,2011,0.243
Vanuatu,VUT,2012,0.25
Vanuatu,VUT,2013,0.257
Vanuatu,VUT,2014,0.264
Vanuatu,VUT,2015,0.271
Vanuatu,VUT,2016,0.278
Vanuatu,VUT,2017,0.285
Vanuatu,VUT,2018,0.293
Vanuatu,VUT,2019,0.3
Samoa,WSM,2010,0.186
Samoa,WSM,2011,0.187
Samoa,WSM,2012,0.189
Samoa,WSM,2013,0.191
Samoa,WSM,2014,0.192
Samoa,WSM,2015,0.194
Samoa,WSM,2016,0.195
Samoa,WSM,2017,0.195
Samoa,WSM,2018,0.196
Samoa,WSM,2019,0.197
Yemen,YEM,2010,23.155
Yemen,YEM,2011,23.808
Yemen,YEM,2012,24.473
Yemen,YEM,2013,25.147
Yemen,YEM,2014,25.823
Yemen,YEM,2015,26.498
Yemen,YEM,2016,27.168
Yemen,YEM,2017,27.835
Yemen,YEM,2018,28.499
Yemen,YEM,2019,29.162
South Africa,ZAF,2010,51.217
South Africa,ZAF,2011,52.004
South Africa,ZAF,2012,52.833
South Africa,ZAF,2013,53.687
South Africa,ZAF,2014,54.544
South Africa,ZAF,2015,55.386
South Africa,ZAF,2016,56.208
South Africa,ZAF,2017,57.01
South Africa,ZAF,2018,57.793
South Africa,ZAF,2019,58.558
Zambia,ZMB,2010,13.606
Zambia,ZMB,2011,14.023
Zambia,ZMB,2012,14.465
Zambia,ZMB,2013,14.927
Zambia,ZMB,2014,15.4
Zambia,ZMB,2015,15.879
Zambia,ZMB,2016,16.363
Zambia,ZMB,2017,16.854
Zambia,ZMB,2018,17.352
Zambia,ZMB,2019,17.861
Zimbabwe,ZWE,2010,12.698
Zimbabwe,ZWE,2011,12.894
Zimbabwe,ZWE,2012,13.115
Zimbabwe,ZWE,2013,13.35
Zimbabwe,ZWE,2014,13.587
Zimbabwe,ZWE,2015,13.815
Zimbabwe,ZWE,2016,14.03
Zimbabwe,ZWE,2017,14.237
Zimbabwe,ZWE,2018,14.439
Zimbabwe,ZWE,2019,14.645
