country_name,country_code,year,Human Development Index (HDI)
Afghanistan,AFG,2010,0.472
Afghanistan,AFG,2011,0.477
Afghanistan,AFG,2012,0.489
Afghanistan,AFG,2013,0.496
Afghanistan,AFG,2014,0.5
Afghanistan,AFG,2015,0.5
Afghanistan,AFG,2016,0.502
Afghanistan,AFG,2017,0.506
Afghanistan,AFG,2018,0.509
Afghanistan,AFG,2019,0.511
Angola,AGO,2010,0.517
Angola,AGO,2011,0.533
Angola,AGO,2012,0.544
Angola,AGO,2013,0.555
Angola,AGO,2014,0.565
Angola,AGO,2015,0.572
Angola,AGO,2016,0.578
Angola,AGO,2017,0.582
Angola,AGO,2018,0.582
Angola,AGO,2019,0.581
Albania,ALB,2010,0.745
Albania,ALB,2011,0.764
Albania,ALB,2012,0.775
Albania,ALB,2013,0.782
Albania,ALB,2014,0.787
Albania,ALB,2015,0.788
Albania,ALB,2016,0.788
Albania,ALB,2017,0.79
Albania,ALB,2018,0.792
Albania,ALB,2019,0.795
Andorra,AND,2010,0.837
Andorra,AND,2011,0.836
Andorra,AND,2012,0.858
Andorra,AND,2013,0.856
Andorra,AND,2014,0.863
Andorra,AND,2015,0.862
Andorra,AND,2016,0.866
Andorra,AND,2017,0.863
Andorra,AND,2018,0.867
Andorra,AND,2019,0.868
United Arab Emirates,ARE,2010,0.82
United Arab Emirates,ARE,2011,0.826
United Arab Emirates,ARE,2012,0.832
United Arab Emirates,ARE,2013,0.838
United Arab Emirates,ARE,2014,0.847
United Arab Emirates,ARE,2015,0.859
United Arab Emirates,ARE,2016,0.864
United Arab Emirates,ARE,2017,0.881
United Arab Emirates,ARE,2018,0.889
United Arab Emirates,ARE,2019,0.89
Argentina,ARG,2010,0.829
Argentina,ARG,2011,0.835
Argentina,ARG,2012,0.834
Argentina,ARG,2013,0.835
Argentina,ARG,2014,0.836
Argentina,ARG,2015,0.84
Argentina,ARG,2016,0.839
Argentina,ARG,2017,0.843
Argentina,ARG,2018,0.842
Argentina,ARG,2019,0.845
Armenia,ARM,2010,0.747
Armenia,ARM,2011,0.751
Armenia,ARM,2012,0.756
Armenia,ARM,2013,0.762
Armenia,ARM,2014,0.764
Armenia,ARM,2015,0.768
Armenia,ARM,2016,0.766
Armenia,ARM,2017,0.769
Armenia,ARM,2018,0.771
Armenia,ARM,2019,0.776
Antigua and Barbuda,ATG,2010,0.763
Antigua and Barbuda,ATG,2011,0.755
Antigua and Barbuda,ATG,2012,0.759
Antigua and Barbuda,ATG,2013,0.76
Antigua and Barbuda,ATG,2014,0.76
Antigua and Barbuda,ATG,2015,0.762
Antigua and Barbuda,ATG,2016,0.765
Antigua and Barbuda,ATG,2017,0.768
Antigua and Barbuda,ATG,2018,0.772
Antigua and Barbuda,ATG,2019,0.778
Australia,AUS,2010,0.93
Australia,AUS,2011,0.932
Australia,AUS,2012,0.937
Australia,AUS,2013,0.931
Australia,AUS,2014,0.933
Australia,AUS,2015,0.938
Australia,AUS,2016,0.939
Australia,AUS,2017,0.941
Australia,AUS,2018,0.943
Australia,AUS,2019,0.944
Austria,AUT,2010,0.904
Austria,AUT,2011,0.906
Austria,AUT,2012,0.908
Austria,AUT,2013,0.905
Austria,AUT,2014,0.913
Austria,AUT,2015,0.915
Austria,AUT,2016,0.917
Austria,AUT,2017,0.919
Austria,AUT,2018,0.921
Austria,AUT,2019,0.922
Azerbaijan,AZE,2010,0.726
Azerbaijan,AZE,2011,0.727
Azerbaijan,AZE,2012,0.73
Azerbaijan,AZE,2013,0.735
Azerbaijan,AZE,2014,0.74
Azerbaijan,AZE,2015,0.744
Azerbaijan,AZE,2016,0.751
Azerbaijan,AZE,2017,0.754
Azerbaijan,AZE,2018,0.754
Azerbaijan,AZE,2019,0.756
Burundi,BDI,2010,0.411
Burundi,BDI,2011,0.419
Burundi,BDI,2012,0.426
Burundi,BDI,2013,0.432
Burundi,BDI,2014,0.438
Burundi,BDI,2015,0.437
Burundi,BDI,2016,0.438
Burundi,BDI,2017,0.434
Burundi,BDI,2018,0.431
Burundi,BDI,2019,0.433
Belgium,BEL,2010,0.91
Belgium,BEL,2011,0.911
Belgium,BEL,2012,0.913
Belgium,BEL,2013,0.916
Belgium,BEL,2014,0.918
Belgium,BEL,2015,0.922
Belgium,BEL,2016,0.924
Belgium,BEL,2017,0.929
Belgium,BEL,2018,0.93
Belgium,BEL,2019,0.931
Benin,BEN,2010,0.494
Benin,BEN,2011,0.5
Benin,BEN,2012,0.51
Benin,BEN,2013,0.522
Benin,BEN,2014,0.527
Benin,BEN,2015,0.532
Benin,BEN,2016,0.533
Benin,BEN,2017,0.536
Benin,BEN,2018,0.541
Benin,BEN,2019,0.545
Burkina Faso,BFA,2010,0.384
Burkina Faso,BFA,2011,0.394
Burkina Faso,BFA,2012,0.403
Burkina Faso,BFA,2013,0.41
Burkina Faso,BFA,2014,0.413
Burkina Faso,BFA,2015,0.422
Burkina Faso,BFA,2016,0.428
Burkina Faso,BFA,2017,0.439
Burkina Faso,BFA,2018,0.443
Burkina Faso,BFA,2019,0.452
Bangladesh,BGD,2010,0.557
Bangladesh,BGD,2011,0.566
Bangladesh,BGD,2012,0.575
Bangladesh,BGD,2013,0.579
Bangladesh,BGD,2014,0.579
Bangladesh,BGD,2015,0.595
Bangladesh,BGD,2016,0.606
Bangladesh,BGD,2017,0.616
Bangladesh,BGD,2018,0.625
Bangladesh,BGD,2019,0.632
Bulgaria,BGR,2010,0.788
Bulgaria,BGR,2011,0.791
Bulgaria,BGR,2012,0.795
Bulgaria,BGR,2013,0.801
Bulgaria,BGR,2014,0.806
Bulgaria,BGR,2015,0.809
Bulgaria,BGR,2016,0.811
Bulgaria,BGR,2017,0.811
Bulgaria,BGR,2018,0.813
Bulgaria,BGR,2019,0.816
Bahrain,BHR,2010,0.8
Bahrain,BHR,2011,0.801
Bahrain,BHR,2012,0.808
Bahrain,BHR,2013,0.815
Bahrain,BHR,2014,0.82
Bahrain,BHR,2015,0.848
Bahrain,BHR,2016,0.853
Bahrain,BHR,2017,0.854
Bahrain,BHR,2018,0.852
Bahrain,BHR,2019,0.852
Bahamas,BHS,2010,0.805
Bahamas,BHS,2011,0.805
Bahamas,BHS,2012,0.807
Bahamas,BHS,2013,0.806
Bahamas,BHS,2014,0.805
Bahamas,BHS,2015,0.808
Bahamas,BHS,2016,0.81
Bahamas,BHS,2017,0.812
Bahamas,BHS,2018,0.812
Bahamas,BHS,2019,0.814
Bosnia and Herzegovina,BIH,2010,0.721
Bosnia and Herzegovina,BIH,2011,0.729
Bosnia and Herzegovina,BIH,2012,0.748
Bosnia and Herzegovina,BIH,2013,0.755
Bosnia and Herzegovina,BIH,2014,0.758
Bosnia and Herzegovina,BIH,2015,0.761
Bosnia and Herzegovina,BIH,2016,0.772
Bosnia and Herzegovina,BIH,2017,0.774
Bosnia and Herzegovina,BIH,2018,0.777
Bosnia and Herzegovina,BIH,2019,0.78
Belarus,BLR,2010,0.795
Belarus,BLR,2011,0.801
Belarus,BLR,2012,0.806
Belarus,BLR,2013,0.811
Belarus,BLR,2014,0.814
Belarus,BLR,2015,0.814
Belarus,BLR,2016,0.815
Belarus,BLR,2017,0.819
Belarus,BLR,2018,0.823
Belarus,BLR,2019,0.823
Belize,BLZ,2010,0.695
Belize,BLZ,2011,0.694
Belize,BLZ,2012,0.701
Belize,BLZ,2013,0.702
Belize,BLZ,2014,0.705
Belize,BLZ,2015,0.71
Belize,BLZ,2016,0.717
Belize,BLZ,2017,0.714
Belize,BLZ,2018,0.714
Belize,BLZ,2019,0.716
Bolivia (Plurinational State of),BOL,2010,0.667
Bolivia (Plurinational State of),BOL,2011,0.671
Bolivia (Plurinational State of),BOL,2012,0.675
Bolivia (Plurinational State of),BOL,2013,0.684
Bolivia (Plurinational State of),BOL,2014,0.69
Bolivia (Plurinational State of),BOL,2015,0.697
Bolivia (Plurinational State of),BOL,2016,0.702
Bolivia (Plurinational State of),BOL,2017,0.71
Bolivia (Plurinational State of),BOL,2018,0.714
Bolivia (Plurinational State of),BOL,2019,0.718
Brazil,BRA,2010,0.727
Brazil,BRA,2011,0.731
Brazil,BRA,2012,0.735
Brazil,BRA,2013,0.753
Brazil,BRA,2014,0.756
Brazil,BRA,2015,0.756
Brazil,BRA,2016,0.758
Brazil,BRA,2017,0.761
Brazil,BRA,2018,0.762
Brazil,BRA,2019,0.765
Barbados,BRB,2010,0.797
Barbados,BRB,2011,0.799
Barbados,BRB,2012,0.808
Barbados,BRB,2013,0.807
Barbados,BRB,2014,0.808
Barbados,BRB,2015,0.809
Barbados,BRB,2016,0.811
Barbados,BRB,2017,0.81
Barbados,BRB,2018,0.81
Barbados,BRB,2019,0.814
Brunei Darussalam,BRN,2010,0.827
Brunei Darussalam,BRN,2011,0.831
Brunei Darussalam,BRN,2012,0.839
Brunei Darussalam,BRN,2013,0.839
Brunei Darussalam,BRN,2014,0.838
Brunei Darussalam,BRN,2015,0.838
Brunei Darussalam,BRN,2016,0.839
Brunei Darussalam,BRN,2017,0.838
Brunei Darussalam,BRN,2018,0.836
Brunei Darussalam,BRN,2019,0.838
Bhutan,BTN,2010,0.574
Bhutan,BTN,2011,0.585
Bhutan,BTN,2012,0.597
Bhutan,BTN,2013,0.61
Bhutan,BTN,2014,0.618
Bhutan,BTN,2015,0.628
Bhutan,BTN,2016,0.637
Bhutan,BTN,2017,0.646
Bhutan,BTN,2018,0.649
Bhutan,BTN,2019,0.654
Botswana,BWA,2010,0.663
Botswana,BWA,2011,0.677
Botswana,BWA,2012,0.689
Botswana,BWA,2013,0.701
Botswana,BWA,2014,0.711
Botswana,BWA,2015,0.717
Botswana,BWA,2016,0.72
Botswana,BWA,2017,0.726
Botswana,BWA,2018,0.73
Botswana,BWA,2019,0.735
Central African Republic,CAF,2010,0.365
Central African Republic,CAF,2011,0.374
Central African Republic,CAF,2012,0.381
Central African Republic,CAF,2013,0.363
Central African Republic,CAF,2014,0.368
Central African Republic,CAF,2015,0.375
Central African Republic,CAF,2016,0.382
Central African Republic,CAF,2017,0.391
Central African Republic,CAF,2018,0.395
Central African Republic,CAF,2019,0.397
Canada,CAN,2010,0.901
Canada,CAN,2011,0.903
Canada,CAN,2012,0.906
Canada,CAN,2013,0.913
Canada,CAN,2014,0.918
Canada,CAN,2015,0.921
Canada,CAN,2016,0.923
Canada,CAN,2017,0.926
Canada,CAN,2018,0.928
Canada,CAN,2019,0.929
Switzerland,CHE,2010,0.941
Switzerland,CHE,2011,0.941
Switzerland,CHE,2012,0.944
Switzerland,CHE,2013,0.946
Switzerland,CHE,2014,0.942
Switzerland,CHE,2015,0.947
Switzerland,CHE,2016,0.947
Switzerland,CHE,2017,0.949
Switzerland,CHE,2018,0.955
Switzerland,CHE,2019,0.955
Chile,CHL,2010,0.803
Chile,CHL,2011,0.815
Chile,CHL,2012,0.821
Chile,CHL,2013,0.826
Chile,CHL,2014,0.837
Chile,CHL,2015,0.842
Chile,CHL,2016,0.845
Chile,CHL,2017,0.847
Chile,CHL,2018,0.849
Chile,CHL,2019,0.851
China,CHN,2010,0.699
China,CHN,2011,0.707
China,CHN,2012,0.716
China,CHN,2013,0.724
China,CHN,2014,0.731
China,CHN,2015,0.739
China,CHN,2016,0.746
China,CHN,2017,0.75
China,CHN,2018,0.755
China,CHN,2019,0.761
Cote d'Ivoire,CIV,2010,0.468
Cote d'Ivoire,CIV,2011,0.472
Cote d'Ivoire,CIV,2012,0.482
Cote d'Ivoire,CIV,2013,0.49
Cote d'Ivoire,CIV,2014,0.492
Cote d'Ivoire,CIV,2015,0.503
Cote d'Ivoire,CIV,2016,0.513
Cote d'Ivoire,CIV,2017,0.525
Cote d'Ivoire,CIV,2018,0.534
Cote d'Ivoire,CIV,2019,0.538
Cameroon,CMR,2010,0.505
Cameroon,CMR,2011,0.514
Cameroon,CMR,2012,0.525
Cameroon,CMR,2013,0.534
Cameroon,CMR,2014,0.54
Cameroon,CMR,2015,0.549
Cameroon,CMR,2016,0.553
Cameroon,CMR,2017,0.557
Cameroon,CMR,2018,0.56
Cameroon,CMR,2019,0.563
Congo (Democratic Republic of the),COD,2010,0.435
Congo (Democratic Republic of the),COD,2011,0.438
Congo (Democratic Republic of the),COD,2012,0.442
Congo (Democratic Republic of the),COD,2013,0.448
Congo (Democratic Republic of the),COD,2014,0.46
Congo (Democratic Republic of the),COD,2015,0.464
Congo (Democratic Republic of the),COD,2016,0.471
Congo (Democratic Republic of the),COD,2017,0.475
Congo (Democratic Republic of the),COD,2018,0.478
Congo (Democratic Republic of the),COD,2019,0.48
Congo,COG,2010,0.52
Congo,COG,2011,0.522
Congo,COG,2012,0.535
Congo,COG,2013,0.545
Congo,COG,2014,0.56
Congo,COG,2015,0.58
Congo,COG,2016,0.578
Congo,COG,2017,0.574
Congo,COG,2018,0.573
Congo,COG,2019,0.574
Colombia,COL,2010,0.729
Colombia,COL,2011,0.734
Colombia,COL,2012,0.739
Colombia,COL,2013,0.742
Colombia,COL,2014,0.753
Colombia,COL,2015,0.756
Colombia,COL,2016,0.76
Colombia,COL,2017,0.763
Colombia,COL,2018,0.764
Colombia,COL,2019,0.767
Comoros,COM,2010,0.521
Comoros,COM,2011,0.533
Comoros,COM,2012,0.538
Comoros,COM,2013,0.542
Comoros,COM,2014,0.543
Comoros,COM,2015,0.545
Comoros,COM,2016,0.547
Comoros,COM,2017,0.55
Comoros,COM,2018,0.552
Comoros,COM,2019,0.554
Cabo Verde,CPV,2010,0.632
Cabo Verde,CPV,2011,0.639
Cabo Verde,CPV,2012,0.644
Cabo Verde,CPV,2013,0.647
Cabo Verde,CPV,2014,0.654
Cabo Verde,CPV,2015,0.656
Cabo Verde,CPV,2016,0.657
Cabo Verde,CPV,2017,0.66
Cabo Verde,CPV,2018,0.663
Cabo Verde,CPV,2019,0.665
Costa Rica,CRI,2010,0.765
Costa Rica,CRI,2011,0.778
Costa Rica,CRI,2012,0.783
Costa Rica,CRI,2013,0.788
Costa Rica,CRI,2014,0.796
Costa Rica,CRI,2015,0.797
Costa Rica,CRI,2016,0.801
Costa Rica,CRI,2017,0.804
Costa Rica,CRI,2018,0.808
Costa Rica,CRI,2019,0.81
Cuba,CUB,2010,0.781
Cuba,CUB,2011,0.78
Cuba,CUB,2012,0.769
Cuba,CUB,2013,0.766
Cuba,CUB,2014,0.767
Cuba,CUB,2015,0.772
Cuba,CUB,2016,0.773
Cuba,CUB,2017,0.777
Cuba,CUB,2018,0.781
Cuba,CUB,2019,0.783
Cyprus,CYP,2010,0.856
Cyprus,CYP,2011,0.86
Cyprus,CYP,2012,0.859
Cyprus,CYP,2013,0.86
Cyprus,CYP,2014,0.862
Cyprus,CYP,2015,0.865
Cyprus,CYP,2016,0.873
Cyprus,CYP,2017,0.878
Cyprus,CYP,2018,0.885
Cyprus,CYP,2019,0.887
Czechia,CZE,2010,0.87
Czechia,CZE,2011,0.874
Czechia,CZE,2012,0.874
Czechia,CZE,2013,0.882
Czechia,CZE,2014,0.888
Czechia,CZE,2015,0.891
Czechia,CZE,2016,0.893
Czechia,CZE,2017,0.896
Czechia,CZE,2018,0.898
Czechia,CZE,2019,0.9
Germany,DEU,2010,0.927
Germany,DEU,2011,0.933
Germany,DEU,2012,0.934
Germany,DEU,2013,0.935
Germany,DEU,2014,0.937
Germany,DEU,2015,0.938
Germany,DEU,2016,0.941
Germany,DEU,2017,0.943
Germany,DEU,2018,0.946
Germany,DEU,2019,0.947
Djibouti,DJI,2010,0.454
Djibouti,DJI,2011,0.463
Djibouti,DJI,2012,0.474
Djibouti,DJI,2013,0.484
Djibouti,DJI,2014,0.492
Djibouti,DJI,2015,0.499
Djibouti,DJI,2016,0.505
Djibouti,DJI,2017,0.51
Djibouti,DJI,2018,0.518
Djibouti,DJI,2019,0.524
Dominica,DMA,2010,0.74
Dominica,DMA,2011,0.741
Dominica,DMA,2012,0.739
Dominica,DMA,2013,0.739
Dominica,DMA,2014,0.741
Dominica,DMA,2015,0.739
Dominica,DMA,2016,0.74
Dominica,DMA,2017,0.736
Dominica,DMA,2018,0.738
Dominica,DMA,2019,0.742
Denmark,DNK,2010,0.917
Denmark,DNK,2011,0.93
Denmark,DNK,2012,0.931
Denmark,DNK,2013,0.933
Denmark,DNK,2014,0.935
Denmark,DNK,2015,0.933
Denmark,DNK,2016,0.935
Denmark,DNK,2017,0.936
Denmark,DNK,2018,0.939
Denmark,DNK,2019,0.94
Dominican Republic,DOM,2010,0.706
Dominican Republic,DOM,2011,0.71
Dominican Republic,DOM,2012,0.714
Dominican Republic,DOM,2013,0.718
Dominican Republic,DOM,2014,0.73
Dominican Republic,DOM,2015,0.738
Dominican Republic,DOM,2016,0.743
Dominican Republic,DOM,2017,0.746
Dominican Republic,DOM,2018,0.751
Dominican Republic,DOM,2019,0.756
Algeria,DZA,2010,0.721
Algeria,DZA,2011,0.728
Algeria,DZA,2012,0.728
Algeria,DZA,2013,0.729
Algeria,DZA,2014,0.736
Algeria,DZA,2015,0.74
Algeria,DZA,2016,0.743
Algeria,DZA,2017,0.745
Algeria,DZA,2018,0.746
Algeria,DZA,2019,0.748
Ecuador,ECU,2010,0.726
Ecuador,ECU,2011,0.732
Ecuador,ECU,2012,0.751
Ecuador,ECU,2013,0.754
Ecuador,ECU,2014,0.756
Ecuador,ECU,2015,0.764
Ecuador,ECU,2016,0.758
Ecuador,ECU,2017,0.76
Ecuador,ECU,2018,0.762
Ecuador,ECU,2019,0.759
Egypt,EGY,2010,0.668
Egypt,EGY,2011,0.671
Egypt,EGY,2012,0.677
Egypt,EGY,2013,0.683
Egypt,EGY,2014,0.685
Egypt,EGY,2015,0.691
Egypt,EGY,2016,0.696
Egypt,EGY,2017,0.698
Egypt,EGY,2018,0.701
Egypt,EGY,2019,0.707
Eritrea,ERI,2010,0.436
Eritrea,ERI,2011,0.436
Eritrea,ERI,2012,0.441
Eritrea,ERI,2013,0.446
Eritrea,ERI,2014,0.457
Eritrea,ERI,2015,0.454
Eritrea,ERI,2016,0.456
Eritrea,ERI,2017,0.454
Eritrea,ERI,2018,0.456
Eritrea,ERI,2019,0.459
Spain,ESP,2010,0.872
Spain,ESP,2011,0.878
Spain,ESP,2012,0.881
Spain,ESP,2013,0.882
Spain,ESP,2014,0.888
Spain,ESP,2015,0.895
Spain,ESP,2016,0.899
Spain,ESP,2017,0.903
Spain,ESP,2018,0.905
Spain,ESP,2019,0.904
Estonia,EST,2010,0.852
Estonia,EST,2011,0.86
Estonia,EST,2012,0.865
Estonia,EST,2013,0.869
Estonia,EST,2014,0.871
Estonia,EST,2015,0.877
Estonia,EST,2016,0.881
Estonia,EST,2017,0.885
Estonia,EST,2018,0.889
Estonia,EST,2019,0.892
Ethiopia,ETH,2010,0.421
Ethiopia,ETH,2011,0.432
Ethiopia,ETH,2012,0.438
Ethiopia,ETH,2013,0.447
Ethiopia,ETH,2014,0.455
Ethiopia,ETH,2015,0.462
Ethiopia,ETH,2016,0.467
Ethiopia,ETH,2017,0.474
Ethiopia,ETH,2018,0.478
Ethiopia,ETH,2019,0.485
Finland,FIN,2010,0.916
Finland,FIN,2011,0.92
Finland,FIN,2012,0.921
Finland,FIN,2013,0.928
Finland,FIN,2014,0.928
Finland,FIN,2015,0.93
Finland,FIN,2016,0.932
Finland,FIN,2017,0.935
Finland,FIN,2018,0.937
Finland,FIN,2019,0.938
Fiji,FJI,2010,0.715
Fiji,FJI,2011,0.719
Fiji,FJI,2012,0.722
Fiji,FJI,2013,0.728
Fiji,FJI,2014,0.733
Fiji,FJI,2015,0.737
Fiji,FJI,2016,0.738
Fiji,FJI,2017,0.74
Fiji,FJI,2018,0.742
Fiji,FJI,2019,0.743
France,FRA,2010,0.879
France,FRA,2011,0.882
France,FRA,2012,0.885
France,FRA,2013,0.889
France,FRA,2014,0.893
France,FRA,2015,0.895
France,FRA,2016,0.894
France,FRA,2017,0.897
France,FRA,2018,0.898
France,FRA,2019,0.901
Micronesia (Federated States of),FSM,2010,0.601
Micronesia (Federated States of),FSM,2011,0.604
Micronesia (Federated States of),FSM,2012,0.605
Micronesia (Federated States of),FSM,2013,0.605
Micronesia (Federated States of),FSM,2014,0.604
Micronesia (Federated States of),FSM,2015,0.612
Micronesia (Federated States of),FSM,2016,0.614
Micronesia (Federated States of),FSM,2017,0.616
Micronesia (Federated States of),FSM,2018,0.618
Micronesia (Federated States of),FSM,2019,0.62
Gabon,GAB,2010,0.652
Gabon,GAB,2011,0.657
Gabon,GAB,2012,0.666
Gabon,GAB,2013,0.673
Gabon,GAB,2014,0.682
Gabon,GAB,2015,0.685
Gabon,GAB,2016,0.69
Gabon,GAB,2017,0.694
Gabon,GAB,2018,0.697
Gabon,GAB,2019,0.703
United Kingdom,GBR,2010,0.912
United Kingdom,GBR,2011,0.906
United Kingdom,GBR,2012,0.904
United Kingdom,GBR,2013,0.921
United Kingdom,GBR,2014,0.925
United Kingdom,GBR,2015,0.923
United Kingdom,GBR,2016,0.924
United Kingdom,GBR,2017,0.926
United Kingdom,GBR,2018,0.928
United Kingdom,GBR,2019,0.932
Georgia,GEO,2010,0.751
Georgia,GEO,2011,0.757
Georgia,GEO,2012,0.767
Georgia,GEO,2013,0.775
Georgia,GEO,2014,0.783
Georgia,GEO,2015,0.79
Georgia,GEO,2016,0.792
Georgia,GEO,2017,0.799
Georgia,GEO,2018,0.805
Georgia,GEO,2019,0.812
Ghana,GHA,2010,0.565
Ghana,GHA,2011,0.574
Ghana,GHA,2012,0.577
Ghana,GHA,2013,0.586
Ghana,GHA,2014,0.59
Ghana,GHA,2015,0.59
Ghana,GHA,2016,0.598
Ghana,GHA,2017,0.602
Ghana,GHA,2018,0.606
Ghana,GHA,2019,0.611
Guinea,GIN,2010,0.416
Guinea,GIN,2011,0.429
Guinea,GIN,2012,0.439
Guinea,GIN,2013,0.445
Guinea,GIN,2014,0.452
Guinea,GIN,2015,0.457
Guinea,GIN,2016,0.465
Guinea,GIN,2017,0.471
Guinea,GIN,2018,0.473
Guinea,GIN,2019,0.477
Gambia,GMB,2010,0.459
Gambia,GMB,2011,0.455
Gambia,GMB,2012,0.461
Gambia,GMB,2013,0.467
Gambia,GMB,2014,0.468
Gambia,GMB,2015,0.471
Gambia,GMB,2016,0.475
Gambia,GMB,2017,0.48
Gambia,GMB,2018,0.487
Gambia,GMB,2019,0.496
Guinea-Bissau,GNB,2010,0.436
Guinea-Bissau,GNB,2011,0.445
Guinea-Bissau,GNB,2012,0.448
Guinea-Bissau,GNB,2013,0.452
Guinea-Bissau,GNB,2014,0.459
Guinea-Bissau,GNB,2015,0.464
Guinea-Bissau,GNB,2016,0.468
Guinea-Bissau,GNB,2017,0.47
Guinea-Bissau,GNB,2018,0.472
Guinea-Bissau,GNB,2019,0.48
Equatorial Guinea,GNQ,2010,0.576
Equatorial Guinea,GNQ,2011,0.58
Equatorial Guinea,GNQ,2012,0.584
Equatorial Guinea,GNQ,2013,0.585
Equatorial Guinea,GNQ,2014,0.586
Equatorial Guinea,GNQ,2015,0.589
Equatorial Guinea,GNQ,2016,0.588
Equatorial Guinea,GNQ,2017,0.584
Equatorial Guinea,GNQ,2018,0.582
Equatorial Guinea,GNQ,2019,0.592
Greece,GRC,2010,0.865
Greece,GRC,2011,0.862
Greece,GRC,2012,0.865
Greece,GRC,2013,0.867
Greece,GRC,2014,0.875
Greece,GRC,2015,0.877
Greece,GRC,2016,0.874
Greece,GRC,2017,0.879
Greece,GRC,2018,0.881
Greece,GRC,2019,0.888
Grenada,GRD,2010,0.754
Grenada,GRD,2011,0.756
Grenada,GRD,2012,0.757
Grenada,GRD,2013,0.76
Grenada,GRD,2014,0.766
Grenada,GRD,2015,0.77
Grenada,GRD,2016,0.771
Grenada,GRD,2017,0.77
Grenada,GRD,2018,0.773
Grenada,GRD,2019,0.779
Guatemala,GTM,2010,0.606
Guatemala,GTM,2011,0.612
Guatemala,GTM,2012,0.618
Guatemala,GTM,2013,0.621
Guatemala,GTM,2014,0.648
Guatemala,GTM,2015,0.652
Guatemala,GTM,2016,0.653
Guatemala,GTM,2017,0.655
Guatemala,GTM,2018,0.657
Guatemala,GTM,2019,0.663
Guyana,GUY,2010,0.649
Guyana,GUY,2011,0.658
Guyana,GUY,2012,0.662
Guyana,GUY,2013,0.666
Guyana,GUY,2014,0.671
Guyana,GUY,2015,0.674
Guyana,GUY,2016,0.676
Guyana,GUY,2017,0.677
Guyana,GUY,2018,0.68
Guyana,GUY,2019,0.682
"Hong Kong, China (SAR)",HKG,2010,0.904
"Hong Kong, China (SAR)",HKG,2011,0.907
"Hong Kong, China (SAR)",HKG,2012,0.914
"Hong Kong, China (SAR)",HKG,2013,0.918
"Hong Kong, China (SAR)",HKG,2014,0.926
"Hong Kong, China (SAR)",HKG,2015,0.93
"Hong Kong, China (SAR)",HKG,2016,0.936
"Hong Kong, China (SAR)",HKG,2017,0.941
"Hong Kong, China (SAR)",HKG,2018,0.946
"Hong Kong, China (SAR)",HKG,2019,0.949
Honduras,HND,2010,0.61
Honduras,HND,2011,0.613
Honduras,HND,2012,0.612
Honduras,HND,2013,0.613
Honduras,HND,2014,0.616
Honduras,HND,2015,0.618
Honduras,HND,2016,0.626
Honduras,HND,2017,0.63
Honduras,HND,2018,0.633
Honduras,HND,2019,0.634
Croatia,HRV,2010,0.815
Croatia,HRV,2011,0.823
Croatia,HRV,2012,0.825
Croatia,HRV,2013,0.83
Croatia,HRV,2014,0.835
Croatia,HRV,2015,0.84
Croatia,HRV,2016,0.841
Croatia,HRV,2017,0.845
Croatia,HRV,2018,0.848
Croatia,HRV,2019,0.851
Haiti,HTI,2010,0.471
Haiti,HTI,2011,0.478
Haiti,HTI,2012,0.482
Haiti,HTI,2013,0.487
Haiti,HTI,2014,0.492
Haiti,HTI,2015,0.496
Haiti,HTI,2016,0.5
Haiti,HTI,2017,0.505
Haiti,HTI,2018,0.508
Haiti,HTI,2019,0.51
Hungary,HUN,2010,0.831
Hungary,HUN,2011,0.828
Hungary,HUN,2012,0.831
Hungary,HUN,2013,0.839
Hungary,HUN,2014,0.838
Hungary,HUN,2015,0.842
Hungary,HUN,2016,0.844
Hungary,HUN,2017,0.846
Hungary,HUN,2018,0.85
Hungary,HUN,2019,0.854
Indonesia,IDN,2010,0.665
Indonesia,IDN,2011,0.673
Indonesia,IDN,2012,0.681
Indonesia,IDN,2013,0.687
Indonesia,IDN,2014,0.69
Indonesia,IDN,2015,0.695
Indonesia,IDN,2016,0.703
Indonesia,IDN,2017,0.707
Indonesia,IDN,2018,0.712
Indonesia,IDN,2019,0.718
India,IND,2010,0.579
India,IND,2011,0.588
India,IND,2012,0.597
India,IND,2013,0.604
India,IND,2014,0.616
India,IND,2015,0.624
India,IND,2016,0.63
India,IND,2017,0.64
India,IND,2018,0.642
India,IND,2019,0.645
Ireland,IRL,2010,0.901
Ireland,IRL,2011,0.902
Ireland,IRL,2012,0.908
Ireland,IRL,2013,0.917
Ireland,IRL,2014,0.928
Ireland,IRL,2015,0.935
Ireland,IRL,2016,0.943
Ireland,IRL,2017,0.947
Ireland,IRL,2018,0.951
Ireland,IRL,2019,0.955
Iran (Islamic Republic of),IRN,2010,0.742
Iran (Islamic Republic of),IRN,2011,0.753
Iran (Islamic Republic of),IRN,2012,0.768
Iran (Islamic Republic of),IRN,2013,0.771
Iran (Islamic Republic of),IRN,2014,0.774
Iran (Islamic Republic of),IRN,2015,0.774
Iran (Islamic Republic of),IRN,2016,0.784
Iran (Islamic Republic of),IRN,2017,0.787
Iran (Islamic Republic of),IRN,2018,0.785
Iran (Islamic Republic of),IRN,2019,0.783
Iraq,IRQ,2010,0.636
Iraq,IRQ,2011,0.642
Iraq,IRQ,2012,0.646
Iraq,IRQ,2013,0.646
Iraq,IRQ,2014,0.645
Iraq,IRQ,2015,0.649
Iraq,IRQ,2016,0.656
Iraq,IRQ,2017,0.667
Iraq,IRQ,2018,0.671
Iraq,IRQ,2019,0.674
Iceland,ISL,2010,0.898
Iceland,ISL,2011,0.907
Iceland,ISL,2012,0.915
Iceland,ISL,2013,0.927
Iceland,ISL,2014,0.931
Iceland,ISL,2015,0.934
Iceland,ISL,2016,0.941
Iceland,ISL,2017,0.943
Iceland,ISL,2018,0.946
Iceland,ISL,2019,0.949
Israel,ISR,2010,0.895
Israel,ISR,2011,0.901
Israel,ISR,2012,0.903
Israel,ISR,2013,0.905
Israel,ISR,2014,0.909
Israel,ISR,2015,0.91
Israel,ISR,2016,0.913
Israel,ISR,2017,0.913
Israel,ISR,2018,0.916
Israel,ISR,2019,0.919
Italy,ITA,2010,0.879
Italy,ITA,2011,0.883
Italy,ITA,2012,0.882
Italy,ITA,2013,0.881
Italy,ITA,2014,0.882
Italy,ITA,2015,0.882
Italy,ITA,2016,0.884
Italy,ITA,2017,0.886
Italy,ITA,2018,0.89
Italy,ITA,2019,0.892
Jamaica,JAM,2010,0.732
Jamaica,JAM,2011,0.731
Jamaica,JAM,2012,0.731
Jamaica,JAM,2013,0.729
Jamaica,JAM,2014,0.729
Jamaica,JAM,2015,0.731
Jamaica,JAM,2016,0.731
Jamaica,JAM,2017,0.734
Jamaica,JAM,2018,0.734
Jamaica,JAM,2019,0.734
Jordan,JOR,2010,0.737
Jordan,JOR,2011,0.734
Jordan,JOR,2012,0.735
Jordan,JOR,2013,0.729
Jordan,JOR,2014,0.729
Jordan,JOR,2015,0.73
Jordan,JOR,2016,0.729
Jordan,JOR,2017,0.726
Jordan,JOR,2018,0.728
Jordan,JOR,2019,0.729
Japan,JPN,2010,0.887
Japan,JPN,2011,0.892
Japan,JPN,2012,0.897
Japan,JPN,2013,0.902
Japan,JPN,2014,0.906
Japan,JPN,2015,0.908
Japan,JPN,2016,0.912
Japan,JPN,2017,0.915
Japan,JPN,2018,0.917
Japan,JPN,2019,0.919
Kazakhstan,KAZ,2010,0.764
Kazakhstan,KAZ,2011,0.772
Kazakhstan,KAZ,2012,0.782
Kazakhstan,KAZ,2013,0.791
Kazakhstan,KAZ,2014,0.798
Kazakhstan,KAZ,2015,0.806
Kazakhstan,KAZ,2016,0.808
Kazakhstan,KAZ,2017,0.815
Kazakhstan,KAZ,2018,0.819
Kazakhstan,KAZ,2019,0.825
Kenya,KEN,2010,0.551
Kenya,KEN,2011,0.559
Kenya,KEN,2012,0.566
Kenya,KEN,2013,0.573
Kenya,KEN,2014,0.58
Kenya,KEN,2015,0.587
Kenya,KEN,2016,0.591
Kenya,KEN,2017,0.595
Kenya,KEN,2018,0.599
Kenya,KEN,2019,0.601
Kyrgyzstan,KGZ,2010,0.662
Kyrgyzstan,KGZ,2011,0.664
Kyrgyzstan,KGZ,2012,0.674
Kyrgyzstan,KGZ,2013,0.68
Kyrgyzstan,KGZ,2014,0.686
Kyrgyzstan,KGZ,2015,0.69
Kyrgyzstan,KGZ,2016,0.691
Kyrgyzstan,KGZ,2017,0.694
Kyrgyzstan,KGZ,2018,0.696
Kyrgyzstan,KGZ,2019,0.697
Cambodia,KHM,2010,0.539
Cambodia,KHM,2011,0.546
Cambodia,KHM,2012,0.552
Cambodia,KHM,2013,0.559
Cambodia,KHM,2014,0.565
Cambodia,KHM,2015,0.57
Cambodia,KHM,2016,0.576
Cambodia,KHM,2017,0.582
Cambodia,KHM,2018,0.585
Cambodia,KHM,2019,0.594
Kiribati,KIR,2010,0.593
Kiribati,KIR,2011,0.591
Kiribati,KIR,2012,0.6
Kiribati,KIR,2013,0.608
Kiribati,KIR,2014,0.617
Kiribati,KIR,2015,0.625
Kiribati,KIR,2016,0.622
Kiribati,KIR,2017,0.627
Kiribati,KIR,2018,0.628
Kiribati,KIR,2019,0.63
Saint Kitts and Nevis,KNA,2010,0.746
Saint Kitts and Nevis,KNA,2011,0.749
Saint Kitts and Nevis,KNA,2012,0.745
Saint Kitts and Nevis,KNA,2013,0.764
Saint Kitts and Nevis,KNA,2014,0.768
Saint Kitts and Nevis,KNA,2015,0.768
Saint Kitts and Nevis,KNA,2016,0.771
Saint Kitts and Nevis,KNA,2017,0.77
Saint Kitts and Nevis,KNA,2018,0.773
Saint Kitts and Nevis,KNA,2019,0.779
Korea (Republic of),KOR,2010,0.889
Korea (Republic of),KOR,2011,0.895
Korea (Republic of),KOR,2012,0.898
Korea (Republic of),KOR,2013,0.901
Korea (Republic of),KOR,2014,0.904
Korea (Republic of),KOR,2015,0.907
Korea (Republic of),KOR,2016,0.91
Korea (Republic of),KOR,2017,0.912
Korea (Republic of),KOR,2018,0.914
Korea (Republic of),KOR,2019,0.916
Kuwait,KWT,2010,0.788
Kuwait,KWT,2011,0.792
Kuwait,KWT,2012,0.796
Kuwait,KWT,2013,0.793
Kuwait,KWT,2014,0.796
Kuwait,KWT,2015,0.801
Kuwait,KWT,2016,0.804
Kuwait,KWT,2017,0.805
Kuwait,KWT,2018,0.807
Kuwait,KWT,2019,0.806
Lao People's Democratic Republic,LAO,2010,0.552
Lao People's Democratic Republic,LAO,2011,0.565
Lao People's Democratic Republic,LAO,2012,0.575
Lao People's Democratic Republic,LAO,2013,0.582
Lao People's Democratic Republic,LAO,2014,0.589
Lao People's Democratic Republic,LAO,2015,0.598
Lao People's Democratic Republic,LAO,2016,0.605
Lao People's Democratic Republic,LAO,2017,0.608
Lao People's Democratic Republic,LAO,2018,0.609
Lao People's Democratic Republic,LAO,2019,0.613
Lebanon,LBN,2010,0.766
Lebanon,LBN,2011,0.768
Lebanon,LBN,2012,0.759
Lebanon,LBN,2013,0.757
Lebanon,LBN,2014,0.748
Lebanon,LBN,2015,0.744
Lebanon,LBN,2016,0.741
Lebanon,LBN,2017,0.748
Lebanon,LBN,2018,0.747
Lebanon,LBN,2019,0.744
Liberia,LBR,2010,0.455
Liberia,LBR,2011,0.472
Liberia,LBR,2012,0.469
Liberia,LBR,2013,0.477
Liberia,LBR,2014,0.478
Liberia,LBR,2015,0.477
Liberia,LBR,2016,0.478
Liberia,LBR,2017,0.481
Liberia,LBR,2018,0.48
Liberia,LBR,2019,0.48
Libya,LBY,2010,0.798
Libya,LBY,2011,0.764
Libya,LBY,2012,0.789
Libya,LBY,2013,0.761
Libya,LBY,2014,0.728
Libya,LBY,2015,0.697
Libya,LBY,2016,0.687
Libya,LBY,2017,0.714
Libya,LBY,2018,0.721
Libya,LBY,2019,0.724
Saint Lucia,LCA,2010,0.73
Saint Lucia,LCA,2011,0.736
Saint Lucia,LCA,2012,0.73
Saint Lucia,LCA,2013,0.732
Saint Lucia,LCA,2014,0.735
Saint Lucia,LCA,2015,0.747
Saint Lucia,LCA,2016,0.752
Saint Lucia,LCA,2017,0.759
Saint Lucia,LCA,2018,0.758
Saint Lucia,LCA,2019,0.759
Liechtenstein,LIE,2010,0.904
Liechtenstein,LIE,2011,0.909
Liechtenstein,LIE,2012,0.908
Liechtenstein,LIE,2013,0.912
Liechtenstein,LIE,2014,0.911
Liechtenstein,LIE,2015,0.911
Liechtenstein,LIE,2016,0.915
Liechtenstein,LIE,2017,0.916
Liechtenstein,LIE,2018,0.919
Liechtenstein,LIE,2019,0.919
Sri Lanka,LKA,2010,0.754
Sri Lanka,LKA,2011,0.76
Sri Lanka,LKA,2012,0.766
Sri Lanka,LKA,2013,0.769
Sri Lanka,LKA,2014,0.773
Sri Lanka,LKA,2015,0.776
Sri Lanka,LKA,2016,0.773
Sri Lanka,LKA,2017,0.775
Sri Lanka,LKA,2018,0.779
Sri Lanka,LKA,2019,0.782
Lesotho,LSO,2010,0.46
Lesotho,LSO,2011,0.469
Lesotho,LSO,2012,0.48
Lesotho,LSO,2013,0.489
Lesotho,LSO,2014,0.498
Lesotho,LSO,2015,0.503
Lesotho,LSO,2016,0.512
Lesotho,LSO,2017,0.517
Lesotho,LSO,2018,0.522
Lesotho,LSO,2019,0.527
Lithuania,LTU,2010,0.831
Lithuania,LTU,2011,0.838
Lithuania,LTU,2012,0.841
Lithuania,LTU,2013,0.847
Lithuania,LTU,2014,0.859
Lithuania,LTU,2015,0.862
Lithuania,LTU,2016,0.867
Lithuania,LTU,2017,0.873
Lithuania,LTU,2018,0.876
Lithuania,LTU,2019,0.882
Luxembourg,LUX,2010,0.898
Luxembourg,LUX,2011,0.899
Luxembourg,LUX,2012,0.9
Luxembourg,LUX,2013,0.9
Luxembourg,LUX,2014,0.903
Luxembourg,LUX,2015,0.906
Luxembourg,LUX,2016,0.91
Luxembourg,LUX,2017,0.913
Luxembourg,LUX,2018,0.913
Luxembourg,LUX,2019,0.916
Latvia,LVA,2010,0.824
Latvia,LVA,2011,0.829
Latvia,LVA,2012,0.832
Latvia,LVA,2013,0.839
Latvia,LVA,2014,0.845
Latvia,LVA,2015,0.849
Latvia,LVA,2016,0.854
Latvia,LVA,2017,0.859
Latvia,LVA,2018,0.863
Latvia,LVA,2019,0.866
Morocco,MAR,2010,0.616
Morocco,MAR,2011,0.626
Morocco,MAR,2012,0.635
Morocco,MAR,2013,0.644
Morocco,MAR,2014,0.652
Morocco,MAR,2015,0.658
Morocco,MAR,2016,0.667
Morocco,MAR,2017,0.673
Morocco,MAR,2018,0.68
Morocco,MAR,2019,0.686
Moldova (Republic of),MDA,2010,0.713
Moldova (Republic of),MDA,2011,0.719
Moldova (Republic of),MDA,2012,0.726
Moldova (Republic of),MDA,2013,0.735
Moldova (Republic of),MDA,2014,0.737
Moldova (Republic of),MDA,2015,0.736
Moldova (Republic of),MDA,2016,0.738
Moldova (Republic of),MDA,2017,0.743
Moldova (Republic of),MDA,2018,0.746
Moldova (Republic of),MDA,2019,0.75
Madagascar,MDG,2010,0.511
Madagascar,MDG,2011,0.512
Madagascar,MDG,2012,0.514
Madagascar,MDG,2013,0.517
Madagascar,MDG,2014,0.52
Madagascar,MDG,2015,0.522
Madagascar,MDG,2016,0.523
Madagascar,MDG,2017,0.526
Madagascar,MDG,2018,0.527
Madagascar,MDG,2019,0.528
Maldives,MDV,2010,0.685
Maldives,MDV,2011,0.697
Maldives,MDV,2012,0.704
Maldives,MDV,2013,0.709
Maldives,MDV,2014,0.718
Maldives,MDV,2015,0.724
Maldives,MDV,2016,0.728
Maldives,MDV,2017,0.731
Maldives,MDV,2018,0.734
Maldives,MDV,2019,0.74
Mexico,MEX,2010,0.748
Mexico,MEX,2011,0.755
Mexico,MEX,2012,0.759
Mexico,MEX,2013,0.756
Mexico,MEX,2014,0.761
Mexico,MEX,2015,0.766
Mexico,MEX,2016,0.768
Mexico,MEX,2017,0.771
Mexico,MEX,2018,0.776
Mexico,MEX,2019,0.779
North Macedonia,MKD,2010,0.743
North Macedonia,MKD,2011,0.747
North Macedonia,MKD,2012,0.748
North Macedonia,MKD,2013,0.751
North Macedonia,MKD,2014,0.755
North Macedonia,MKD,2015,0.761
North Macedonia,MKD,2016,0.765
North Macedonia,MKD,2017,0.767
North Macedonia,MKD,2018,0.77
North Macedonia,MKD,2019,0.774
Mali,MLI,2010,0.408
Mali,MLI,2011,0.413
Mali,MLI,2012,0.413
Mali,MLI,2013,0.413
Mali,MLI,2014,0.419
Mali,MLI,2015,0.417
Mali,MLI,2016,0.422
Mali,MLI,2017,0.427
Mali,MLI,2018,0.431
Mali,MLI,2019,0.434
Malta,MLT,2010,0.853
Malta,MLT,2011,0.853
Malta,MLT,2012,0.86
Malta,MLT,2013,0.867
Malta,MLT,2014,0.874
Malta,MLT,2015,0.88
Malta,MLT,2016,0.885
Malta,MLT,2017,0.888
Malta,MLT,2018,0.894
Malta,MLT,2019,0.895
Myanmar,MMR,2010,0.515
Myanmar,MMR,2011,0.526
Myanmar,MMR,2012,0.533
Myanmar,MMR,2013,0.543
Myanmar,MMR,2014,0.55
Myanmar,MMR,2015,0.557
Myanmar,MMR,2016,0.563
Myanmar,MMR,2017,0.572
Myanmar,MMR,2018,0.579
Myanmar,MMR,2019,0.583
Montenegro,MNE,2010,0.802
Montenegro,MNE,2011,0.806
Montenegro,MNE,2012,0.807
Montenegro,MNE,2013,0.811
Montenegro,MNE,2014,0.813
Montenegro,MNE,2015,0.816
Montenegro,MNE,2016,0.818
Montenegro,MNE,2017,0.822
Montenegro,MNE,2018,0.826
Montenegro,MNE,2019,0.829
Mongolia,MNG,2010,0.696
Mongolia,MNG,2011,0.71
Mongolia,MNG,2012,0.718
Mongolia,MNG,2013,0.727
Mongolia,MNG,2014,0.732
Mongolia,MNG,2015,0.735
Mongolia,MNG,2016,0.729
Mongolia,MNG,2017,0.728
Mongolia,MNG,2018,0.735
Mongolia,MNG,2019,0.737
Mozambique,MOZ,2010,0.401
Mozambique,MOZ,2011,0.397
Mozambique,MOZ,2012,0.403
Mozambique,MOZ,2013,0.417
Mozambique,MOZ,2014,0.425
Mozambique,MOZ,2015,0.433
Mozambique,MOZ,2016,0.441
Mozambique,MOZ,2017,0.446
Mozambique,MOZ,2018,0.452
Mozambique,MOZ,2019,0.456
Mauritania,MRT,2010,0.505
Mauritania,MRT,2011,0.509
Mauritania,MRT,2012,0.517
Mauritania,MRT,2013,0.525
Mauritania,MRT,2014,0.531
Mauritania,MRT,2015,0.536
Mauritania,MRT,2016,0.542
Mauritania,MRT,2017,0.54
Mauritania,MRT,2018,0.542
Mauritania,MRT,2019,0.546
Mauritius,MUS,2010,0.751
Mauritius,MUS,2011,0.76
Mauritius,MUS,2012,0.771
Mauritius,MUS,2013,0.779
Mauritius,MUS,2014,0.789
Mauritius,MUS,2015,0.789
Mauritius,MUS,2016,0.794
Mauritius,MUS,2017,0.797
Mauritius,MUS,2018,0.801
Mauritius,MUS,2019,0.804
Malawi,MWI,2010,0.431
Malawi,MWI,2011,0.44
Malawi,MWI,2012,0.446
Malawi,MWI,2013,0.456
Malawi,MWI,2014,0.465
Malawi,MWI,2015,0.468
Malawi,MWI,2016,0.472
Malawi,MWI,2017,0.473
Malawi,MWI,2018,0.478
Malawi,MWI,2019,0.483
Malaysia,MYS,2010,0.772
Malaysia,MYS,2011,0.778
Malaysia,MYS,2012,0.781
Malaysia,MYS,2013,0.785
Malaysia,MYS,2014,0.791
Malaysia,MYS,2015,0.796
Malaysia,MYS,2016,0.8
Malaysia,MYS,2017,0.805
Malaysia,MYS,2018,0.805
Malaysia,MYS,2019,0.81
Namibia,NAM,2010,0.589
Namibia,NAM,2011,0.602
Namibia,NAM,2012,0.613
Namibia,NAM,2013,0.624
Namibia,NAM,2014,0.631
Namibia,NAM,2015,0.638
Namibia,NAM,2016,0.639
Namibia,NAM,2017,0.644
Namibia,NAM,2018,0.645
Namibia,NAM,2019,0.646
Niger,NER,2010,0.331
Niger,NER,2011,0.338
Niger,NER,2012,0.35
Niger,NER,2013,0.357
Niger,NER,2014,0.365
Niger,NER,2015,0.372
Niger,NER,2016,0.378
Niger,NER,2017,0.386
Niger,NER,2018,0.391
Niger,NER,2019,0.394
Nigeria,NGA,2010,0.482
Nigeria,NGA,2011,0.492
Nigeria,NGA,2012,0.5
Nigeria,NGA,2013,0.519
Nigeria,NGA,2014,0.523
Nigeria,NGA,2015,0.526
Nigeria,NGA,2016,0.526
Nigeria,NGA,2017,0.531
Nigeria,NGA,2018,0.534
Nigeria,NGA,2019,0.539
Nicaragua,NIC,2010,0.622
Nicaragua,NIC,2011,0.628
Nicaragua,NIC,2012,0.633
Nicaragua,NIC,2013,0.639
Nicaragua,NIC,2014,0.649
Nicaragua,NIC,2015,0.652
Nicaragua,NIC,2016,0.657
Nicaragua,NIC,2017,0.661
Nicaragua,NIC,2018,0.659
Nicaragua,NIC,2019,0.66
Netherlands,NLD,2010,0.917
Netherlands,NLD,2011,0.928
Netherlands,NLD,2012,0.928
Netherlands,NLD,2013,0.93
Netherlands,NLD,2014,0.932
Netherlands,NLD,2015,0.934
Netherlands,NLD,2016,0.936
Netherlands,NLD,2017,0.939
Netherlands,NLD,2018,0.942
Netherlands,NLD,2019,0.944
Norway,NOR,2010,0.94
Norway,NOR,2011,0.942
Norway,NOR,2012,0.941
Norway,NOR,2013,0.944
Norway,NOR,2014,0.944
Norway,NOR,2015,0.947
Norway,NOR,2016,0.95
Norway,NOR,2017,0.954
Norway,NOR,2018,0.956
Norway,NOR,2019,0.957
Nepal,NPL,2010,0.537
Nepal,NPL,2011,0.545
Nepal,NPL,2012,0.559
Nepal,NPL,2013,0.568
Nepal,NPL,2014,0.576
Nepal,NPL,2015,0.583
Nepal,NPL,2016,0.586
Nepal,NPL,2017,0.588
Nepal,NPL,2018,0.596
Nepal,NPL,2019,0.602
New Zealand,NZL,2010,0.906
New Zealand,NZL,2011,0.909
New Zealand,NZL,2012,0.911
New Zealand,NZL,2013,0.914
New Zealand,NZL,2014,0.916
New Zealand,NZL,2015,0.921
New Zealand,NZL,2016,0.924
New Zealand,NZL,2017,0.926
New Zealand,NZL,2018,0.928
New Zealand,NZL,2019,0.931
Oman,OMN,2010,0.782
Oman,OMN,2011,0.782
Oman,OMN,2012,0.791
Oman,OMN,2013,0.799
Oman,OMN,2014,0.802
Oman,OMN,2015,0.814
Oman,OMN,2016,0.815
Oman,OMN,2017,0.819
Oman,OMN,2018,0.813
Oman,OMN,2019,0.813
Pakistan,PAK,2010,0.512
Pakistan,PAK,2011,0.516
Pakistan,PAK,2012,0.519
Pakistan,PAK,2013,0.523
Pakistan,PAK,2014,0.53
Pakistan,PAK,2015,0.536
Pakistan,PAK,2016,0.542
Pakistan,PAK,2017,0.55
Pakistan,PAK,2018,0.552
Pakistan,PAK,2019,0.557
Panama,PAN,2010,0.774
Panama,PAN,2011,0.78
Panama,PAN,2012,0.786
Panama,PAN,2013,0.791
Panama,PAN,2014,0.795
Panama,PAN,2015,0.799
Panama,PAN,2016,0.805
Panama,PAN,2017,0.811
Panama,PAN,2018,0.812
Panama,PAN,2019,0.815
Peru,PER,2010,0.721
Peru,PER,2011,0.734
Peru,PER,2012,0.742
Peru,PER,2013,0.75
Peru,PER,2014,0.76
Peru,PER,2015,0.759
Peru,PER,2016,0.765
Peru,PER,2017,0.767
Peru,PER,2018,0.771
Peru,PER,2019,0.777
Philippines,PHL,2010,0.671
Philippines,PHL,2011,0.676
Philippines,PHL,2012,0.684
Philippines,PHL,2013,0.691
Philippines,PHL,2014,0.696
Philippines,PHL,2015,0.701
Philippines,PHL,2016,0.704
Philippines,PHL,2017,0.708
Philippines,PHL,2018,0.711
Philippines,PHL,2019,0.718
Palau,PLW,2010,0.786
Palau,PLW,2011,0.793
Palau,PLW,2012,0.795
Palau,PLW,2013,0.821
Palau,PLW,2014,0.825
Palau,PLW,2015,0.82
Palau,PLW,2016,0.822
Palau,PLW,2017,0.822
Palau,PLW,2018,0.822
Palau,PLW,2019,0.826
Papua New Guinea,PNG,2010,0.522
Papua New Guinea,PNG,2011,0.53
Papua New Guinea,PNG,2012,0.52
Papua New Guinea,PNG,2013,0.537
Papua New Guinea,PNG,2014,0.542
Papua New Guinea,PNG,2015,0.548
Papua New Guinea,PNG,2016,0.549
Papua New Guinea,PNG,2017,0.549
Papua New Guinea,PNG,2018,0.549
Papua New Guinea,PNG,2019,0.555
Poland,POL,2010,0.84
Poland,POL,2011,0.845
Poland,POL,2012,0.842
Poland,POL,2013,0.856
Poland,POL,2014,0.858
Poland,POL,2015,0.863
Poland,POL,2016,0.869
Poland,POL,2017,0.873
Poland,POL,2018,0.877
Poland,POL,2019,0.88
Portugal,PRT,2010,0.829
Portugal,PRT,2011,0.833
Portugal,PRT,2012,0.836
Portugal,PRT,2013,0.84
Portugal,PRT,2014,0.847
Portugal,PRT,2015,0.854
Portugal,PRT,2016,0.855
Portugal,PRT,2017,0.858
Portugal,PRT,2018,0.86
Portugal,PRT,2019,0.864
Paraguay,PRY,2010,0.696
Paraguay,PRY,2011,0.701
Paraguay,PRY,2012,0.701
Paraguay,PRY,2013,0.712
Paraguay,PRY,2014,0.715
Paraguay,PRY,2015,0.721
Paraguay,PRY,2016,0.722
Paraguay,PRY,2017,0.726
Paraguay,PRY,2018,0.727
Paraguay,PRY,2019,0.728
"Palestine, State of",PSE,2010,0.684
"Palestine, State of",PSE,2011,0.692
"Palestine, State of",PSE,2012,0.698
"Palestine, State of",PSE,2013,0.695
"Palestine, State of",PSE,2014,0.697
"Palestine, State of",PSE,2015,0.701
"Palestine, State of",PSE,2016,0.704
"Palestine, State of",PSE,2017,0.706
"Palestine, State of",PSE,2018,0.708
"Palestine, State of",PSE,2019,0.708
Qatar,QAT,2010,0.834
Qatar,QAT,2011,0.84
Qatar,QAT,2012,0.854
Qatar,QAT,2013,0.842
Qatar,QAT,2014,0.835
Qatar,QAT,2015,0.839
Qatar,QAT,2016,0.845
Qatar,QAT,2017,0.848
Qatar,QAT,2018,0.845
Qatar,QAT,2019,0.848
Romania,ROU,2010,0.805
Romania,ROU,2011,0.806
Romania,ROU,2012,0.803
Romania,ROU,2013,0.808
Romania,ROU,2014,0.811
Romania,ROU,2015,0.815
Romania,ROU,2016,0.82
Romania,ROU,2017,0.821
Romania,ROU,2018,0.823
Romania,ROU,2019,0.828
Russian Federation,RUS,2010,0.781
Russian Federation,RUS,2011,0.79
Russian Federation,RUS,2012,0.798
Russian Federation,RUS,2013,0.802
Russian Federation,RUS,2014,0.807
Russian Federation,RUS,2015,0.809
Russian Federation,RUS,2016,0.815
Russian Federation,RUS,2017,0.82
Russian Federation,RUS,2018,0.823
Russian Federation,RUS,2019,0.824
Rwanda,RWA,2010,0.492
Rwanda,RWA,2011,0.5
Rwanda,RWA,2012,0.508
Rwanda,RWA,2013,0.515
Rwanda,RWA,2014,0.521
Rwanda,RWA,2015,0.526
Rwanda,RWA,2016,0.527
Rwanda,RWA,2017,0.535
Rwanda,RWA,2018,0.54
Rwanda,RWA,2019,0.543
Saudi Arabia,SAU,2010,0.809
Saudi Arabia,SAU,2011,0.823
Saudi Arabia,SAU,2012,0.835
Saudi Arabia,SAU,2013,0.845
Saudi Arabia,SAU,2014,0.852
Saudi Arabia,SAU,2015,0.859
Saudi Arabia,SAU,2016,0.859
Saudi Arabia,SAU,2017,0.852
Saudi Arabia,SAU,2018,0.854
Saudi Arabia,SAU,2019,0.854
Sudan,SDN,2010,0.469
Sudan,SDN,2011,0.474
Sudan,SDN,2012,0.486
Sudan,SDN,2013,0.494
Sudan,SDN,2014,0.499
Sudan,SDN,2015,0.504
Sudan,SDN,2016,0.507
Sudan,SDN,2017,0.509
Sudan,SDN,2018,0.506
Sudan,SDN,2019,0.51
Senegal,SEN,2010,0.468
Senegal,SEN,2011,0.471
Senegal,SEN,2012,0.487
Senegal,SEN,2013,0.494
Senegal,SEN,2014,0.499
Senegal,SEN,2015,0.506
Senegal,SEN,2016,0.509
Senegal,SEN,2017,0.512
Senegal,SEN,2018,0.516
Senegal,SEN,2019,0.512
Singapore,SGP,2010,0.909
Singapore,SGP,2011,0.913
Singapore,SGP,2012,0.918
Singapore,SGP,2013,0.921
Singapore,SGP,2014,0.926
Singapore,SGP,2015,0.931
Singapore,SGP,2016,0.935
Singapore,SGP,2017,0.933
Singapore,SGP,2018,0.936
Singapore,SGP,2019,0.938
Solomon Islands,SLB,2010,0.537
Solomon Islands,SLB,2011,0.541
Solomon Islands,SLB,2012,0.553
Solomon Islands,SLB,2013,0.558
Solomon Islands,SLB,2014,0.559
Solomon Islands,SLB,2015,0.563
Solomon Islands,SLB,2016,0.561
Solomon Islands,SLB,2017,0.562
Solomon Islands,SLB,2018,0.564
Solomon Islands,SLB,2019,0.567
Sierra Leone,SLE,2010,0.399
Sierra Leone,SLE,2011,0.406
Sierra Leone,SLE,2012,0.421
Sierra Leone,SLE,2013,0.433
Sierra Leone,SLE,2014,0.438
Sierra Leone,SLE,2015,0.431
Sierra Leone,SLE,2016,0.431
Sierra Leone,SLE,2017,0.443
Sierra Leone,SLE,2018,0.447
Sierra Leone,SLE,2019,0.452
El Salvador,SLV,2010,0.668
El Salvador,SLV,2011,0.664
El Salvador,SLV,2012,0.669
El Salvador,SLV,2013,0.67
El Salvador,SLV,2014,0.668
El Salvador,SLV,2015,0.668
El Salvador,SLV,2016,0.671
El Salvador,SLV,2017,0.671
El Salvador,SLV,2018,0.67
El Salvador,SLV,2019,0.673
Serbia,SRB,2010,0.766
Serbia,SRB,2011,0.776
Serbia,SRB,2012,0.775
Serbia,SRB,2013,0.778
Serbia,SRB,2014,0.784
Serbia,SRB,2015,0.789
Serbia,SRB,2016,0.795
Serbia,SRB,2017,0.798
Serbia,SRB,2018,0.803
Serbia,SRB,2019,0.806
South Sudan,SSD,2010,0.41
South Sudan,SSD,2011,0.43
South Sudan,SSD,2012,0.397
South Sudan,SSD,2013,0.428
South Sudan,SSD,2014,0.428
South Sudan,SSD,2015,0.425
South Sudan,SSD,2016,0.421
South Sudan,SSD,2017,0.426
South Sudan,SSD,2018,0.429
South Sudan,SSD,2019,0.433
Sao Tome and Principe,STP,2010,0.561
Sao Tome and Principe,STP,2011,0.568
Sao Tome and Principe,STP,2012,0.573
Sao Tome and Principe,STP,2013,0.582
Sao Tome and Principe,STP,2014,0.591
Sao Tome and Principe,STP,2015,0.604
Sao Tome and Principe,STP,2016,0.608
Sao Tome and Principe,STP,2017,0.619
Sao Tome and Principe,STP,2018,0.624
Sao Tome and Principe,STP,2019,0.625
Suriname,SUR,2010,0.71
Suriname,SUR,2011,0.717
Suriname,SUR,2012,0.729
Suriname,SUR,2013,0.734
Suriname,SUR,2014,0.735
Suriname,SUR,2015,0.74
Suriname,SUR,2016,0.735
Suriname,SUR,2017,0.732
Suriname,SUR,2018,0.734
Suriname,SUR,2019,0.738
Slovakia,SVK,2010,0.831
Slovakia,SVK,2011,0.838
Slovakia,SVK,2012,0.843
Slovakia,SVK,2013,0.845
Slovakia,SVK,2014,0.847
Slovakia,SVK,2015,0.85
Slovakia,SVK,2016,0.853
Slovakia,SVK,2017,0.855
Slovakia,SVK,2018,0.858
Slovakia,SVK,2019,0.86
Slovenia,SVN,2010,0.889
Slovenia,SVN,2011,0.891
Slovenia,SVN,2012,0.884
Slovenia,SVN,2013,0.893
Slovenia,SVN,2014,0.894
Slovenia,SVN,2015,0.894
Slovenia,SVN,2016,0.9
Slovenia,SVN,2017,0.907
Slovenia,SVN,2018,0.912
Slovenia,SVN,2019,0.917
Sweden,SWE,2010,0.911
Sweden,SWE,2011,0.912
Sweden,SWE,2012,0.914
Sweden,SWE,2013,0.933
Sweden,SWE,2014,0.935
Sweden,SWE,2015,0.938
Sweden,SWE,2016,0.94
Sweden,SWE,2017,0.942
Sweden,SWE,2018,0.943
Sweden,SWE,2019,0.945
Eswatini (Kingdom of),SWZ,2010,0.51
Eswatini (Kingdom of),SWZ,2011,0.524
Eswatini (Kingdom of),SWZ,2012,0.539
Eswatini (Kingdom of),SWZ,2013,0.554
Eswatini (Kingdom of),SWZ,2014,0.568
Eswatini (Kingdom of),SWZ,2015,0.581
Eswatini (Kingdom of),SWZ,2016,0.588
Eswatini (Kingdom of),SWZ,2017,0.597
Eswatini (Kingdom of),SWZ,2018,0.605
Eswatini (Kingdom of),SWZ,2019,0.611
Seychelles,SYC,2010,0.764
Seychelles,SYC,2011,0.767
Seychelles,SYC,2012,0.755
Seychelles,SYC,2013,0.775
Seychelles,SYC,2014,0.775
Seychelles,SYC,2015,0.786
Seychelles,SYC,2016,0.787
Seychelles,SYC,2017,0.789
Seychelles,SYC,2018,0.79
Seychelles,SYC,2019,0.796
Syrian Arab Republic,SYR,2010,0.672
Syrian Arab Republic,SYR,2011,0.678
Syrian Arab Republic,SYR,2012,0.664
Syrian Arab Republic,SYR,2013,0.596
Syrian Arab Republic,SYR,2014,0.556
Syrian Arab Republic,SYR,2015,0.537
Syrian Arab Republic,SYR,2016,0.528
Syrian Arab Republic,SYR,2017,0.564
Syrian Arab Republic,SYR,2018,0.563
Syrian Arab Republic,SYR,2019,0.567
Chad,TCD,2010,0.369
Chad,TCD,2011,0.38
Chad,TCD,2012,0.388
Chad,TCD,2013,0.394
Chad,TCD,2014,0.401
Chad,TCD,2015,0.398
Chad,TCD,2016,0.393
Chad,TCD,2017,0.396
Chad,TCD,2018,0.397
Chad,TCD,2019,0.398
Togo,TGO,2010,0.466
Togo,TGO,2011,0.479
Togo,TGO,2012,0.482
Togo,TGO,2013,0.488
Togo,TGO,2014,0.493
Togo,TGO,2015,0.499
Togo,TGO,2016,0.502
Togo,TGO,2017,0.506
Togo,TGO,2018,0.51
Togo,TGO,2019,0.515
Thailand,THA,2010,0.724
Thailand,THA,2011,0.733
Thailand,THA,2012,0.737
Thailand,THA,2013,0.734
Thailand,THA,2014,0.742
Thailand,THA,2015,0.749
Thailand,THA,2016,0.756
Thailand,THA,2017,0.765
Thailand,THA,2018,0.772
Thailand,THA,2019,0.777
Tajikistan,TJK,2010,0.638
Tajikistan,TJK,2011,0.636
Tajikistan,TJK,2012,0.643
Tajikistan,TJK,2013,0.653
Tajikistan,TJK,2014,0.652
Tajikistan,TJK,2015,0.652
Tajikistan,TJK,2016,0.653
Tajikistan,TJK,2017,0.657
Tajikistan,TJK,2018,0.661
Tajikistan,TJK,2019,0.668
Turkmenistan,TKM,2010,0.666
Turkmenistan,TKM,2011,0.673
Turkmenistan,TKM,2012,0.679
Turkmenistan,TKM,2013,0.685
Turkmenistan,TKM,2014,0.689
Turkmenistan,TKM,2015,0.694
Turkmenistan,TKM,2016,0.699
Turkmenistan,TKM,2017,0.701
Turkmenistan,TKM,2018,0.71
Turkmenistan,TKM,2019,0.715
Timor-Leste,TLS,2010,0.628
Timor-Leste,TLS,2011,0.644
Timor-Leste,TLS,2012,0.639
Timor-Leste,TLS,2013,0.63
Timor-Leste,TLS,2014,0.62
Timor-Leste,TLS,2015,0.61
Timor-Leste,TLS,2016,0.598
Timor-Leste,TLS,2017,0.599
Timor-Leste,TLS,2018,0.599
Timor-Leste,TLS,2019,0.606
Tonga,TON,2010,0.699
Tonga,TON,2011,0.704
Tonga,TON,2012,0.708
Tonga,TON,2013,0.708
Tonga,TON,2014,0.707
Tonga,TON,2015,0.72
Tonga,TON,2016,0.722
Tonga,TON,2017,0.723
Tonga,TON,2018,0.723
Tonga,TON,2019,0.725
Trinidad and Tobago,TTO,2010,0.784
Trinidad and Tobago,TTO,2011,0.782
Trinidad and Tobago,TTO,2012,0.78
Trinidad and Tobago,TTO,2013,0.783
Trinidad and Tobago,TTO,2014,0.785
Trinidad and Tobago,TTO,2015,0.792
Trinidad and Tobago,TTO,2016,0.792
Trinidad and Tobago,TTO,2017,0.795
Trinidad and Tobago,TTO,2018,0.795
Trinidad and Tobago,TTO,2019,0.796
Tunisia,TUN,2010,0.716
Tunisia,TUN,2011,0.718
Tunisia,TUN,2012,0.72
Tunisia,TUN,2013,0.723
Tunisia,TUN,2014,0.726
Tunisia,TUN,2015,0.729
Tunisia,TUN,2016,0.731
Tunisia,TUN,2017,0.734
Tunisia,TUN,2018,0.738
Tunisia,TUN,2019,0.74
Turkey,TUR,2010,0.739
Turkey,TUR,2011,0.753
Turkey,TUR,2012,0.765
Turkey,TUR,2013,0.785
Turkey,TUR,2014,0.796
Turkey,TUR,2015,0.801
Turkey,TUR,2016,0.808
Turkey,TUR,2017,0.814
Turkey,TUR,2018,0.817
Turkey,TUR,2019,0.82
Tanzania (United Republic of),TZA,2010,0.481
Tanzania (United Republic of),TZA,2011,0.487
Tanzania (United Republic of),TZA,2012,0.496
Tanzania (United Republic of),TZA,2013,0.497
Tanzania (United Republic of),TZA,2014,0.504
Tanzania (United Republic of),TZA,2015,0.514
Tanzania (United Republic of),TZA,2016,0.52
Tanzania (United Republic of),TZA,2017,0.523
Tanzania (United Republic of),TZA,2018,0.524
Tanzania (United Republic of),TZA,2019,0.529
Uganda,UGA,2010,0.498
Uganda,UGA,2011,0.504
Uganda,UGA,2012,0.507
Uganda,UGA,2013,0.513
Uganda,UGA,2014,0.519
Uganda,UGA,2015,0.525
Uganda,UGA,2016,0.529
Uganda,UGA,2017,0.532
Uganda,UGA,2018,0.538
Uganda,UGA,2019,0.544
Ukraine,UKR,2010,0.755
Ukraine,UKR,2011,0.76
Ukraine,UKR,2012,0.764
Ukraine,UKR,2013,0.767
Ukraine,UKR,2014,0.771
Ukraine,UKR,2015,0.765
Ukraine,UKR,2016,0.768
Ukraine,UKR,2017,0.771
Ukraine,UKR,2018,0.774
Ukraine,UKR,2019,0.779
Uruguay,URY,2010,0.782
Uruguay,URY,2011,0.789
Uruguay,URY,2012,0.793
Uruguay,URY,2013,0.8
Uruguay,URY,2014,0.803
Uruguay,URY,2015,0.806
Uruguay,URY,2016,0.81
Uruguay,URY,2017,0.814
Uruguay,URY,2018,0.816
Uruguay,URY,2019,0.817
United States,USA,2010,0.916
United States,USA,2011,0.919
United States,USA,2012,0.92
United States,USA,2013,0.918
United States,USA,2014,0.92
United States,USA,2015,0.921
United States,USA,2016,0.922
United States,USA,2017,0.924
United States,USA,2018,0.925
United States,USA,2019,0.926
Uzbekistan,UZB,2010,0.669
Uzbekistan,UZB,2011,0.676
Uzbekistan,UZB,2012,0.685
Uzbekistan,UZB,2013,0.692
Uzbekistan,UZB,2014,0.696
Uzbekistan,UZB,2015,0.701
Uzbekistan,UZB,2016,0.705
Uzbekistan,UZB,2017,0.713
Uzbekistan,UZB,2018,0.717
Uzbekistan,UZB,2019,0.72
Saint Vincent and the Grenadines,VCT,2010,0.718
Saint Vincent and the Grenadines,VCT,2011,0.721
Saint Vincent and the Grenadines,VCT,2012,0.72
Saint Vincent and the Grenadines,VCT,2013,0.723
Saint Vincent and the Grenadines,VCT,2014,0.733
Saint Vincent and the Grenadines,VCT,2015,0.733
Saint Vincent and the Grenadines,VCT,2016,0.734
Saint Vincent and the Grenadines,VCT,2017,0.734
Saint Vincent and the Grenadines,VCT,2018,0.736
Saint Vincent and the Grenadines,VCT,2019,0.738
Venezuela (Bolivarian Republic of),VEN,2010,0.757
Venezuela (Bolivarian Republic of),VEN,2011,0.769
Venezuela (Bolivarian Republic of),VEN,2012,0.772
Venezuela (Bolivarian Republic of),VEN,2013,0.777
Venezuela (Bolivarian Republic of),VEN,2014,0.775
Venezuela (Bolivarian Republic of),VEN,2015,0.769
Venezuela (Bolivarian Republic of),VEN,2016,0.759
Venezuela (Bolivarian Republic of),VEN,2017,0.743
Venezuela (Bolivarian Republic of),VEN,2018,0.733
Venezuela (Bolivarian Republic of),VEN,2019,0.711
Viet Nam,VNM,2010,0.661
Viet Nam,VNM,2011,0.671
Viet Nam,VNM,2012,0.676
Viet Nam,VNM,2013,0.681
Viet Nam,VNM,2014,0.683
Viet Nam,VNM,2015,0.688
Viet Nam,VNM,2016,0.693
Viet Nam,VNM,2017,0.696
Viet Nam,VNM,2018,0.7
Viet Nam,VNM,2019,0.704
Vanuatu,VUT,2010,0.59
Vanuatu,VUT,2011,0.591
Vanuatu,VUT,2012,0.591
Vanuatu,VUT,2013,0.593
Vanuatu,VUT,2014,0.594
Vanuatu,VUT,2015,0.598
Vanuatu,VUT,2016,0.598
Vanuatu,VUT,2017,0.601
Vanuatu,VUT,2018,0.603
Vanuatu,VUT,2019,0.609
Samoa,WSM,2010,0.698
Samoa,WSM,2011,0.701
Samoa,WSM,2012,0.698
Samoa,WSM,2013,0.7
Samoa,WSM,2014,0.703
Samoa,WSM,2015,0.707
Samoa,WSM,2016,0.71
Samoa,WSM,2017,0.71
Samoa,WSM,2018,0.709
Samoa,WSM,2019,0.715
Yemen,YEM,2010,0.506
Yemen,YEM,2011,0.506
Yemen,YEM,2012,0.504
Yemen,YEM,2013,0.509
Yemen,YEM,2014,0.502
Yemen,YEM,2015,0.483
Yemen,YEM,2016,0.474
Yemen,YEM,2017,0.467
Yemen,YEM,2018,0.468
Yemen,YEM,2019,0.47
South Africa,ZAF,2010,0.664
South Africa,ZAF,2011,0.665
South Africa,ZAF,2012,0.675
South Africa,ZAF,2013,0.685
South Africa,ZAF,2014,0.693
South Africa,ZAF,2015,0.701
South Africa,ZAF,2016,0.703
South Africa,ZAF,2017,0.705
South Africa,ZAF,2018,0.707
South Africa,ZAF,2019,0.709
Zambia,ZMB,2010,0.527
Zambia,ZMB,2011,0.534
Zambia,ZMB,2012,0.549
Zambia,ZMB,2013,0.557
Zambia,ZMB,2014,0.561
Zambia,ZMB,2015,0.569
Zambia,ZMB,2016,0.571
Zambia,ZMB,2017,0.578
Zambia,ZMB,2018,0.582
Zambia,ZMB,2019,0.584
Zimbabwe,ZWE,2010,0.482
Zimbabwe,ZWE,2011,0.499
Zimbabwe,ZWE,2012,0.525
Zimbabwe,ZWE,2013,0.537
Zimbabwe,ZWE,2014,0.547
Zimbabwe,ZWE,2015,0.553
Zimbabwe,ZWE,2016,0.558
Zimbabwe,ZWE,2017,0.563
Zimbabwe,ZWE,2018,0.569
Zimbabwe,ZWE,2019,0.571
Marshall Islands,MHL,2017,0.699
Marshall Islands,MHL,2018,0.702
Marshall Islands,MHL,2019,0.704
