year,country_code,country_name
2010,AFG,Afghanistan
2011,AFG,Afghanistan
2012,AFG,Afghanistan
2013,AFG,Afghanistan
2014,AFG,Afghanistan
2015,AFG,Afghanistan
2016,AFG,Afghanistan
2017,AFG,Afghanistan
2018,AFG,Afghanistan
2019,AFG,Afghanistan
2020,AFG,Afghanistan
2010,AGO,Angola
2011,AGO,Angola
2012,AGO,Angola
2013,AGO,Angola
2014,AGO,Angola
2015,AGO,Angola
2016,AGO,Angola
2017,AGO,Angola
2018,AGO,Angola
2019,AGO,Angola
2020,AGO,Angola
2010,ALB,Albania
2011,ALB,Albania
2012,ALB,Albania
2013,ALB,Albania
2014,ALB,Albania
2015,ALB,Albania
2016,ALB,Albania
2017,ALB,Albania
2018,ALB,Albania
2019,ALB,Albania
2020,ALB,Albania
2010,AND,Andorra
2011,AND,Andorra
2012,AND,Andorra
2013,AND,Andorra
2014,AND,Andorra
2015,AND,Andorra
2016,AND,Andorra
2017,AND,Andorra
2018,AND,Andorra
2019,AND,Andorra
2020,AND,Andorra
2010,ARE,United Arab Emirates
2011,ARE,United Arab Emirates
2012,ARE,United Arab Emirates
2013,ARE,United Arab Emirates
2014,ARE,United Arab Emirates
2015,ARE,United Arab Emirates
2016,ARE,United Arab Emirates
2017,ARE,United Arab Emirates
2018,ARE,United Arab Emirates
2019,ARE,United Arab Emirates
2020,ARE,United Arab Emirates
2010,ARG,Argentina
2011,ARG,Argentina
2012,ARG,Argentina
2013,ARG,Argentina
2014,ARG,Argentina
2015,ARG,Argentina
2016,ARG,Argentina
2017,ARG,Argentina
2018,ARG,Argentina
2019,ARG,Argentina
2020,ARG,Argentina
2010,ARM,Armenia
2011,ARM,Armenia
2012,ARM,Armenia
2013,ARM,Armenia
2014,ARM,Armenia
2015,ARM,Armenia
2016,ARM,Armenia
2017,ARM,Armenia
2018,ARM,Armenia
2019,ARM,Armenia
2020,ARM,Armenia
2010,ATG,Antigua and Barbuda
2011,ATG,Antigua and Barbuda
2012,ATG,Antigua and Barbuda
2013,ATG,Antigua and Barbuda
2014,ATG,Antigua and Barbuda
2015,ATG,Antigua and Barbuda
2016,ATG,Antigua and Barbuda
2017,ATG,Antigua and Barbuda
2018,ATG,Antigua and Barbuda
2019,ATG,Antigua and Barbuda
2020,ATG,Antigua and Barbuda
2010,AUS,Australia
2011,AUS,Australia
2012,AUS,Australia
2013,AUS,Australia
2014,AUS,Australia
2015,AUS,Australia
2016,AUS,Australia
2017,AUS,Australia
2018,AUS,Australia
2019,AUS,Australia
2020,AUS,Australia
2010,AUT,Austria
2011,AUT,Austria
2012,AUT,Austria
2013,AUT,Austria
2014,AUT,Austria
2015,AUT,Austria
2016,AUT,Austria
2017,AUT,Austria
2018,AUT,Austria
2019,AUT,Austria
2020,AUT,Austria
2010,AZE,Azerbaijan
2011,AZE,Azerbaijan
2012,AZE,Azerbaijan
2013,AZE,Azerbaijan
2014,AZE,Azerbaijan
2015,AZE,Azerbaijan
2016,AZE,Azerbaijan
2017,AZE,Azerbaijan
2018,AZE,Azerbaijan
2019,AZE,Azerbaijan
2020,AZE,Azerbaijan
2010,BDI,Burundi
2011,BDI,Burundi
2012,BDI,Burundi
2013,BDI,Burundi
2014,BDI,Burundi
2015,BDI,Burundi
2016,BDI,Burundi
2017,BDI,Burundi
2018,BDI,Burundi
2019,BDI,Burundi
2020,BDI,Burundi
2010,BEL,Belgium
2011,BEL,Belgium
2012,BEL,Belgium
2013,BEL,Belgium
2014,BEL,Belgium
2015,BEL,Belgium
2016,BEL,Belgium
2017,BEL,Belgium
2018,BEL,Belgium
2019,BEL,Belgium
2020,BEL,Belgium
2010,BEN,Benin
2011,BEN,Benin
2012,BEN,Benin
2013,BEN,Benin
2014,BEN,Benin
2015,BEN,Benin
2016,BEN,Benin
2017,BEN,Benin
2018,BEN,Benin
2019,BEN,Benin
2020,BEN,Benin
2010,BFA,Burkina Faso
2011,BFA,Burkina Faso
2012,BFA,Burkina Faso
2013,BFA,Burkina Faso
2014,BFA,Burkina Faso
2015,BFA,Burkina Faso
2016,BFA,Burkina Faso
2017,BFA,Burkina Faso
2018,BFA,Burkina Faso
2019,BFA,Burkina Faso
2020,BFA,Burkina Faso
2010,BGD,Bangladesh
2011,BGD,Bangladesh
2012,BGD,Bangladesh
2013,BGD,Bangladesh
2014,BGD,Bangladesh
2015,BGD,Bangladesh
2016,BGD,Bangladesh
2017,BGD,Bangladesh
2018,BGD,Bangladesh
2019,BGD,Bangladesh
2020,BGD,Bangladesh
2010,BGR,Bulgaria
2011,BGR,Bulgaria
2012,BGR,Bulgaria
2013,BGR,Bulgaria
2014,BGR,Bulgaria
2015,BGR,Bulgaria
2016,BGR,Bulgaria
2017,BGR,Bulgaria
2018,BGR,Bulgaria
2019,BGR,Bulgaria
2020,BGR,Bulgaria
2010,BHR,Bahrain
2011,BHR,Bahrain
2012,BHR,Bahrain
2013,BHR,Bahrain
2014,BHR,Bahrain
2015,BHR,Bahrain
2016,BHR,Bahrain
2017,BHR,Bahrain
2018,BHR,Bahrain
2019,BHR,Bahrain
2020,BHR,Bahrain
2010,BHS,Bahamas
2011,BHS,Bahamas
2012,BHS,Bahamas
2013,BHS,Bahamas
2014,BHS,Bahamas
2015,BHS,Bahamas
2016,BHS,Bahamas
2017,BHS,Bahamas
2018,BHS,Bahamas
2019,BHS,Bahamas
2020,BHS,Bahamas
2010,BIH,Bosnia and Herzegovina
2011,BIH,Bosnia and Herzegovina
2012,BIH,Bosnia and Herzegovina
2013,BIH,Bosnia and Herzegovina
2014,BIH,Bosnia and Herzegovina
2015,BIH,Bosnia and Herzegovina
2016,BIH,Bosnia and Herzegovina
2017,BIH,Bosnia and Herzegovina
2018,BIH,Bosnia and Herzegovina
2019,BIH,Bosnia and Herzegovina
2020,BIH,Bosnia and Herzegovina
2010,BLR,Belarus
2011,BLR,Belarus
2012,BLR,Belarus
2013,BLR,Belarus
2014,BLR,Belarus
2015,BLR,Belarus
2016,BLR,Belarus
2017,BLR,Belarus
2018,BLR,Belarus
2019,BLR,Belarus
2020,BLR,Belarus
2010,BLZ,Belize
2011,BLZ,Belize
2012,BLZ,Belize
2013,BLZ,Belize
2014,BLZ,Belize
2015,BLZ,Belize
2016,BLZ,Belize
2017,BLZ,Belize
2018,BLZ,Belize
2019,BLZ,Belize
2020,BLZ,Belize
2010,BOL,Bolivia (Plurinational State of)
2011,BOL,Bolivia (Plurinational State of)
2012,BOL,Bolivia (Plurinational State of)
2013,BOL,Bolivia (Plurinational State of)
2014,BOL,Bolivia (Plurinational State of)
2015,BOL,Bolivia (Plurinational State of)
2016,BOL,Bolivia (Plurinational State of)
2017,BOL,Bolivia (Plurinational State of)
2018,BOL,Bolivia (Plurinational State of)
2019,BOL,Bolivia (Plurinational State of)
2020,BOL,Bolivia (Plurinational State of)
2010,BRA,Brazil
2011,BRA,Brazil
2012,BRA,Brazil
2013,BRA,Brazil
2014,BRA,Brazil
2015,BRA,Brazil
2016,BRA,Brazil
2017,BRA,Brazil
2018,BRA,Brazil
2019,BRA,Brazil
2020,BRA,Brazil
2010,BRB,Barbados
2011,BRB,Barbados
2012,BRB,Barbados
2013,BRB,Barbados
2014,BRB,Barbados
2015,BRB,Barbados
2016,BRB,Barbados
2017,BRB,Barbados
2018,BRB,Barbados
2019,BRB,Barbados
2020,BRB,Barbados
2010,BRN,Brunei Darussalam
2011,BRN,Brunei Darussalam
2012,BRN,Brunei Darussalam
2013,BRN,Brunei Darussalam
2014,BRN,Brunei Darussalam
2015,BRN,Brunei Darussalam
2016,BRN,Brunei Darussalam
2017,BRN,Brunei Darussalam
2018,BRN,Brunei Darussalam
2019,BRN,Brunei Darussalam
2020,BRN,Brunei Darussalam
2010,BTN,Bhutan
2011,BTN,Bhutan
2012,BTN,Bhutan
2013,BTN,Bhutan
2014,BTN,Bhutan
2015,BTN,Bhutan
2016,BTN,Bhutan
2017,BTN,Bhutan
2018,BTN,Bhutan
2019,BTN,Bhutan
2020,BTN,Bhutan
2010,BWA,Botswana
2011,BWA,Botswana
2012,BWA,Botswana
2013,BWA,Botswana
2014,BWA,Botswana
2015,BWA,Botswana
2016,BWA,Botswana
2017,BWA,Botswana
2018,BWA,Botswana
2019,BWA,Botswana
2020,BWA,Botswana
2010,CAF,Central African Republic
2011,CAF,Central African Republic
2012,CAF,Central African Republic
2013,CAF,Central African Republic
2014,CAF,Central African Republic
2015,CAF,Central African Republic
2016,CAF,Central African Republic
2017,CAF,Central African Republic
2018,CAF,Central African Republic
2019,CAF,Central African Republic
2020,CAF,Central African Republic
2010,CAN,Canada
2011,CAN,Canada
2012,CAN,Canada
2013,CAN,Canada
2014,CAN,Canada
2015,CAN,Canada
2016,CAN,Canada
2017,CAN,Canada
2018,CAN,Canada
2019,CAN,Canada
2020,CAN,Canada
2010,CHE,Switzerland
2011,CHE,Switzerland
2012,CHE,Switzerland
2013,CHE,Switzerland
2014,CHE,Switzerland
2015,CHE,Switzerland
2016,CHE,Switzerland
2017,CHE,Switzerland
2018,CHE,Switzerland
2019,CHE,Switzerland
2020,CHE,Switzerland
2010,CHL,Chile
2011,CHL,Chile
2012,CHL,Chile
2013,CHL,Chile
2014,CHL,Chile
2015,CHL,Chile
2016,CHL,Chile
2017,CHL,Chile
2018,CHL,Chile
2019,CHL,Chile
2020,CHL,Chile
2010,CHN,China
2011,CHN,China
2012,CHN,China
2013,CHN,China
2014,CHN,China
2015,CHN,China
2016,CHN,China
2017,CHN,China
2018,CHN,China
2019,CHN,China
2020,CHN,China
2010,CIV,Cote d'Ivoire
2011,CIV,Cote d'Ivoire
2012,CIV,Cote d'Ivoire
2013,CIV,Cote d'Ivoire
2014,CIV,Cote d'Ivoire
2015,CIV,Cote d'Ivoire
2016,CIV,Cote d'Ivoire
2017,CIV,Cote d'Ivoire
2018,CIV,Cote d'Ivoire
2019,CIV,Cote d'Ivoire
2020,CIV,Cote d'Ivoire
2010,CMR,Cameroon
2011,CMR,Cameroon
2012,CMR,Cameroon
2013,CMR,Cameroon
2014,CMR,Cameroon
2015,CMR,Cameroon
2016,CMR,Cameroon
2017,CMR,Cameroon
2018,CMR,Cameroon
2019,CMR,Cameroon
2020,CMR,Cameroon
2010,COD,Congo (Democratic Republic of the)
2011,COD,Congo (Democratic Republic of the)
2012,COD,Congo (Democratic Republic of the)
2013,COD,Congo (Democratic Republic of the)
2014,COD,Congo (Democratic Republic of the)
2015,COD,Congo (Democratic Republic of the)
2016,COD,Congo (Democratic Republic of the)
2017,COD,Congo (Democratic Republic of the)
2018,COD,Congo (Democratic Republic of the)
2019,COD,Congo (Democratic Republic of the)
2020,COD,Congo (Democratic Republic of the)
2010,COG,Congo
2011,COG,Congo
2012,COG,Congo
2013,COG,Congo
2014,COG,Congo
2015,COG,Congo
2016,COG,Congo
2017,COG,Congo
2018,COG,Congo
2019,COG,Congo
2020,COG,Congo
2010,COL,Colombia
2011,COL,Colombia
2012,COL,Colombia
2013,COL,Colombia
2014,COL,Colombia
2015,COL,Colombia
2016,COL,Colombia
2017,COL,Colombia
2018,COL,Colombia
2019,COL,Colombia
2020,COL,Colombia
2010,COM,Comoros
2011,COM,Comoros
2012,COM,Comoros
2013,COM,Comoros
2014,COM,Comoros
2015,COM,Comoros
2016,COM,Comoros
2017,COM,Comoros
2018,COM,Comoros
2019,COM,Comoros
2020,COM,Comoros
2010,CPV,Cabo Verde
2011,CPV,Cabo Verde
2012,CPV,Cabo Verde
2013,CPV,Cabo Verde
2014,CPV,Cabo Verde
2015,CPV,Cabo Verde
2016,CPV,Cabo Verde
2017,CPV,Cabo Verde
2018,CPV,Cabo Verde
2019,CPV,Cabo Verde
2020,CPV,Cabo Verde
2010,CRI,Costa Rica
2011,CRI,Costa Rica
2012,CRI,Costa Rica
2013,CRI,Costa Rica
2014,CRI,Costa Rica
2015,CRI,Costa Rica
2016,CRI,Costa Rica
2017,CRI,Costa Rica
2018,CRI,Costa Rica
2019,CRI,Costa Rica
2020,CRI,Costa Rica
2010,CUB,Cuba
2011,CUB,Cuba
2012,CUB,Cuba
2013,CUB,Cuba
2014,CUB,Cuba
2015,CUB,Cuba
2016,CUB,Cuba
2017,CUB,Cuba
2018,CUB,Cuba
2019,CUB,Cuba
2020,CUB,Cuba
2010,CYP,Cyprus
2011,CYP,Cyprus
2012,CYP,Cyprus
2013,CYP,Cyprus
2014,CYP,Cyprus
2015,CYP,Cyprus
2016,CYP,Cyprus
2017,CYP,Cyprus
2018,CYP,Cyprus
2019,CYP,Cyprus
2020,CYP,Cyprus
2010,CZE,Czechia
2011,CZE,Czechia
2012,CZE,Czechia
2013,CZE,Czechia
2014,CZE,Czechia
2015,CZE,Czechia
2016,CZE,Czechia
2017,CZE,Czechia
2018,CZE,Czechia
2019,CZE,Czechia
2020,CZE,Czechia
2010,DEU,Germany
2011,DEU,Germany
2012,DEU,Germany
2013,DEU,Germany
2014,DEU,Germany
2015,DEU,Germany
2016,DEU,Germany
2017,DEU,Germany
2018,DEU,Germany
2019,DEU,Germany
2020,DEU,Germany
2010,DJI,Djibouti
2011,DJI,Djibouti
2012,DJI,Djibouti
2013,DJI,Djibouti
2014,DJI,Djibouti
2015,DJI,Djibouti
2016,DJI,Djibouti
2017,DJI,Djibouti
2018,DJI,Djibouti
2019,DJI,Djibouti
2020,DJI,Djibouti
2010,DMA,Dominica
2011,DMA,Dominica
2012,DMA,Dominica
2013,DMA,Dominica
2014,DMA,Dominica
2015,DMA,Dominica
2016,DMA,Dominica
2017,DMA,Dominica
2018,DMA,Dominica
2019,DMA,Dominica
2020,DMA,Dominica
2010,DNK,Denmark
2011,DNK,Denmark
2012,DNK,Denmark
2013,DNK,Denmark
2014,DNK,Denmark
2015,DNK,Denmark
2016,DNK,Denmark
2017,DNK,Denmark
2018,DNK,Denmark
2019,DNK,Denmark
2020,DNK,Denmark
2010,DOM,Dominican Republic
2011,DOM,Dominican Republic
2012,DOM,Dominican Republic
2013,DOM,Dominican Republic
2014,DOM,Dominican Republic
2015,DOM,Dominican Republic
2016,DOM,Dominican Republic
2017,DOM,Dominican Republic
2018,DOM,Dominican Republic
2019,DOM,Dominican Republic
2020,DOM,Dominican Republic
2010,DZA,Algeria
2011,DZA,Algeria
2012,DZA,Algeria
2013,DZA,Algeria
2014,DZA,Algeria
2015,DZA,Algeria
2016,DZA,Algeria
2017,DZA,Algeria
2018,DZA,Algeria
2019,DZA,Algeria
2020,DZA,Algeria
2010,ECU,Ecuador
2011,ECU,Ecuador
2012,ECU,Ecuador
2013,ECU,Ecuador
2014,ECU,Ecuador
2015,ECU,Ecuador
2016,ECU,Ecuador
2017,ECU,Ecuador
2018,ECU,Ecuador
2019,ECU,Ecuador
2020,ECU,Ecuador
2010,EGY,Egypt
2011,EGY,Egypt
2012,EGY,Egypt
2013,EGY,Egypt
2014,EGY,Egypt
2015,EGY,Egypt
2016,EGY,Egypt
2017,EGY,Egypt
2018,EGY,Egypt
2019,EGY,Egypt
2020,EGY,Egypt
2010,ERI,Eritrea
2011,ERI,Eritrea
2012,ERI,Eritrea
2013,ERI,Eritrea
2014,ERI,Eritrea
2015,ERI,Eritrea
2016,ERI,Eritrea
2017,ERI,Eritrea
2018,ERI,Eritrea
2019,ERI,Eritrea
2020,ERI,Eritrea
2010,ESP,Spain
2011,ESP,Spain
2012,ESP,Spain
2013,ESP,Spain
2014,ESP,Spain
2015,ESP,Spain
2016,ESP,Spain
2017,ESP,Spain
2018,ESP,Spain
2019,ESP,Spain
2020,ESP,Spain
2010,EST,Estonia
2011,EST,Estonia
2012,EST,Estonia
2013,EST,Estonia
2014,EST,Estonia
2015,EST,Estonia
2016,EST,Estonia
2017,EST,Estonia
2018,EST,Estonia
2019,EST,Estonia
2020,EST,Estonia
2010,ETH,Ethiopia
2011,ETH,Ethiopia
2012,ETH,Ethiopia
2013,ETH,Ethiopia
2014,ETH,Ethiopia
2015,ETH,Ethiopia
2016,ETH,Ethiopia
2017,ETH,Ethiopia
2018,ETH,Ethiopia
2019,ETH,Ethiopia
2020,ETH,Ethiopia
2010,FIN,Finland
2011,FIN,Finland
2012,FIN,Finland
2013,FIN,Finland
2014,FIN,Finland
2015,FIN,Finland
2016,FIN,Finland
2017,FIN,Finland
2018,FIN,Finland
2019,FIN,Finland
2020,FIN,Finland
2010,FJI,Fiji
2011,FJI,Fiji
2012,FJI,Fiji
2013,FJI,Fiji
2014,FJI,Fiji
2015,FJI,Fiji
2016,FJI,Fiji
2017,FJI,Fiji
2018,FJI,Fiji
2019,FJI,Fiji
2020,FJI,Fiji
2010,FRA,France
2011,FRA,France
2012,FRA,France
2013,FRA,France
2014,FRA,France
2015,FRA,France
2016,FRA,France
2017,FRA,France
2018,FRA,France
2019,FRA,France
2020,FRA,France
2010,FSM,Micronesia (Federated States of)
2011,FSM,Micronesia (Federated States of)
2012,FSM,Micronesia (Federated States of)
2013,FSM,Micronesia (Federated States of)
2014,FSM,Micronesia (Federated States of)
2015,FSM,Micronesia (Federated States of)
2016,FSM,Micronesia (Federated States of)
2017,FSM,Micronesia (Federated States of)
2018,FSM,Micronesia (Federated States of)
2019,FSM,Micronesia (Federated States of)
2020,FSM,Micronesia (Federated States of)
2010,GAB,Gabon
2011,GAB,Gabon
2012,GAB,Gabon
2013,GAB,Gabon
2014,GAB,Gabon
2015,GAB,Gabon
2016,GAB,Gabon
2017,GAB,Gabon
2018,GAB,Gabon
2019,GAB,Gabon
2020,GAB,Gabon
2010,GBR,United Kingdom
2011,GBR,United Kingdom
2012,GBR,United Kingdom
2013,GBR,United Kingdom
2014,GBR,United Kingdom
2015,GBR,United Kingdom
2016,GBR,United Kingdom
2017,GBR,United Kingdom
2018,GBR,United Kingdom
2019,GBR,United Kingdom
2020,GBR,United Kingdom
2010,GEO,Georgia
2011,GEO,Georgia
2012,GEO,Georgia
2013,GEO,Georgia
2014,GEO,Georgia
2015,GEO,Georgia
2016,GEO,Georgia
2017,GEO,Georgia
2018,GEO,Georgia
2019,GEO,Georgia
2020,GEO,Georgia
2010,GHA,Ghana
2011,GHA,Ghana
2012,GHA,Ghana
2013,GHA,Ghana
2014,GHA,Ghana
2015,GHA,Ghana
2016,GHA,Ghana
2017,GHA,Ghana
2018,GHA,Ghana
2019,GHA,Ghana
2020,GHA,Ghana
2010,GIN,Guinea
2011,GIN,Guinea
2012,GIN,Guinea
2013,GIN,Guinea
2014,GIN,Guinea
2015,GIN,Guinea
2016,GIN,Guinea
2017,GIN,Guinea
2018,GIN,Guinea
2019,GIN,Guinea
2020,GIN,Guinea
2010,GMB,Gambia
2011,GMB,Gambia
2012,GMB,Gambia
2013,GMB,Gambia
2014,GMB,Gambia
2015,GMB,Gambia
2016,GMB,Gambia
2017,GMB,Gambia
2018,GMB,Gambia
2019,GMB,Gambia
2020,GMB,Gambia
2010,GNB,Guinea-Bissau
2011,GNB,Guinea-Bissau
2012,GNB,Guinea-Bissau
2013,GNB,Guinea-Bissau
2014,GNB,Guinea-Bissau
2015,GNB,Guinea-Bissau
2016,GNB,Guinea-Bissau
2017,GNB,Guinea-Bissau
2018,GNB,Guinea-Bissau
2019,GNB,Guinea-Bissau
2020,GNB,Guinea-Bissau
2010,GNQ,Equatorial Guinea
2011,GNQ,Equatorial Guinea
2012,GNQ,Equatorial Guinea
2013,GNQ,Equatorial Guinea
2014,GNQ,Equatorial Guinea
2015,GNQ,Equatorial Guinea
2016,GNQ,Equatorial Guinea
2017,GNQ,Equatorial Guinea
2018,GNQ,Equatorial Guinea
2019,GNQ,Equatorial Guinea
2020,GNQ,Equatorial Guinea
2010,GRC,Greece
2011,GRC,Greece
2012,GRC,Greece
2013,GRC,Greece
2014,GRC,Greece
2015,GRC,Greece
2016,GRC,Greece
2017,GRC,Greece
2018,GRC,Greece
2019,GRC,Greece
2020,GRC,Greece
2010,GRD,Grenada
2011,GRD,Grenada
2012,GRD,Grenada
2013,GRD,Grenada
2014,GRD,Grenada
2015,GRD,Grenada
2016,GRD,Grenada
2017,GRD,Grenada
2018,GRD,Grenada
2019,GRD,Grenada
2020,GRD,Grenada
2010,GTM,Guatemala
2011,GTM,Guatemala
2012,GTM,Guatemala
2013,GTM,Guatemala
2014,GTM,Guatemala
2015,GTM,Guatemala
2016,GTM,Guatemala
2017,GTM,Guatemala
2018,GTM,Guatemala
2019,GTM,Guatemala
2020,GTM,Guatemala
2010,GUY,Guyana
2011,GUY,Guyana
2012,GUY,Guyana
2013,GUY,Guyana
2014,GUY,Guyana
2015,GUY,Guyana
2016,GUY,Guyana
2017,GUY,Guyana
2018,GUY,Guyana
2019,GUY,Guyana
2020,GUY,Guyana
2010,HKG,"Hong Kong, China (SAR)"
2011,HKG,"Hong Kong, China (SAR)"
2012,HKG,"Hong Kong, China (SAR)"
2013,HKG,"Hong Kong, China (SAR)"
2014,HKG,"Hong Kong, China (SAR)"
2015,HKG,"Hong Kong, China (SAR)"
2016,HKG,"Hong Kong, China (SAR)"
2017,HKG,"Hong Kong, China (SAR)"
2018,HKG,"Hong Kong, China (SAR)"
2019,HKG,"Hong Kong, China (SAR)"
2020,HKG,"Hong Kong, China (SAR)"
2010,HND,Honduras
2011,HND,Honduras
2012,HND,Honduras
2013,HND,Honduras
2014,HND,Honduras
2015,HND,Honduras
2016,HND,Honduras
2017,HND,Honduras
2018,HND,Honduras
2019,HND,Honduras
2020,HND,Honduras
2010,HRV,Croatia
2011,HRV,Croatia
2012,HRV,Croatia
2013,HRV,Croatia
2014,HRV,Croatia
2015,HRV,Croatia
2016,HRV,Croatia
2017,HRV,Croatia
2018,HRV,Croatia
2019,HRV,Croatia
2020,HRV,Croatia
2010,HTI,Haiti
2011,HTI,Haiti
2012,HTI,Haiti
2013,HTI,Haiti
2014,HTI,Haiti
2015,HTI,Haiti
2016,HTI,Haiti
2017,HTI,Haiti
2018,HTI,Haiti
2019,HTI,Haiti
2020,HTI,Haiti
2010,HUN,Hungary
2011,HUN,Hungary
2012,HUN,Hungary
2013,HUN,Hungary
2014,HUN,Hungary
2015,HUN,Hungary
2016,HUN,Hungary
2017,HUN,Hungary
2018,HUN,Hungary
2019,HUN,Hungary
2020,HUN,Hungary
2010,IDN,Indonesia
2011,IDN,Indonesia
2012,IDN,Indonesia
2013,IDN,Indonesia
2014,IDN,Indonesia
2015,IDN,Indonesia
2016,IDN,Indonesia
2017,IDN,Indonesia
2018,IDN,Indonesia
2019,IDN,Indonesia
2020,IDN,Indonesia
2010,IND,India
2011,IND,India
2012,IND,India
2013,IND,India
2014,IND,India
2015,IND,India
2016,IND,India
2017,IND,India
2018,IND,India
2019,IND,India
2020,IND,India
2010,IRL,Ireland
2011,IRL,Ireland
2012,IRL,Ireland
2013,IRL,Ireland
2014,IRL,Ireland
2015,IRL,Ireland
2016,IRL,Ireland
2017,IRL,Ireland
2018,IRL,Ireland
2019,IRL,Ireland
2020,IRL,Ireland
2010,IRN,Iran (Islamic Republic of)
2011,IRN,Iran (Islamic Republic of)
2012,IRN,Iran (Islamic Republic of)
2013,IRN,Iran (Islamic Republic of)
2014,IRN,Iran (Islamic Republic of)
2015,IRN,Iran (Islamic Republic of)
2016,IRN,Iran (Islamic Republic of)
2017,IRN,Iran (Islamic Republic of)
2018,IRN,Iran (Islamic Republic of)
2019,IRN,Iran (Islamic Republic of)
2020,IRN,Iran (Islamic Republic of)
2010,IRQ,Iraq
2011,IRQ,Iraq
2012,IRQ,Iraq
2013,IRQ,Iraq
2014,IRQ,Iraq
2015,IRQ,Iraq
2016,IRQ,Iraq
2017,IRQ,Iraq
2018,IRQ,Iraq
2019,IRQ,Iraq
2020,IRQ,Iraq
2010,ISL,Iceland
2011,ISL,Iceland
2012,ISL,Iceland
2013,ISL,Iceland
2014,ISL,Iceland
2015,ISL,Iceland
2016,ISL,Iceland
2017,ISL,Iceland
2018,ISL,Iceland
2019,ISL,Iceland
2020,ISL,Iceland
2010,ISR,Israel
2011,ISR,Israel
2012,ISR,Israel
2013,ISR,Israel
2014,ISR,Israel
2015,ISR,Israel
2016,ISR,Israel
2017,ISR,Israel
2018,ISR,Israel
2019,ISR,Israel
2020,ISR,Israel
2010,ITA,Italy
2011,ITA,Italy
2012,ITA,Italy
2013,ITA,Italy
2014,ITA,Italy
2015,ITA,Italy
2016,ITA,Italy
2017,ITA,Italy
2018,ITA,Italy
2019,ITA,Italy
2020,ITA,Italy
2010,JAM,Jamaica
2011,JAM,Jamaica
2012,JAM,Jamaica
2013,JAM,Jamaica
2014,JAM,Jamaica
2015,JAM,Jamaica
2016,JAM,Jamaica
2017,JAM,Jamaica
2018,JAM,Jamaica
2019,JAM,Jamaica
2020,JAM,Jamaica
2010,JOR,Jordan
2011,JOR,Jordan
2012,JOR,Jordan
2013,JOR,Jordan
2014,JOR,Jordan
2015,JOR,Jordan
2016,JOR,Jordan
2017,JOR,Jordan
2018,JOR,Jordan
2019,JOR,Jordan
2020,JOR,Jordan
2010,JPN,Japan
2011,JPN,Japan
2012,JPN,Japan
2013,JPN,Japan
2014,JPN,Japan
2015,JPN,Japan
2016,JPN,Japan
2017,JPN,Japan
2018,JPN,Japan
2019,JPN,Japan
2020,JPN,Japan
2010,KAZ,Kazakhstan
2011,KAZ,Kazakhstan
2012,KAZ,Kazakhstan
2013,KAZ,Kazakhstan
2014,KAZ,Kazakhstan
2015,KAZ,Kazakhstan
2016,KAZ,Kazakhstan
2017,KAZ,Kazakhstan
2018,KAZ,Kazakhstan
2019,KAZ,Kazakhstan
2020,KAZ,Kazakhstan
2010,KEN,Kenya
2011,KEN,Kenya
2012,KEN,Kenya
2013,KEN,Kenya
2014,KEN,Kenya
2015,KEN,Kenya
2016,KEN,Kenya
2017,KEN,Kenya
2018,KEN,Kenya
2019,KEN,Kenya
2020,KEN,Kenya
2010,KGZ,Kyrgyzstan
2011,KGZ,Kyrgyzstan
2012,KGZ,Kyrgyzstan
2013,KGZ,Kyrgyzstan
2014,KGZ,Kyrgyzstan
2015,KGZ,Kyrgyzstan
2016,KGZ,Kyrgyzstan
2017,KGZ,Kyrgyzstan
2018,KGZ,Kyrgyzstan
2019,KGZ,Kyrgyzstan
2020,KGZ,Kyrgyzstan
2010,KHM,Cambodia
2011,KHM,Cambodia
2012,KHM,Cambodia
2013,KHM,Cambodia
2014,KHM,Cambodia
2015,KHM,Cambodia
2016,KHM,Cambodia
2017,KHM,Cambodia
2018,KHM,Cambodia
2019,KHM,Cambodia
2020,KHM,Cambodia
2010,KIR,Kiribati
2011,KIR,Kiribati
2012,KIR,Kiribati
2013,KIR,Kiribati
2014,KIR,Kiribati
2015,KIR,Kiribati
2016,KIR,Kiribati
2017,KIR,Kiribati
2018,KIR,Kiribati
2019,KIR,Kiribati
2020,KIR,Kiribati
2010,KNA,Saint Kitts and Nevis
2011,KNA,Saint Kitts and Nevis
2012,KNA,Saint Kitts and Nevis
2013,KNA,Saint Kitts and Nevis
2014,KNA,Saint Kitts and Nevis
2015,KNA,Saint Kitts and Nevis
2016,KNA,Saint Kitts and Nevis
2017,KNA,Saint Kitts and Nevis
2018,KNA,Saint Kitts and Nevis
2019,KNA,Saint Kitts and Nevis
2020,KNA,Saint Kitts and Nevis
2010,KOR,Korea (Republic of)
2011,KOR,Korea (Republic of)
2012,KOR,Korea (Republic of)
2013,KOR,Korea (Republic of)
2014,KOR,Korea (Republic of)
2015,KOR,Korea (Republic of)
2016,KOR,Korea (Republic of)
2017,KOR,Korea (Republic of)
2018,KOR,Korea (Republic of)
2019,KOR,Korea (Republic of)
2020,KOR,Korea (Republic of)
2010,KWT,Kuwait
2011,KWT,Kuwait
2012,KWT,Kuwait
2013,KWT,Kuwait
2014,KWT,Kuwait
2015,KWT,Kuwait
2016,KWT,Kuwait
2017,KWT,Kuwait
2018,KWT,Kuwait
2019,KWT,Kuwait
2020,KWT,Kuwait
2010,LAO,Lao People's Democratic Republic
2011,LAO,Lao People's Democratic Republic
2012,LAO,Lao People's Democratic Republic
2013,LAO,Lao People's Democratic Republic
2014,LAO,Lao People's Democratic Republic
2015,LAO,Lao People's Democratic Republic
2016,LAO,Lao People's Democratic Republic
2017,LAO,Lao People's Democratic Republic
2018,LAO,Lao People's Democratic Republic
2019,LAO,Lao People's Democratic Republic
2020,LAO,Lao People's Democratic Republic
2010,LBN,Lebanon
2011,LBN,Lebanon
2012,LBN,Lebanon
2013,LBN,Lebanon
2014,LBN,Lebanon
2015,LBN,Lebanon
2016,LBN,Lebanon
2017,LBN,Lebanon
2018,LBN,Lebanon
2019,LBN,Lebanon
2020,LBN,Lebanon
2010,LBR,Liberia
2011,LBR,Liberia
2012,LBR,Liberia
2013,LBR,Liberia
2014,LBR,Liberia
2015,LBR,Liberia
2016,LBR,Liberia
2017,LBR,Liberia
2018,LBR,Liberia
2019,LBR,Liberia
2020,LBR,Liberia
2010,LBY,Libya
2011,LBY,Libya
2012,LBY,Libya
2013,LBY,Libya
2014,LBY,Libya
2015,LBY,Libya
2016,LBY,Libya
2017,LBY,Libya
2018,LBY,Libya
2019,LBY,Libya
2020,LBY,Libya
2010,LCA,Saint Lucia
2011,LCA,Saint Lucia
2012,LCA,Saint Lucia
2013,LCA,Saint Lucia
2014,LCA,Saint Lucia
2015,LCA,Saint Lucia
2016,LCA,Saint Lucia
2017,LCA,Saint Lucia
2018,LCA,Saint Lucia
2019,LCA,Saint Lucia
2020,LCA,Saint Lucia
2010,LIE,Liechtenstein
2011,LIE,Liechtenstein
2012,LIE,Liechtenstein
2013,LIE,Liechtenstein
2014,LIE,Liechtenstein
2015,LIE,Liechtenstein
2016,LIE,Liechtenstein
2017,LIE,Liechtenstein
2018,LIE,Liechtenstein
2019,LIE,Liechtenstein
2020,LIE,Liechtenstein
2010,LKA,Sri Lanka
2011,LKA,Sri Lanka
2012,LKA,Sri Lanka
2013,LKA,Sri Lanka
2014,LKA,Sri Lanka
2015,LKA,Sri Lanka
2016,LKA,Sri Lanka
2017,LKA,Sri Lanka
2018,LKA,Sri Lanka
2019,LKA,Sri Lanka
2020,LKA,Sri Lanka
2010,LSO,Lesotho
2011,LSO,Lesotho
2012,LSO,Lesotho
2013,LSO,Lesotho
2014,LSO,Lesotho
2015,LSO,Lesotho
2016,LSO,Lesotho
2017,LSO,Lesotho
2018,LSO,Lesotho
2019,LSO,Lesotho
2020,LSO,Lesotho
2010,LTU,Lithuania
2011,LTU,Lithuania
2012,LTU,Lithuania
2013,LTU,Lithuania
2014,LTU,Lithuania
2015,LTU,Lithuania
2016,LTU,Lithuania
2017,LTU,Lithuania
2018,LTU,Lithuania
2019,LTU,Lithuania
2020,LTU,Lithuania
2010,LUX,Luxembourg
2011,LUX,Luxembourg
2012,LUX,Luxembourg
2013,LUX,Luxembourg
2014,LUX,Luxembourg
2015,LUX,Luxembourg
2016,LUX,Luxembourg
2017,LUX,Luxembourg
2018,LUX,Luxembourg
2019,LUX,Luxembourg
2020,LUX,Luxembourg
2010,LVA,Latvia
2011,LVA,Latvia
2012,LVA,Latvia
2013,LVA,Latvia
2014,LVA,Latvia
2015,LVA,Latvia
2016,LVA,Latvia
2017,LVA,Latvia
2018,LVA,Latvia
2019,LVA,Latvia
2020,LVA,Latvia
2010,MAR,Morocco
2011,MAR,Morocco
2012,MAR,Morocco
2013,MAR,Morocco
2014,MAR,Morocco
2015,MAR,Morocco
2016,MAR,Morocco
2017,MAR,Morocco
2018,MAR,Morocco
2019,MAR,Morocco
2020,MAR,Morocco
2010,MCO,Monaco
2011,MCO,Monaco
2012,MCO,Monaco
2013,MCO,Monaco
2014,MCO,Monaco
2015,MCO,Monaco
2016,MCO,Monaco
2017,MCO,Monaco
2018,MCO,Monaco
2019,MCO,Monaco
2020,MCO,Monaco
2010,MDA,Moldova (Republic of)
2011,MDA,Moldova (Republic of)
2012,MDA,Moldova (Republic of)
2013,MDA,Moldova (Republic of)
2014,MDA,Moldova (Republic of)
2015,MDA,Moldova (Republic of)
2016,MDA,Moldova (Republic of)
2017,MDA,Moldova (Republic of)
2018,MDA,Moldova (Republic of)
2019,MDA,Moldova (Republic of)
2020,MDA,Moldova (Republic of)
2010,MDG,Madagascar
2011,MDG,Madagascar
2012,MDG,Madagascar
2013,MDG,Madagascar
2014,MDG,Madagascar
2015,MDG,Madagascar
2016,MDG,Madagascar
2017,MDG,Madagascar
2018,MDG,Madagascar
2019,MDG,Madagascar
2020,MDG,Madagascar
2010,MDV,Maldives
2011,MDV,Maldives
2012,MDV,Maldives
2013,MDV,Maldives
2014,MDV,Maldives
2015,MDV,Maldives
2016,MDV,Maldives
2017,MDV,Maldives
2018,MDV,Maldives
2019,MDV,Maldives
2020,MDV,Maldives
2010,MEX,Mexico
2011,MEX,Mexico
2012,MEX,Mexico
2013,MEX,Mexico
2014,MEX,Mexico
2015,MEX,Mexico
2016,MEX,Mexico
2017,MEX,Mexico
2018,MEX,Mexico
2019,MEX,Mexico
2020,MEX,Mexico
2010,MHL,Marshall Islands
2011,MHL,Marshall Islands
2012,MHL,Marshall Islands
2013,MHL,Marshall Islands
2014,MHL,Marshall Islands
2015,MHL,Marshall Islands
2016,MHL,Marshall Islands
2017,MHL,Marshall Islands
2018,MHL,Marshall Islands
2019,MHL,Marshall Islands
2020,MHL,Marshall Islands
2010,MKD,North Macedonia
2011,MKD,North Macedonia
2012,MKD,North Macedonia
2013,MKD,North Macedonia
2014,MKD,North Macedonia
2015,MKD,North Macedonia
2016,MKD,North Macedonia
2017,MKD,North Macedonia
2018,MKD,North Macedonia
2019,MKD,North Macedonia
2020,MKD,North Macedonia
2010,MLI,Mali
2011,MLI,Mali
2012,MLI,Mali
2013,MLI,Mali
2014,MLI,Mali
2015,MLI,Mali
2016,MLI,Mali
2017,MLI,Mali
2018,MLI,Mali
2019,MLI,Mali
2020,MLI,Mali
2010,MLT,Malta
2011,MLT,Malta
2012,MLT,Malta
2013,MLT,Malta
2014,MLT,Malta
2015,MLT,Malta
2016,MLT,Malta
2017,MLT,Malta
2018,MLT,Malta
2019,MLT,Malta
2020,MLT,Malta
2010,MMR,Myanmar
2011,MMR,Myanmar
2012,MMR,Myanmar
2013,MMR,Myanmar
2014,MMR,Myanmar
2015,MMR,Myanmar
2016,MMR,Myanmar
2017,MMR,Myanmar
2018,MMR,Myanmar
2019,MMR,Myanmar
2020,MMR,Myanmar
2010,MNE,Montenegro
2011,MNE,Montenegro
2012,MNE,Montenegro
2013,MNE,Montenegro
2014,MNE,Montenegro
2015,MNE,Montenegro
2016,MNE,Montenegro
2017,MNE,Montenegro
2018,MNE,Montenegro
2019,MNE,Montenegro
2020,MNE,Montenegro
2010,MNG,Mongolia
2011,MNG,Mongolia
2012,MNG,Mongolia
2013,MNG,Mongolia
2014,MNG,Mongolia
2015,MNG,Mongolia
2016,MNG,Mongolia
2017,MNG,Mongolia
2018,MNG,Mongolia
2019,MNG,Mongolia
2020,MNG,Mongolia
2010,MOZ,Mozambique
2011,MOZ,Mozambique
2012,MOZ,Mozambique
2013,MOZ,Mozambique
2014,MOZ,Mozambique
2015,MOZ,Mozambique
2016,MOZ,Mozambique
2017,MOZ,Mozambique
2018,MOZ,Mozambique
2019,MOZ,Mozambique
2020,MOZ,Mozambique
2010,MRT,Mauritania
2011,MRT,Mauritania
2012,MRT,Mauritania
2013,MRT,Mauritania
2014,MRT,Mauritania
2015,MRT,Mauritania
2016,MRT,Mauritania
2017,MRT,Mauritania
2018,MRT,Mauritania
2019,MRT,Mauritania
2020,MRT,Mauritania
2010,MUS,Mauritius
2011,MUS,Mauritius
2012,MUS,Mauritius
2013,MUS,Mauritius
2014,MUS,Mauritius
2015,MUS,Mauritius
2016,MUS,Mauritius
2017,MUS,Mauritius
2018,MUS,Mauritius
2019,MUS,Mauritius
2020,MUS,Mauritius
2010,MWI,Malawi
2011,MWI,Malawi
2012,MWI,Malawi
2013,MWI,Malawi
2014,MWI,Malawi
2015,MWI,Malawi
2016,MWI,Malawi
2017,MWI,Malawi
2018,MWI,Malawi
2019,MWI,Malawi
2020,MWI,Malawi
2010,MYS,Malaysia
2011,MYS,Malaysia
2012,MYS,Malaysia
2013,MYS,Malaysia
2014,MYS,Malaysia
2015,MYS,Malaysia
2016,MYS,Malaysia
2017,MYS,Malaysia
2018,MYS,Malaysia
2019,MYS,Malaysia
2020,MYS,Malaysia
2010,NAM,Namibia
2011,NAM,Namibia
2012,NAM,Namibia
2013,NAM,Namibia
2014,NAM,Namibia
2015,NAM,Namibia
2016,NAM,Namibia
2017,NAM,Namibia
2018,NAM,Namibia
2019,NAM,Namibia
2020,NAM,Namibia
2010,NER,Niger
2011,NER,Niger
2012,NER,Niger
2013,NER,Niger
2014,NER,Niger
2015,NER,Niger
2016,NER,Niger
2017,NER,Niger
2018,NER,Niger
2019,NER,Niger
2020,NER,Niger
2010,NGA,Nigeria
2011,NGA,Nigeria
2012,NGA,Nigeria
2013,NGA,Nigeria
2014,NGA,Nigeria
2015,NGA,Nigeria
2016,NGA,Nigeria
2017,NGA,Nigeria
2018,NGA,Nigeria
2019,NGA,Nigeria
2020,NGA,Nigeria
2010,NIC,Nicaragua
2011,NIC,Nicaragua
2012,NIC,Nicaragua
2013,NIC,Nicaragua
2014,NIC,Nicaragua
2015,NIC,Nicaragua
2016,NIC,Nicaragua
2017,NIC,Nicaragua
2018,NIC,Nicaragua
2019,NIC,Nicaragua
2020,NIC,Nicaragua
2010,NLD,Netherlands
2011,NLD,Netherlands
2012,NLD,Netherlands
2013,NLD,Netherlands
2014,NLD,Netherlands
2015,NLD,Netherlands
2016,NLD,Netherlands
2017,NLD,Netherlands
2018,NLD,Netherlands
2019,NLD,Netherlands
2020,NLD,Netherlands
2010,NOR,Norway
2011,NOR,Norway
2012,NOR,Norway
2013,NOR,Norway
2014,NOR,Norway
2015,NOR,Norway
2016,NOR,Norway
2017,NOR,Norway
2018,NOR,Norway
2019,NOR,Norway
2020,NOR,Norway
2010,NPL,Nepal
2011,NPL,Nepal
2012,NPL,Nepal
2013,NPL,Nepal
2014,NPL,Nepal
2015,NPL,Nepal
2016,NPL,Nepal
2017,NPL,Nepal
2018,NPL,Nepal
2019,NPL,Nepal
2020,NPL,Nepal
2010,NRU,Nauru
2011,NRU,Nauru
2012,NRU,Nauru
2013,NRU,Nauru
2014,NRU,Nauru
2015,NRU,Nauru
2016,NRU,Nauru
2017,NRU,Nauru
2018,NRU,Nauru
2019,NRU,Nauru
2020,NRU,Nauru
2010,NZL,New Zealand
2011,NZL,New Zealand
2012,NZL,New Zealand
2013,NZL,New Zealand
2014,NZL,New Zealand
2015,NZL,New Zealand
2016,NZL,New Zealand
2017,NZL,New Zealand
2018,NZL,New Zealand
2019,NZL,New Zealand
2020,NZL,New Zealand
2010,OMN,Oman
2011,OMN,Oman
2012,OMN,Oman
2013,OMN,Oman
2014,OMN,Oman
2015,OMN,Oman
2016,OMN,Oman
2017,OMN,Oman
2018,OMN,Oman
2019,OMN,Oman
2020,OMN,Oman
2010,PAK,Pakistan
2011,PAK,Pakistan
2012,PAK,Pakistan
2013,PAK,Pakistan
2014,PAK,Pakistan
2015,PAK,Pakistan
2016,PAK,Pakistan
2017,PAK,Pakistan
2018,PAK,Pakistan
2019,PAK,Pakistan
2020,PAK,Pakistan
2010,PAN,Panama
2011,PAN,Panama
2012,PAN,Panama
2013,PAN,Panama
2014,PAN,Panama
2015,PAN,Panama
2016,PAN,Panama
2017,PAN,Panama
2018,PAN,Panama
2019,PAN,Panama
2020,PAN,Panama
2010,PER,Peru
2011,PER,Peru
2012,PER,Peru
2013,PER,Peru
2014,PER,Peru
2015,PER,Peru
2016,PER,Peru
2017,PER,Peru
2018,PER,Peru
2019,PER,Peru
2020,PER,Peru
2010,PHL,Philippines
2011,PHL,Philippines
2012,PHL,Philippines
2013,PHL,Philippines
2014,PHL,Philippines
2015,PHL,Philippines
2016,PHL,Philippines
2017,PHL,Philippines
2018,PHL,Philippines
2019,PHL,Philippines
2020,PHL,Philippines
2010,PLW,Palau
2011,PLW,Palau
2012,PLW,Palau
2013,PLW,Palau
2014,PLW,Palau
2015,PLW,Palau
2016,PLW,Palau
2017,PLW,Palau
2018,PLW,Palau
2019,PLW,Palau
2020,PLW,Palau
2010,PNG,Papua New Guinea
2011,PNG,Papua New Guinea
2012,PNG,Papua New Guinea
2013,PNG,Papua New Guinea
2014,PNG,Papua New Guinea
2015,PNG,Papua New Guinea
2016,PNG,Papua New Guinea
2017,PNG,Papua New Guinea
2018,PNG,Papua New Guinea
2019,PNG,Papua New Guinea
2020,PNG,Papua New Guinea
2010,POL,Poland
2011,POL,Poland
2012,POL,Poland
2013,POL,Poland
2014,POL,Poland
2015,POL,Poland
2016,POL,Poland
2017,POL,Poland
2018,POL,Poland
2019,POL,Poland
2020,POL,Poland
2010,PRK,Korea (Democratic People's Rep. of)
2011,PRK,Korea (Democratic People's Rep. of)
2012,PRK,Korea (Democratic People's Rep. of)
2013,PRK,Korea (Democratic People's Rep. of)
2014,PRK,Korea (Democratic People's Rep. of)
2015,PRK,Korea (Democratic People's Rep. of)
2016,PRK,Korea (Democratic People's Rep. of)
2017,PRK,Korea (Democratic People's Rep. of)
2018,PRK,Korea (Democratic People's Rep. of)
2019,PRK,Korea (Democratic People's Rep. of)
2020,PRK,Korea (Democratic People's Rep. of)
2010,PRT,Portugal
2011,PRT,Portugal
2012,PRT,Portugal
2013,PRT,Portugal
2014,PRT,Portugal
2015,PRT,Portugal
2016,PRT,Portugal
2017,PRT,Portugal
2018,PRT,Portugal
2019,PRT,Portugal
2020,PRT,Portugal
2010,PRY,Paraguay
2011,PRY,Paraguay
2012,PRY,Paraguay
2013,PRY,Paraguay
2014,PRY,Paraguay
2015,PRY,Paraguay
2016,PRY,Paraguay
2017,PRY,Paraguay
2018,PRY,Paraguay
2019,PRY,Paraguay
2020,PRY,Paraguay
2010,PSE,"Palestine, State of"
2011,PSE,"Palestine, State of"
2012,PSE,"Palestine, State of"
2013,PSE,"Palestine, State of"
2014,PSE,"Palestine, State of"
2015,PSE,"Palestine, State of"
2016,PSE,"Palestine, State of"
2017,PSE,"Palestine, State of"
2018,PSE,"Palestine, State of"
2019,PSE,"Palestine, State of"
2020,PSE,"Palestine, State of"
2010,QAT,Qatar
2011,QAT,Qatar
2012,QAT,Qatar
2013,QAT,Qatar
2014,QAT,Qatar
2015,QAT,Qatar
2016,QAT,Qatar
2017,QAT,Qatar
2018,QAT,Qatar
2019,QAT,Qatar
2020,QAT,Qatar
2010,ROU,Romania
2011,ROU,Romania
2012,ROU,Romania
2013,ROU,Romania
2014,ROU,Romania
2015,ROU,Romania
2016,ROU,Romania
2017,ROU,Romania
2018,ROU,Romania
2019,ROU,Romania
2020,ROU,Romania
2010,RUS,Russian Federation
2011,RUS,Russian Federation
2012,RUS,Russian Federation
2013,RUS,Russian Federation
2014,RUS,Russian Federation
2015,RUS,Russian Federation
2016,RUS,Russian Federation
2017,RUS,Russian Federation
2018,RUS,Russian Federation
2019,RUS,Russian Federation
2020,RUS,Russian Federation
2010,RWA,Rwanda
2011,RWA,Rwanda
2012,RWA,Rwanda
2013,RWA,Rwanda
2014,RWA,Rwanda
2015,RWA,Rwanda
2016,RWA,Rwanda
2017,RWA,Rwanda
2018,RWA,Rwanda
2019,RWA,Rwanda
2020,RWA,Rwanda
2010,SAU,Saudi Arabia
2011,SAU,Saudi Arabia
2012,SAU,Saudi Arabia
2013,SAU,Saudi Arabia
2014,SAU,Saudi Arabia
2015,SAU,Saudi Arabia
2016,SAU,Saudi Arabia
2017,SAU,Saudi Arabia
2018,SAU,Saudi Arabia
2019,SAU,Saudi Arabia
2020,SAU,Saudi Arabia
2010,SDN,Sudan
2011,SDN,Sudan
2012,SDN,Sudan
2013,SDN,Sudan
2014,SDN,Sudan
2015,SDN,Sudan
2016,SDN,Sudan
2017,SDN,Sudan
2018,SDN,Sudan
2019,SDN,Sudan
2020,SDN,Sudan
2010,SEN,Senegal
2011,SEN,Senegal
2012,SEN,Senegal
2013,SEN,Senegal
2014,SEN,Senegal
2015,SEN,Senegal
2016,SEN,Senegal
2017,SEN,Senegal
2018,SEN,Senegal
2019,SEN,Senegal
2020,SEN,Senegal
2010,SGP,Singapore
2011,SGP,Singapore
2012,SGP,Singapore
2013,SGP,Singapore
2014,SGP,Singapore
2015,SGP,Singapore
2016,SGP,Singapore
2017,SGP,Singapore
2018,SGP,Singapore
2019,SGP,Singapore
2020,SGP,Singapore
2010,SLB,Solomon Islands
2011,SLB,Solomon Islands
2012,SLB,Solomon Islands
2013,SLB,Solomon Islands
2014,SLB,Solomon Islands
2015,SLB,Solomon Islands
2016,SLB,Solomon Islands
2017,SLB,Solomon Islands
2018,SLB,Solomon Islands
2019,SLB,Solomon Islands
2020,SLB,Solomon Islands
2010,SLE,Sierra Leone
2011,SLE,Sierra Leone
2012,SLE,Sierra Leone
2013,SLE,Sierra Leone
2014,SLE,Sierra Leone
2015,SLE,Sierra Leone
2016,SLE,Sierra Leone
2017,SLE,Sierra Leone
2018,SLE,Sierra Leone
2019,SLE,Sierra Leone
2020,SLE,Sierra Leone
2010,SLV,El Salvador
2011,SLV,El Salvador
2012,SLV,El Salvador
2013,SLV,El Salvador
2014,SLV,El Salvador
2015,SLV,El Salvador
2016,SLV,El Salvador
2017,SLV,El Salvador
2018,SLV,El Salvador
2019,SLV,El Salvador
2020,SLV,El Salvador
2010,SMR,San Marino
2011,SMR,San Marino
2012,SMR,San Marino
2013,SMR,San Marino
2014,SMR,San Marino
2015,SMR,San Marino
2016,SMR,San Marino
2017,SMR,San Marino
2018,SMR,San Marino
2019,SMR,San Marino
2020,SMR,San Marino
2010,SOM,Somalia
2011,SOM,Somalia
2012,SOM,Somalia
2013,SOM,Somalia
2014,SOM,Somalia
2015,SOM,Somalia
2016,SOM,Somalia
2017,SOM,Somalia
2018,SOM,Somalia
2019,SOM,Somalia
2020,SOM,Somalia
2010,SRB,Serbia
2011,SRB,Serbia
2012,SRB,Serbia
2013,SRB,Serbia
2014,SRB,Serbia
2015,SRB,Serbia
2016,SRB,Serbia
2017,SRB,Serbia
2018,SRB,Serbia
2019,SRB,Serbia
2020,SRB,Serbia
2010,SSD,South Sudan
2011,SSD,South Sudan
2012,SSD,South Sudan
2013,SSD,South Sudan
2014,SSD,South Sudan
2015,SSD,South Sudan
2016,SSD,South Sudan
2017,SSD,South Sudan
2018,SSD,South Sudan
2019,SSD,South Sudan
2020,SSD,South Sudan
2010,STP,Sao Tome and Principe
2011,STP,Sao Tome and Principe
2012,STP,Sao Tome and Principe
2013,STP,Sao Tome and Principe
2014,STP,Sao Tome and Principe
2015,STP,Sao Tome and Principe
2016,STP,Sao Tome and Principe
2017,STP,Sao Tome and Principe
2018,STP,Sao Tome and Principe
2019,STP,Sao Tome and Principe
2020,STP,Sao Tome and Principe
2010,SUR,Suriname
2011,SUR,Suriname
2012,SUR,Suriname
2013,SUR,Suriname
2014,SUR,Suriname
2015,SUR,Suriname
2016,SUR,Suriname
2017,SUR,Suriname
2018,SUR,Suriname
2019,SUR,Suriname
2020,SUR,Suriname
2010,SVK,Slovakia
2011,SVK,Slovakia
2012,SVK,Slovakia
2013,SVK,Slovakia
2014,SVK,Slovakia
2015,SVK,Slovakia
2016,SVK,Slovakia
2017,SVK,Slovakia
2018,SVK,Slovakia
2019,SVK,Slovakia
2020,SVK,Slovakia
2010,SVN,Slovenia
2011,SVN,Slovenia
2012,SVN,Slovenia
2013,SVN,Slovenia
2014,SVN,Slovenia
2015,SVN,Slovenia
2016,SVN,Slovenia
2017,SVN,Slovenia
2018,SVN,Slovenia
2019,SVN,Slovenia
2020,SVN,Slovenia
2010,SWE,Sweden
2011,SWE,Sweden
2012,SWE,Sweden
2013,SWE,Sweden
2014,SWE,Sweden
2015,SWE,Sweden
2016,SWE,Sweden
2017,SWE,Sweden
2018,SWE,Sweden
2019,SWE,Sweden
2020,SWE,Sweden
2010,SWZ,Eswatini (Kingdom of)
2011,SWZ,Eswatini (Kingdom of)
2012,SWZ,Eswatini (Kingdom of)
2013,SWZ,Eswatini (Kingdom of)
2014,SWZ,Eswatini (Kingdom of)
2015,SWZ,Eswatini (Kingdom of)
2016,SWZ,Eswatini (Kingdom of)
2017,SWZ,Eswatini (Kingdom of)
2018,SWZ,Eswatini (Kingdom of)
2019,SWZ,Eswatini (Kingdom of)
2020,SWZ,Eswatini (Kingdom of)
2010,SYC,Seychelles
2011,SYC,Seychelles
2012,SYC,Seychelles
2013,SYC,Seychelles
2014,SYC,Seychelles
2015,SYC,Seychelles
2016,SYC,Seychelles
2017,SYC,Seychelles
2018,SYC,Seychelles
2019,SYC,Seychelles
2020,SYC,Seychelles
2010,SYR,Syrian Arab Republic
2011,SYR,Syrian Arab Republic
2012,SYR,Syrian Arab Republic
2013,SYR,Syrian Arab Republic
2014,SYR,Syrian Arab Republic
2015,SYR,Syrian Arab Republic
2016,SYR,Syrian Arab Republic
2017,SYR,Syrian Arab Republic
2018,SYR,Syrian Arab Republic
2019,SYR,Syrian Arab Republic
2020,SYR,Syrian Arab Republic
2010,TCD,Chad
2011,TCD,Chad
2012,TCD,Chad
2013,TCD,Chad
2014,TCD,Chad
2015,TCD,Chad
2016,TCD,Chad
2017,TCD,Chad
2018,TCD,Chad
2019,TCD,Chad
2020,TCD,Chad
2010,TGO,Togo
2011,TGO,Togo
2012,TGO,Togo
2013,TGO,Togo
2014,TGO,Togo
2015,TGO,Togo
2016,TGO,Togo
2017,TGO,Togo
2018,TGO,Togo
2019,TGO,Togo
2020,TGO,Togo
2010,THA,Thailand
2011,THA,Thailand
2012,THA,Thailand
2013,THA,Thailand
2014,THA,Thailand
2015,THA,Thailand
2016,THA,Thailand
2017,THA,Thailand
2018,THA,Thailand
2019,THA,Thailand
2020,THA,Thailand
2010,TJK,Tajikistan
2011,TJK,Tajikistan
2012,TJK,Tajikistan
2013,TJK,Tajikistan
2014,TJK,Tajikistan
2015,TJK,Tajikistan
2016,TJK,Tajikistan
2017,TJK,Tajikistan
2018,TJK,Tajikistan
2019,TJK,Tajikistan
2020,TJK,Tajikistan
2010,TKM,Turkmenistan
2011,TKM,Turkmenistan
2012,TKM,Turkmenistan
2013,TKM,Turkmenistan
2014,TKM,Turkmenistan
2015,TKM,Turkmenistan
2016,TKM,Turkmenistan
2017,TKM,Turkmenistan
2018,TKM,Turkmenistan
2019,TKM,Turkmenistan
2020,TKM,Turkmenistan
2010,TLS,Timor-Leste
2011,TLS,Timor-Leste
2012,TLS,Timor-Leste
2013,TLS,Timor-Leste
2014,TLS,Timor-Leste
2015,TLS,Timor-Leste
2016,TLS,Timor-Leste
2017,TLS,Timor-Leste
2018,TLS,Timor-Leste
2019,TLS,Timor-Leste
2020,TLS,Timor-Leste
2010,TON,Tonga
2011,TON,Tonga
2012,TON,Tonga
2013,TON,Tonga
2014,TON,Tonga
2015,TON,Tonga
2016,TON,Tonga
2017,TON,Tonga
2018,TON,Tonga
2019,TON,Tonga
2020,TON,Tonga
2010,TTO,Trinidad and Tobago
2011,TTO,Trinidad and Tobago
2012,TTO,Trinidad and Tobago
2013,TTO,Trinidad and Tobago
2014,TTO,Trinidad and Tobago
2015,TTO,Trinidad and Tobago
2016,TTO,Trinidad and Tobago
2017,TTO,Trinidad and Tobago
2018,TTO,Trinidad and Tobago
2019,TTO,Trinidad and Tobago
2020,TTO,Trinidad and Tobago
2010,TUN,Tunisia
2011,TUN,Tunisia
2012,TUN,Tunisia
2013,TUN,Tunisia
2014,TUN,Tunisia
2015,TUN,Tunisia
2016,TUN,Tunisia
2017,TUN,Tunisia
2018,TUN,Tunisia
2019,TUN,Tunisia
2020,TUN,Tunisia
2010,TUR,Turkey
2011,TUR,Turkey
2012,TUR,Turkey
2013,TUR,Turkey
2014,TUR,Turkey
2015,TUR,Turkey
2016,TUR,Turkey
2017,TUR,Turkey
2018,TUR,Turkey
2019,TUR,Turkey
2020,TUR,Turkey
2010,TUV,Tuvalu
2011,TUV,Tuvalu
2012,TUV,Tuvalu
2013,TUV,Tuvalu
2014,TUV,Tuvalu
2015,TUV,Tuvalu
2016,TUV,Tuvalu
2017,TUV,Tuvalu
2018,TUV,Tuvalu
2019,TUV,Tuvalu
2020,TUV,Tuvalu
2010,TZA,Tanzania (United Republic of)
2011,TZA,Tanzania (United Republic of)
2012,TZA,Tanzania (United Republic of)
2013,TZA,Tanzania (United Republic of)
2014,TZA,Tanzania (United Republic of)
2015,TZA,Tanzania (United Republic of)
2016,TZA,Tanzania (United Republic of)
2017,TZA,Tanzania (United Republic of)
2018,TZA,Tanzania (United Republic of)
2019,TZA,Tanzania (United Republic of)
2020,TZA,Tanzania (United Republic of)
2010,UGA,Uganda
2011,UGA,Uganda
2012,UGA,Uganda
2013,UGA,Uganda
2014,UGA,Uganda
2015,UGA,Uganda
2016,UGA,Uganda
2017,UGA,Uganda
2018,UGA,Uganda
2019,UGA,Uganda
2020,UGA,Uganda
2010,UKR,Ukraine
2011,UKR,Ukraine
2012,UKR,Ukraine
2013,UKR,Ukraine
2014,UKR,Ukraine
2015,UKR,Ukraine
2016,UKR,Ukraine
2017,UKR,Ukraine
2018,UKR,Ukraine
2019,UKR,Ukraine
2020,UKR,Ukraine
2010,URY,Uruguay
2011,URY,Uruguay
2012,URY,Uruguay
2013,URY,Uruguay
2014,URY,Uruguay
2015,URY,Uruguay
2016,URY,Uruguay
2017,URY,Uruguay
2018,URY,Uruguay
2019,URY,Uruguay
2020,URY,Uruguay
2010,USA,United States
2011,USA,United States
2012,USA,United States
2013,USA,United States
2014,USA,United States
2015,USA,United States
2016,USA,United States
2017,USA,United States
2018,USA,United States
2019,USA,United States
2020,USA,United States
2010,UZB,Uzbekistan
2011,UZB,Uzbekistan
2012,UZB,Uzbekistan
2013,UZB,Uzbekistan
2014,UZB,Uzbekistan
2015,UZB,Uzbekistan
2016,UZB,Uzbekistan
2017,UZB,Uzbekistan
2018,UZB,Uzbekistan
2019,UZB,Uzbekistan
2020,UZB,Uzbekistan
2010,VCT,Saint Vincent and the Grenadines
2011,VCT,Saint Vincent and the Grenadines
2012,VCT,Saint Vincent and the Grenadines
2013,VCT,Saint Vincent and the Grenadines
2014,VCT,Saint Vincent and the Grenadines
2015,VCT,Saint Vincent and the Grenadines
2016,VCT,Saint Vincent and the Grenadines
2017,VCT,Saint Vincent and the Grenadines
2018,VCT,Saint Vincent and the Grenadines
2019,VCT,Saint Vincent and the Grenadines
2020,VCT,Saint Vincent and the Grenadines
2010,VEN,Venezuela (Bolivarian Republic of)
2011,VEN,Venezuela (Bolivarian Republic of)
2012,VEN,Venezuela (Bolivarian Republic of)
2013,VEN,Venezuela (Bolivarian Republic of)
2014,VEN,Venezuela (Bolivarian Republic of)
2015,VEN,Venezuela (Bolivarian Republic of)
2016,VEN,Venezuela (Bolivarian Republic of)
2017,VEN,Venezuela (Bolivarian Republic of)
2018,VEN,Venezuela (Bolivarian Republic of)
2019,VEN,Venezuela (Bolivarian Republic of)
2020,VEN,Venezuela (Bolivarian Republic of)
2010,VNM,Viet Nam
2011,VNM,Viet Nam
2012,VNM,Viet Nam
2013,VNM,Viet Nam
2014,VNM,Viet Nam
2015,VNM,Viet Nam
2016,VNM,Viet Nam
2017,VNM,Viet Nam
2018,VNM,Viet Nam
2019,VNM,Viet Nam
2020,VNM,Viet Nam
2010,VUT,Vanuatu
2011,VUT,Vanuatu
2012,VUT,Vanuatu
2013,VUT,Vanuatu
2014,VUT,Vanuatu
2015,VUT,Vanuatu
2016,VUT,Vanuatu
2017,VUT,Vanuatu
2018,VUT,Vanuatu
2019,VUT,Vanuatu
2020,VUT,Vanuatu
2010,WSM,Samoa
2011,WSM,Samoa
2012,WSM,Samoa
2013,WSM,Samoa
2014,WSM,Samoa
2015,WSM,Samoa
2016,WSM,Samoa
2017,WSM,Samoa
2018,WSM,Samoa
2019,WSM,Samoa
2020,WSM,Samoa
2010,YEM,Yemen
2011,YEM,Yemen
2012,YEM,Yemen
2013,YEM,Yemen
2014,YEM,Yemen
2015,YEM,Yemen
2016,YEM,Yemen
2017,YEM,Yemen
2018,YEM,Yemen
2019,YEM,Yemen
2020,YEM,Yemen
2010,ZAF,South Africa
2011,ZAF,South Africa
2012,ZAF,South Africa
2013,ZAF,South Africa
2014,ZAF,South Africa
2015,ZAF,South Africa
2016,ZAF,South Africa
2017,ZAF,South Africa
2018,ZAF,South Africa
2019,ZAF,South Africa
2020,ZAF,South Africa
2010,ZMB,Zambia
2011,ZMB,Zambia
2012,ZMB,Zambia
2013,ZMB,Zambia
2014,ZMB,Zambia
2015,ZMB,Zambia
2016,ZMB,Zambia
2017,ZMB,Zambia
2018,ZMB,Zambia
2019,ZMB,Zambia
2020,ZMB,Zambia
2010,ZWE,Zimbabwe
2011,ZWE,Zimbabwe
2012,ZWE,Zimbabwe
2013,ZWE,Zimbabwe
2014,ZWE,Zimbabwe
2015,ZWE,Zimbabwe
2016,ZWE,Zimbabwe
2017,ZWE,Zimbabwe
2018,ZWE,Zimbabwe
2019,ZWE,Zimbabwe
2020,ZWE,Zimbabwe
